question,choice,view,segment,year,value
好きなお酒(複数回答),ビール・発泡酒・その他のビール系飲料,全体,全体,1992,
好きなお酒(複数回答),ビール・発泡酒・その他のビール系飲料,全体,全体,1994,
好きなお酒(複数回答),ビール・発泡酒・その他のビール系飲料,全体,全体,1996,
好きなお酒(複数回答),ビール・発泡酒・その他のビール系飲料,全体,全体,1998,
好きなお酒(複数回答),ビール・発泡酒・その他のビール系飲料,全体,全体,2000,
好きなお酒(複数回答),ビール・発泡酒・その他のビール系飲料,全体,全体,2002,
好きなお酒(複数回答),ビール・発泡酒・その他のビール系飲料,全体,全体,2004,
好きなお酒(複数回答),ビール・発泡酒・その他のビール系飲料,全体,全体,2006,
好きなお酒(複数回答),ビール・発泡酒・その他のビール系飲料,全体,全体,2008,
好きなお酒(複数回答),ビール・発泡酒・その他のビール系飲料,全体,全体,2010,
好きなお酒(複数回答),ビール・発泡酒・その他のビール系飲料,全体,全体,2012,
好きなお酒(複数回答),ビール・発泡酒・その他のビール系飲料,全体,全体,2014,
好きなお酒(複数回答),ビール・発泡酒・その他のビール系飲料,全体,全体,2016,76.7
好きなお酒(複数回答),ビール・発泡酒・その他のビール系飲料,全体,全体,2018,74.6
好きなお酒(複数回答),ビール・発泡酒・その他のビール系飲料,全体,全体,2020,73.9
好きなお酒(複数回答),ビール・発泡酒・その他のビール系飲料,全体,全体,2022,72.9
好きなお酒(複数回答),ビール・発泡酒・その他のビール系飲料,全体,全体,2024,71.6
好きなお酒(複数回答),ビール・発泡酒・その他のビール系飲料,男女別,男性,1992,
好きなお酒(複数回答),ビール・発泡酒・その他のビール系飲料,男女別,男性,1994,
好きなお酒(複数回答),ビール・発泡酒・その他のビール系飲料,男女別,男性,1996,
好きなお酒(複数回答),ビール・発泡酒・その他のビール系飲料,男女別,男性,1998,
好きなお酒(複数回答),ビール・発泡酒・その他のビール系飲料,男女別,男性,2000,
好きなお酒(複数回答),ビール・発泡酒・その他のビール系飲料,男女別,男性,2002,
好きなお酒(複数回答),ビール・発泡酒・その他のビール系飲料,男女別,男性,2004,
好きなお酒(複数回答),ビール・発泡酒・その他のビール系飲料,男女別,男性,2006,
好きなお酒(複数回答),ビール・発泡酒・その他のビール系飲料,男女別,男性,2008,
好きなお酒(複数回答),ビール・発泡酒・その他のビール系飲料,男女別,男性,2010,
好きなお酒(複数回答),ビール・発泡酒・その他のビール系飲料,男女別,男性,2012,
好きなお酒(複数回答),ビール・発泡酒・その他のビール系飲料,男女別,男性,2014,
好きなお酒(複数回答),ビール・発泡酒・その他のビール系飲料,男女別,男性,2016,85.3
好きなお酒(複数回答),ビール・発泡酒・その他のビール系飲料,男女別,男性,2018,80.8
好きなお酒(複数回答),ビール・発泡酒・その他のビール系飲料,男女別,男性,2020,83.4
好きなお酒(複数回答),ビール・発泡酒・その他のビール系飲料,男女別,男性,2022,81.9
好きなお酒(複数回答),ビール・発泡酒・その他のビール系飲料,男女別,男性,2024,78.8
好きなお酒(複数回答),ビール・発泡酒・その他のビール系飲料,男女別,女性,1992,
好きなお酒(複数回答),ビール・発泡酒・その他のビール系飲料,男女別,女性,1994,
好きなお酒(複数回答),ビール・発泡酒・その他のビール系飲料,男女別,女性,1996,
好きなお酒(複数回答),ビール・発泡酒・その他のビール系飲料,男女別,女性,1998,
好きなお酒(複数回答),ビール・発泡酒・その他のビール系飲料,男女別,女性,2000,
好きなお酒(複数回答),ビール・発泡酒・その他のビール系飲料,男女別,女性,2002,
好きなお酒(複数回答),ビール・発泡酒・その他のビール系飲料,男女別,女性,2004,
好きなお酒(複数回答),ビール・発泡酒・その他のビール系飲料,男女別,女性,2006,
好きなお酒(複数回答),ビール・発泡酒・その他のビール系飲料,男女別,女性,2008,
好きなお酒(複数回答),ビール・発泡酒・その他のビール系飲料,男女別,女性,2010,
好きなお酒(複数回答),ビール・発泡酒・その他のビール系飲料,男女別,女性,2012,
好きなお酒(複数回答),ビール・発泡酒・その他のビール系飲料,男女別,女性,2014,
好きなお酒(複数回答),ビール・発泡酒・その他のビール系飲料,男女別,女性,2016,65.1
好きなお酒(複数回答),ビール・発泡酒・その他のビール系飲料,男女別,女性,2018,66.7
好きなお酒(複数回答),ビール・発泡酒・その他のビール系飲料,男女別,女性,2020,62.2
好きなお酒(複数回答),ビール・発泡酒・その他のビール系飲料,男女別,女性,2022,61.5
好きなお酒(複数回答),ビール・発泡酒・その他のビール系飲料,男女別,女性,2024,62.4
好きなお酒(複数回答),ビール・発泡酒・その他のビール系飲料,年代別,20代,1992,
好きなお酒(複数回答),ビール・発泡酒・その他のビール系飲料,年代別,20代,1994,
好きなお酒(複数回答),ビール・発泡酒・その他のビール系飲料,年代別,20代,1996,
好きなお酒(複数回答),ビール・発泡酒・その他のビール系飲料,年代別,20代,1998,
好きなお酒(複数回答),ビール・発泡酒・その他のビール系飲料,年代別,20代,2000,
好きなお酒(複数回答),ビール・発泡酒・その他のビール系飲料,年代別,20代,2002,
好きなお酒(複数回答),ビール・発泡酒・その他のビール系飲料,年代別,20代,2004,
好きなお酒(複数回答),ビール・発泡酒・その他のビール系飲料,年代別,20代,2006,
好きなお酒(複数回答),ビール・発泡酒・その他のビール系飲料,年代別,20代,2008,
好きなお酒(複数回答),ビール・発泡酒・その他のビール系飲料,年代別,20代,2010,
好きなお酒(複数回答),ビール・発泡酒・その他のビール系飲料,年代別,20代,2012,
好きなお酒(複数回答),ビール・発泡酒・その他のビール系飲料,年代別,20代,2014,
好きなお酒(複数回答),ビール・発泡酒・その他のビール系飲料,年代別,20代,2016,59.4
好きなお酒(複数回答),ビール・発泡酒・その他のビール系飲料,年代別,20代,2018,55.7
好きなお酒(複数回答),ビール・発泡酒・その他のビール系飲料,年代別,20代,2020,49.5
好きなお酒(複数回答),ビール・発泡酒・その他のビール系飲料,年代別,20代,2022,49.9
好きなお酒(複数回答),ビール・発泡酒・その他のビール系飲料,年代別,20代,2024,50.9
好きなお酒(複数回答),ビール・発泡酒・その他のビール系飲料,年代別,30代,1992,
好きなお酒(複数回答),ビール・発泡酒・その他のビール系飲料,年代別,30代,1994,
好きなお酒(複数回答),ビール・発泡酒・その他のビール系飲料,年代別,30代,1996,
好きなお酒(複数回答),ビール・発泡酒・その他のビール系飲料,年代別,30代,1998,
好きなお酒(複数回答),ビール・発泡酒・その他のビール系飲料,年代別,30代,2000,
好きなお酒(複数回答),ビール・発泡酒・その他のビール系飲料,年代別,30代,2002,
好きなお酒(複数回答),ビール・発泡酒・その他のビール系飲料,年代別,30代,2004,
好きなお酒(複数回答),ビール・発泡酒・その他のビール系飲料,年代別,30代,2006,
好きなお酒(複数回答),ビール・発泡酒・その他のビール系飲料,年代別,30代,2008,
好きなお酒(複数回答),ビール・発泡酒・その他のビール系飲料,年代別,30代,2010,
好きなお酒(複数回答),ビール・発泡酒・その他のビール系飲料,年代別,30代,2012,
好きなお酒(複数回答),ビール・発泡酒・その他のビール系飲料,年代別,30代,2014,
好きなお酒(複数回答),ビール・発泡酒・その他のビール系飲料,年代別,30代,2016,76.3
好きなお酒(複数回答),ビール・発泡酒・その他のビール系飲料,年代別,30代,2018,73.7
好きなお酒(複数回答),ビール・発泡酒・その他のビール系飲料,年代別,30代,2020,67.4
好きなお酒(複数回答),ビール・発泡酒・その他のビール系飲料,年代別,30代,2022,70.6
好きなお酒(複数回答),ビール・発泡酒・その他のビール系飲料,年代別,30代,2024,65.2
好きなお酒(複数回答),ビール・発泡酒・その他のビール系飲料,年代別,40代,1992,
好きなお酒(複数回答),ビール・発泡酒・その他のビール系飲料,年代別,40代,1994,
好きなお酒(複数回答),ビール・発泡酒・その他のビール系飲料,年代別,40代,1996,
好きなお酒(複数回答),ビール・発泡酒・その他のビール系飲料,年代別,40代,1998,
好きなお酒(複数回答),ビール・発泡酒・その他のビール系飲料,年代別,40代,2000,
好きなお酒(複数回答),ビール・発泡酒・その他のビール系飲料,年代別,40代,2002,
好きなお酒(複数回答),ビール・発泡酒・その他のビール系飲料,年代別,40代,2004,
好きなお酒(複数回答),ビール・発泡酒・その他のビール系飲料,年代別,40代,2006,
好きなお酒(複数回答),ビール・発泡酒・その他のビール系飲料,年代別,40代,2008,
好きなお酒(複数回答),ビール・発泡酒・その他のビール系飲料,年代別,40代,2010,
好きなお酒(複数回答),ビール・発泡酒・その他のビール系飲料,年代別,40代,2012,
好きなお酒(複数回答),ビール・発泡酒・その他のビール系飲料,年代別,40代,2014,
好きなお酒(複数回答),ビール・発泡酒・その他のビール系飲料,年代別,40代,2016,80.1
好きなお酒(複数回答),ビール・発泡酒・その他のビール系飲料,年代別,40代,2018,75.6
好きなお酒(複数回答),ビール・発泡酒・その他のビール系飲料,年代別,40代,2020,78.9
好きなお酒(複数回答),ビール・発泡酒・その他のビール系飲料,年代別,40代,2022,78.3
好きなお酒(複数回答),ビール・発泡酒・その他のビール系飲料,年代別,40代,2024,74.3
好きなお酒(複数回答),ビール・発泡酒・その他のビール系飲料,年代別,50代,1992,
好きなお酒(複数回答),ビール・発泡酒・その他のビール系飲料,年代別,50代,1994,
好きなお酒(複数回答),ビール・発泡酒・その他のビール系飲料,年代別,50代,1996,
好きなお酒(複数回答),ビール・発泡酒・その他のビール系飲料,年代別,50代,1998,
好きなお酒(複数回答),ビール・発泡酒・その他のビール系飲料,年代別,50代,2000,
好きなお酒(複数回答),ビール・発泡酒・その他のビール系飲料,年代別,50代,2002,
好きなお酒(複数回答),ビール・発泡酒・その他のビール系飲料,年代別,50代,2004,
好きなお酒(複数回答),ビール・発泡酒・その他のビール系飲料,年代別,50代,2006,
好きなお酒(複数回答),ビール・発泡酒・その他のビール系飲料,年代別,50代,2008,
好きなお酒(複数回答),ビール・発泡酒・その他のビール系飲料,年代別,50代,2010,
好きなお酒(複数回答),ビール・発泡酒・その他のビール系飲料,年代別,50代,2012,
好きなお酒(複数回答),ビール・発泡酒・その他のビール系飲料,年代別,50代,2014,
好きなお酒(複数回答),ビール・発泡酒・その他のビール系飲料,年代別,50代,2016,83.5
好きなお酒(複数回答),ビール・発泡酒・その他のビール系飲料,年代別,50代,2018,82.2
好きなお酒(複数回答),ビール・発泡酒・その他のビール系飲料,年代別,50代,2020,82.8
好きなお酒(複数回答),ビール・発泡酒・その他のビール系飲料,年代別,50代,2022,81.5
好きなお酒(複数回答),ビール・発泡酒・その他のビール系飲料,年代別,50代,2024,83.2
好きなお酒(複数回答),ビール・発泡酒・その他のビール系飲料,年代別,60代,1992,
好きなお酒(複数回答),ビール・発泡酒・その他のビール系飲料,年代別,60代,1994,
好きなお酒(複数回答),ビール・発泡酒・その他のビール系飲料,年代別,60代,1996,
好きなお酒(複数回答),ビール・発泡酒・その他のビール系飲料,年代別,60代,1998,
好きなお酒(複数回答),ビール・発泡酒・その他のビール系飲料,年代別,60代,2000,
好きなお酒(複数回答),ビール・発泡酒・その他のビール系飲料,年代別,60代,2002,
好きなお酒(複数回答),ビール・発泡酒・その他のビール系飲料,年代別,60代,2004,
好きなお酒(複数回答),ビール・発泡酒・その他のビール系飲料,年代別,60代,2006,
好きなお酒(複数回答),ビール・発泡酒・その他のビール系飲料,年代別,60代,2008,
好きなお酒(複数回答),ビール・発泡酒・その他のビール系飲料,年代別,60代,2010,
好きなお酒(複数回答),ビール・発泡酒・その他のビール系飲料,年代別,60代,2012,
好きなお酒(複数回答),ビール・発泡酒・その他のビール系飲料,年代別,60代,2014,
好きなお酒(複数回答),ビール・発泡酒・その他のビール系飲料,年代別,60代,2016,80.3
好きなお酒(複数回答),ビール・発泡酒・その他のビール系飲料,年代別,60代,2018,83.6
好きなお酒(複数回答),ビール・発泡酒・その他のビール系飲料,年代別,60代,2020,85.0
好きなお酒(複数回答),ビール・発泡酒・その他のビール系飲料,年代別,60代,2022,78.0
好きなお酒(複数回答),ビール・発泡酒・その他のビール系飲料,年代別,60代,2024,78.2
好きなお酒(複数回答),ビール・発泡酒・その他のビール系飲料,年代別(男性),男性20代,1992,
好きなお酒(複数回答),ビール・発泡酒・その他のビール系飲料,年代別(男性),男性20代,1994,
好きなお酒(複数回答),ビール・発泡酒・その他のビール系飲料,年代別(男性),男性20代,1996,
好きなお酒(複数回答),ビール・発泡酒・その他のビール系飲料,年代別(男性),男性20代,1998,
好きなお酒(複数回答),ビール・発泡酒・その他のビール系飲料,年代別(男性),男性20代,2000,
好きなお酒(複数回答),ビール・発泡酒・その他のビール系飲料,年代別(男性),男性20代,2002,
好きなお酒(複数回答),ビール・発泡酒・その他のビール系飲料,年代別(男性),男性20代,2004,
好きなお酒(複数回答),ビール・発泡酒・その他のビール系飲料,年代別(男性),男性20代,2006,
好きなお酒(複数回答),ビール・発泡酒・その他のビール系飲料,年代別(男性),男性20代,2008,
好きなお酒(複数回答),ビール・発泡酒・その他のビール系飲料,年代別(男性),男性20代,2010,
好きなお酒(複数回答),ビール・発泡酒・その他のビール系飲料,年代別(男性),男性20代,2012,
好きなお酒(複数回答),ビール・発泡酒・その他のビール系飲料,年代別(男性),男性20代,2014,
好きなお酒(複数回答),ビール・発泡酒・その他のビール系飲料,年代別(男性),男性20代,2016,74.7
好きなお酒(複数回答),ビール・発泡酒・その他のビール系飲料,年代別(男性),男性20代,2018,64.1
好きなお酒(複数回答),ビール・発泡酒・その他のビール系飲料,年代別(男性),男性20代,2020,61.3
好きなお酒(複数回答),ビール・発泡酒・その他のビール系飲料,年代別(男性),男性20代,2022,62.4
好きなお酒(複数回答),ビール・発泡酒・その他のビール系飲料,年代別(男性),男性20代,2024,58.4
好きなお酒(複数回答),ビール・発泡酒・その他のビール系飲料,年代別(男性),男性30代,1992,
好きなお酒(複数回答),ビール・発泡酒・その他のビール系飲料,年代別(男性),男性30代,1994,
好きなお酒(複数回答),ビール・発泡酒・その他のビール系飲料,年代別(男性),男性30代,1996,
好きなお酒(複数回答),ビール・発泡酒・その他のビール系飲料,年代別(男性),男性30代,1998,
好きなお酒(複数回答),ビール・発泡酒・その他のビール系飲料,年代別(男性),男性30代,2000,
好きなお酒(複数回答),ビール・発泡酒・その他のビール系飲料,年代別(男性),男性30代,2002,
好きなお酒(複数回答),ビール・発泡酒・その他のビール系飲料,年代別(男性),男性30代,2004,
好きなお酒(複数回答),ビール・発泡酒・その他のビール系飲料,年代別(男性),男性30代,2006,
好きなお酒(複数回答),ビール・発泡酒・その他のビール系飲料,年代別(男性),男性30代,2008,
好きなお酒(複数回答),ビール・発泡酒・その他のビール系飲料,年代別(男性),男性30代,2010,
好きなお酒(複数回答),ビール・発泡酒・その他のビール系飲料,年代別(男性),男性30代,2012,
好きなお酒(複数回答),ビール・発泡酒・その他のビール系飲料,年代別(男性),男性30代,2014,
好きなお酒(複数回答),ビール・発泡酒・その他のビール系飲料,年代別(男性),男性30代,2016,84.9
好きなお酒(複数回答),ビール・発泡酒・その他のビール系飲料,年代別(男性),男性30代,2018,80.7
好きなお酒(複数回答),ビール・発泡酒・その他のビール系飲料,年代別(男性),男性30代,2020,80.6
好きなお酒(複数回答),ビール・発泡酒・その他のビール系飲料,年代別(男性),男性30代,2022,79.5
好きなお酒(複数回答),ビール・発泡酒・その他のビール系飲料,年代別(男性),男性30代,2024,75.8
好きなお酒(複数回答),ビール・発泡酒・その他のビール系飲料,年代別(男性),男性40代,1992,
好きなお酒(複数回答),ビール・発泡酒・その他のビール系飲料,年代別(男性),男性40代,1994,
好きなお酒(複数回答),ビール・発泡酒・その他のビール系飲料,年代別(男性),男性40代,1996,
好きなお酒(複数回答),ビール・発泡酒・その他のビール系飲料,年代別(男性),男性40代,1998,
好きなお酒(複数回答),ビール・発泡酒・その他のビール系飲料,年代別(男性),男性40代,2000,
好きなお酒(複数回答),ビール・発泡酒・その他のビール系飲料,年代別(男性),男性40代,2002,
好きなお酒(複数回答),ビール・発泡酒・その他のビール系飲料,年代別(男性),男性40代,2004,
好きなお酒(複数回答),ビール・発泡酒・その他のビール系飲料,年代別(男性),男性40代,2006,
好きなお酒(複数回答),ビール・発泡酒・その他のビール系飲料,年代別(男性),男性40代,2008,
好きなお酒(複数回答),ビール・発泡酒・その他のビール系飲料,年代別(男性),男性40代,2010,
好きなお酒(複数回答),ビール・発泡酒・その他のビール系飲料,年代別(男性),男性40代,2012,
好きなお酒(複数回答),ビール・発泡酒・その他のビール系飲料,年代別(男性),男性40代,2014,
好きなお酒(複数回答),ビール・発泡酒・その他のビール系飲料,年代別(男性),男性40代,2016,87.2
好きなお酒(複数回答),ビール・発泡酒・その他のビール系飲料,年代別(男性),男性40代,2018,79.7
好きなお酒(複数回答),ビール・発泡酒・その他のビール系飲料,年代別(男性),男性40代,2020,89.4
好きなお酒(複数回答),ビール・発泡酒・その他のビール系飲料,年代別(男性),男性40代,2022,86.9
好きなお酒(複数回答),ビール・発泡酒・その他のビール系飲料,年代別(男性),男性40代,2024,82.6
好きなお酒(複数回答),ビール・発泡酒・その他のビール系飲料,年代別(男性),男性50代,1992,
好きなお酒(複数回答),ビール・発泡酒・その他のビール系飲料,年代別(男性),男性50代,1994,
好きなお酒(複数回答),ビール・発泡酒・その他のビール系飲料,年代別(男性),男性50代,1996,
好きなお酒(複数回答),ビール・発泡酒・その他のビール系飲料,年代別(男性),男性50代,1998,
好きなお酒(複数回答),ビール・発泡酒・その他のビール系飲料,年代別(男性),男性50代,2000,
好きなお酒(複数回答),ビール・発泡酒・その他のビール系飲料,年代別(男性),男性50代,2002,
好きなお酒(複数回答),ビール・発泡酒・その他のビール系飲料,年代別(男性),男性50代,2004,
好きなお酒(複数回答),ビール・発泡酒・その他のビール系飲料,年代別(男性),男性50代,2006,
好きなお酒(複数回答),ビール・発泡酒・その他のビール系飲料,年代別(男性),男性50代,2008,
好きなお酒(複数回答),ビール・発泡酒・その他のビール系飲料,年代別(男性),男性50代,2010,
好きなお酒(複数回答),ビール・発泡酒・その他のビール系飲料,年代別(男性),男性50代,2012,
好きなお酒(複数回答),ビール・発泡酒・その他のビール系飲料,年代別(男性),男性50代,2014,
好きなお酒(複数回答),ビール・発泡酒・その他のビール系飲料,年代別(男性),男性50代,2016,90.2
好きなお酒(複数回答),ビール・発泡酒・その他のビール系飲料,年代別(男性),男性50代,2018,89.3
好きなお酒(複数回答),ビール・発泡酒・その他のビール系飲料,年代別(男性),男性50代,2020,91.0
好きなお酒(複数回答),ビール・発泡酒・その他のビール系飲料,年代別(男性),男性50代,2022,90.2
好きなお酒(複数回答),ビール・発泡酒・その他のビール系飲料,年代別(男性),男性50代,2024,88.6
好きなお酒(複数回答),ビール・発泡酒・その他のビール系飲料,年代別(男性),男性60代,1992,
好きなお酒(複数回答),ビール・発泡酒・その他のビール系飲料,年代別(男性),男性60代,1994,
好きなお酒(複数回答),ビール・発泡酒・その他のビール系飲料,年代別(男性),男性60代,1996,
好きなお酒(複数回答),ビール・発泡酒・その他のビール系飲料,年代別(男性),男性60代,1998,
好きなお酒(複数回答),ビール・発泡酒・その他のビール系飲料,年代別(男性),男性60代,2000,
好きなお酒(複数回答),ビール・発泡酒・その他のビール系飲料,年代別(男性),男性60代,2002,
好きなお酒(複数回答),ビール・発泡酒・その他のビール系飲料,年代別(男性),男性60代,2004,
好きなお酒(複数回答),ビール・発泡酒・その他のビール系飲料,年代別(男性),男性60代,2006,
好きなお酒(複数回答),ビール・発泡酒・その他のビール系飲料,年代別(男性),男性60代,2008,
好きなお酒(複数回答),ビール・発泡酒・その他のビール系飲料,年代別(男性),男性60代,2010,
好きなお酒(複数回答),ビール・発泡酒・その他のビール系飲料,年代別(男性),男性60代,2012,
好きなお酒(複数回答),ビール・発泡酒・その他のビール系飲料,年代別(男性),男性60代,2014,
好きなお酒(複数回答),ビール・発泡酒・その他のビール系飲料,年代別(男性),男性60代,2016,86.1
好きなお酒(複数回答),ビール・発泡酒・その他のビール系飲料,年代別(男性),男性60代,2018,87.6
好きなお酒(複数回答),ビール・発泡酒・その他のビール系飲料,年代別(男性),男性60代,2020,88.3
好きなお酒(複数回答),ビール・発泡酒・その他のビール系飲料,年代別(男性),男性60代,2022,82.8
好きなお酒(複数回答),ビール・発泡酒・その他のビール系飲料,年代別(男性),男性60代,2024,82.2
好きなお酒(複数回答),ビール・発泡酒・その他のビール系飲料,年代別(女性),女性20代,1992,
好きなお酒(複数回答),ビール・発泡酒・その他のビール系飲料,年代別(女性),女性20代,1994,
好きなお酒(複数回答),ビール・発泡酒・その他のビール系飲料,年代別(女性),女性20代,1996,
好きなお酒(複数回答),ビール・発泡酒・その他のビール系飲料,年代別(女性),女性20代,1998,
好きなお酒(複数回答),ビール・発泡酒・その他のビール系飲料,年代別(女性),女性20代,2000,
好きなお酒(複数回答),ビール・発泡酒・その他のビール系飲料,年代別(女性),女性20代,2002,
好きなお酒(複数回答),ビール・発泡酒・その他のビール系飲料,年代別(女性),女性20代,2004,
好きなお酒(複数回答),ビール・発泡酒・その他のビール系飲料,年代別(女性),女性20代,2006,
好きなお酒(複数回答),ビール・発泡酒・その他のビール系飲料,年代別(女性),女性20代,2008,
好きなお酒(複数回答),ビール・発泡酒・その他のビール系飲料,年代別(女性),女性20代,2010,
好きなお酒(複数回答),ビール・発泡酒・その他のビール系飲料,年代別(女性),女性20代,2012,
好きなお酒(複数回答),ビール・発泡酒・その他のビール系飲料,年代別(女性),女性20代,2014,
好きなお酒(複数回答),ビール・発泡酒・その他のビール系飲料,年代別(女性),女性20代,2016,42.2
好きなお酒(複数回答),ビール・発泡酒・その他のビール系飲料,年代別(女性),女性20代,2018,45.9
好きなお酒(複数回答),ビール・発泡酒・その他のビール系飲料,年代別(女性),女性20代,2020,35.3
好きなお酒(複数回答),ビール・発泡酒・その他のビール系飲料,年代別(女性),女性20代,2022,36.0
好きなお酒(複数回答),ビール・発泡酒・その他のビール系飲料,年代別(女性),女性20代,2024,41.7
好きなお酒(複数回答),ビール・発泡酒・その他のビール系飲料,年代別(女性),女性30代,1992,
好きなお酒(複数回答),ビール・発泡酒・その他のビール系飲料,年代別(女性),女性30代,1994,
好きなお酒(複数回答),ビール・発泡酒・その他のビール系飲料,年代別(女性),女性30代,1996,
好きなお酒(複数回答),ビール・発泡酒・その他のビール系飲料,年代別(女性),女性30代,1998,
好きなお酒(複数回答),ビール・発泡酒・その他のビール系飲料,年代別(女性),女性30代,2000,
好きなお酒(複数回答),ビール・発泡酒・その他のビール系飲料,年代別(女性),女性30代,2002,
好きなお酒(複数回答),ビール・発泡酒・その他のビール系飲料,年代別(女性),女性30代,2004,
好きなお酒(複数回答),ビール・発泡酒・その他のビール系飲料,年代別(女性),女性30代,2006,
好きなお酒(複数回答),ビール・発泡酒・その他のビール系飲料,年代別(女性),女性30代,2008,
好きなお酒(複数回答),ビール・発泡酒・その他のビール系飲料,年代別(女性),女性30代,2010,
好きなお酒(複数回答),ビール・発泡酒・その他のビール系飲料,年代別(女性),女性30代,2012,
好きなお酒(複数回答),ビール・発泡酒・その他のビール系飲料,年代別(女性),女性30代,2014,
好きなお酒(複数回答),ビール・発泡酒・その他のビール系飲料,年代別(女性),女性30代,2016,64.9
好きなお酒(複数回答),ビール・発泡酒・その他のビール系飲料,年代別(女性),女性30代,2018,64.1
好きなお酒(複数回答),ビール・発泡酒・その他のビール系飲料,年代別(女性),女性30代,2020,50.4
好きなお酒(複数回答),ビール・発泡酒・その他のビール系飲料,年代別(女性),女性30代,2022,59.6
好きなお酒(複数回答),ビール・発泡酒・その他のビール系飲料,年代別(女性),女性30代,2024,52.6
好きなお酒(複数回答),ビール・発泡酒・その他のビール系飲料,年代別(女性),女性40代,1992,
好きなお酒(複数回答),ビール・発泡酒・その他のビール系飲料,年代別(女性),女性40代,1994,
好きなお酒(複数回答),ビール・発泡酒・その他のビール系飲料,年代別(女性),女性40代,1996,
好きなお酒(複数回答),ビール・発泡酒・その他のビール系飲料,年代別(女性),女性40代,1998,
好きなお酒(複数回答),ビール・発泡酒・その他のビール系飲料,年代別(女性),女性40代,2000,
好きなお酒(複数回答),ビール・発泡酒・その他のビール系飲料,年代別(女性),女性40代,2002,
好きなお酒(複数回答),ビール・発泡酒・その他のビール系飲料,年代別(女性),女性40代,2004,
好きなお酒(複数回答),ビール・発泡酒・その他のビール系飲料,年代別(女性),女性40代,2006,
好きなお酒(複数回答),ビール・発泡酒・その他のビール系飲料,年代別(女性),女性40代,2008,
好きなお酒(複数回答),ビール・発泡酒・その他のビール系飲料,年代別(女性),女性40代,2010,
好きなお酒(複数回答),ビール・発泡酒・その他のビール系飲料,年代別(女性),女性40代,2012,
好きなお酒(複数回答),ビール・発泡酒・その他のビール系飲料,年代別(女性),女性40代,2014,
好きなお酒(複数回答),ビール・発泡酒・その他のビール系飲料,年代別(女性),女性40代,2016,71.0
好きなお酒(複数回答),ビール・発泡酒・その他のビール系飲料,年代別(女性),女性40代,2018,70.5
好きなお酒(複数回答),ビール・発泡酒・その他のビール系飲料,年代別(女性),女性40代,2020,66.0
好きなお酒(複数回答),ビール・発泡酒・その他のビール系飲料,年代別(女性),女性40代,2022,67.3
好きなお酒(複数回答),ビール・発泡酒・その他のビール系飲料,年代別(女性),女性40代,2024,63.9
好きなお酒(複数回答),ビール・発泡酒・その他のビール系飲料,年代別(女性),女性50代,1992,
好きなお酒(複数回答),ビール・発泡酒・その他のビール系飲料,年代別(女性),女性50代,1994,
好きなお酒(複数回答),ビール・発泡酒・その他のビール系飲料,年代別(女性),女性50代,1996,
好きなお酒(複数回答),ビール・発泡酒・その他のビール系飲料,年代別(女性),女性50代,1998,
好きなお酒(複数回答),ビール・発泡酒・その他のビール系飲料,年代別(女性),女性50代,2000,
好きなお酒(複数回答),ビール・発泡酒・その他のビール系飲料,年代別(女性),女性50代,2002,
好きなお酒(複数回答),ビール・発泡酒・その他のビール系飲料,年代別(女性),女性50代,2004,
好きなお酒(複数回答),ビール・発泡酒・その他のビール系飲料,年代別(女性),女性50代,2006,
好きなお酒(複数回答),ビール・発泡酒・その他のビール系飲料,年代別(女性),女性50代,2008,
好きなお酒(複数回答),ビール・発泡酒・その他のビール系飲料,年代別(女性),女性50代,2010,
好きなお酒(複数回答),ビール・発泡酒・その他のビール系飲料,年代別(女性),女性50代,2012,
好きなお酒(複数回答),ビール・発泡酒・その他のビール系飲料,年代別(女性),女性50代,2014,
好きなお酒(複数回答),ビール・発泡酒・その他のビール系飲料,年代別(女性),女性50代,2016,73.5
好きなお酒(複数回答),ビール・発泡酒・その他のビール系飲料,年代別(女性),女性50代,2018,72.6
好きなお酒(複数回答),ビール・発泡酒・その他のビール系飲料,年代別(女性),女性50代,2020,72.8
好きなお酒(複数回答),ビール・発泡酒・その他のビール系飲料,年代別(女性),女性50代,2022,70.0
好きなお酒(複数回答),ビール・発泡酒・その他のビール系飲料,年代別(女性),女性50代,2024,76.2
好きなお酒(複数回答),ビール・発泡酒・その他のビール系飲料,年代別(女性),女性60代,1992,
好きなお酒(複数回答),ビール・発泡酒・その他のビール系飲料,年代別(女性),女性60代,1994,
好きなお酒(複数回答),ビール・発泡酒・その他のビール系飲料,年代別(女性),女性60代,1996,
好きなお酒(複数回答),ビール・発泡酒・その他のビール系飲料,年代別(女性),女性60代,1998,
好きなお酒(複数回答),ビール・発泡酒・その他のビール系飲料,年代別(女性),女性60代,2000,
好きなお酒(複数回答),ビール・発泡酒・その他のビール系飲料,年代別(女性),女性60代,2002,
好きなお酒(複数回答),ビール・発泡酒・その他のビール系飲料,年代別(女性),女性60代,2004,
好きなお酒(複数回答),ビール・発泡酒・その他のビール系飲料,年代別(女性),女性60代,2006,
好きなお酒(複数回答),ビール・発泡酒・その他のビール系飲料,年代別(女性),女性60代,2008,
好きなお酒(複数回答),ビール・発泡酒・その他のビール系飲料,年代別(女性),女性60代,2010,
好きなお酒(複数回答),ビール・発泡酒・その他のビール系飲料,年代別(女性),女性60代,2012,
好きなお酒(複数回答),ビール・発泡酒・その他のビール系飲料,年代別(女性),女性60代,2014,
好きなお酒(複数回答),ビール・発泡酒・その他のビール系飲料,年代別(女性),女性60代,2016,71.0
好きなお酒(複数回答),ビール・発泡酒・その他のビール系飲料,年代別(女性),女性60代,2018,78.1
好きなお酒(複数回答),ビール・発泡酒・その他のビール系飲料,年代別(女性),女性60代,2020,80.9
好きなお酒(複数回答),ビール・発泡酒・その他のビール系飲料,年代別(女性),女性60代,2022,71.2
好きなお酒(複数回答),ビール・発泡酒・その他のビール系飲料,年代別(女性),女性60代,2024,72.8
好きなお酒(複数回答),ビール・発泡酒・その他のビール系飲料,地域別,首都圏,1992,
好きなお酒(複数回答),ビール・発泡酒・その他のビール系飲料,地域別,首都圏,1994,
好きなお酒(複数回答),ビール・発泡酒・その他のビール系飲料,地域別,首都圏,1996,
好きなお酒(複数回答),ビール・発泡酒・その他のビール系飲料,地域別,首都圏,1998,
好きなお酒(複数回答),ビール・発泡酒・その他のビール系飲料,地域別,首都圏,2000,
好きなお酒(複数回答),ビール・発泡酒・その他のビール系飲料,地域別,首都圏,2002,
好きなお酒(複数回答),ビール・発泡酒・その他のビール系飲料,地域別,首都圏,2004,
好きなお酒(複数回答),ビール・発泡酒・その他のビール系飲料,地域別,首都圏,2006,
好きなお酒(複数回答),ビール・発泡酒・その他のビール系飲料,地域別,首都圏,2008,
好きなお酒(複数回答),ビール・発泡酒・その他のビール系飲料,地域別,首都圏,2010,
好きなお酒(複数回答),ビール・発泡酒・その他のビール系飲料,地域別,首都圏,2012,
好きなお酒(複数回答),ビール・発泡酒・その他のビール系飲料,地域別,首都圏,2014,
好きなお酒(複数回答),ビール・発泡酒・その他のビール系飲料,地域別,首都圏,2016,76.5
好きなお酒(複数回答),ビール・発泡酒・その他のビール系飲料,地域別,首都圏,2018,75.3
好きなお酒(複数回答),ビール・発泡酒・その他のビール系飲料,地域別,首都圏,2020,75.2
好きなお酒(複数回答),ビール・発泡酒・その他のビール系飲料,地域別,首都圏,2022,73.0
好きなお酒(複数回答),ビール・発泡酒・その他のビール系飲料,地域別,首都圏,2024,72.5
好きなお酒(複数回答),ビール・発泡酒・その他のビール系飲料,地域別,阪神圏,1992,
好きなお酒(複数回答),ビール・発泡酒・その他のビール系飲料,地域別,阪神圏,1994,
好きなお酒(複数回答),ビール・発泡酒・その他のビール系飲料,地域別,阪神圏,1996,
好きなお酒(複数回答),ビール・発泡酒・その他のビール系飲料,地域別,阪神圏,1998,
好きなお酒(複数回答),ビール・発泡酒・その他のビール系飲料,地域別,阪神圏,2000,
好きなお酒(複数回答),ビール・発泡酒・その他のビール系飲料,地域別,阪神圏,2002,
好きなお酒(複数回答),ビール・発泡酒・その他のビール系飲料,地域別,阪神圏,2004,
好きなお酒(複数回答),ビール・発泡酒・その他のビール系飲料,地域別,阪神圏,2006,
好きなお酒(複数回答),ビール・発泡酒・その他のビール系飲料,地域別,阪神圏,2008,
好きなお酒(複数回答),ビール・発泡酒・その他のビール系飲料,地域別,阪神圏,2010,
好きなお酒(複数回答),ビール・発泡酒・その他のビール系飲料,地域別,阪神圏,2012,
好きなお酒(複数回答),ビール・発泡酒・その他のビール系飲料,地域別,阪神圏,2014,
好きなお酒(複数回答),ビール・発泡酒・その他のビール系飲料,地域別,阪神圏,2016,77.2
好きなお酒(複数回答),ビール・発泡酒・その他のビール系飲料,地域別,阪神圏,2018,72.9
好きなお酒(複数回答),ビール・発泡酒・その他のビール系飲料,地域別,阪神圏,2020,70.3
好きなお酒(複数回答),ビール・発泡酒・その他のビール系飲料,地域別,阪神圏,2022,72.7
好きなお酒(複数回答),ビール・発泡酒・その他のビール系飲料,地域別,阪神圏,2024,69.0
好きなお酒(複数回答),ウィスキー,全体,全体,1992,
好きなお酒(複数回答),ウィスキー,全体,全体,1994,
好きなお酒(複数回答),ウィスキー,全体,全体,1996,
好きなお酒(複数回答),ウィスキー,全体,全体,1998,
好きなお酒(複数回答),ウィスキー,全体,全体,2000,
好きなお酒(複数回答),ウィスキー,全体,全体,2002,
好きなお酒(複数回答),ウィスキー,全体,全体,2004,
好きなお酒(複数回答),ウィスキー,全体,全体,2006,
好きなお酒(複数回答),ウィスキー,全体,全体,2008,
好きなお酒(複数回答),ウィスキー,全体,全体,2010,
好きなお酒(複数回答),ウィスキー,全体,全体,2012,
好きなお酒(複数回答),ウィスキー,全体,全体,2014,
好きなお酒(複数回答),ウィスキー,全体,全体,2016,21.4
好きなお酒(複数回答),ウィスキー,全体,全体,2018,20.4
好きなお酒(複数回答),ウィスキー,全体,全体,2020,23.1
好きなお酒(複数回答),ウィスキー,全体,全体,2022,23.1
好きなお酒(複数回答),ウィスキー,全体,全体,2024,24.6
好きなお酒(複数回答),ウィスキー,男女別,男性,1992,
好きなお酒(複数回答),ウィスキー,男女別,男性,1994,
好きなお酒(複数回答),ウィスキー,男女別,男性,1996,
好きなお酒(複数回答),ウィスキー,男女別,男性,1998,
好きなお酒(複数回答),ウィスキー,男女別,男性,2000,
好きなお酒(複数回答),ウィスキー,男女別,男性,2002,
好きなお酒(複数回答),ウィスキー,男女別,男性,2004,
好きなお酒(複数回答),ウィスキー,男女別,男性,2006,
好きなお酒(複数回答),ウィスキー,男女別,男性,2008,
好きなお酒(複数回答),ウィスキー,男女別,男性,2010,
好きなお酒(複数回答),ウィスキー,男女別,男性,2012,
好きなお酒(複数回答),ウィスキー,男女別,男性,2014,
好きなお酒(複数回答),ウィスキー,男女別,男性,2016,28.9
好きなお酒(複数回答),ウィスキー,男女別,男性,2018,27.6
好きなお酒(複数回答),ウィスキー,男女別,男性,2020,32.2
好きなお酒(複数回答),ウィスキー,男女別,男性,2022,31.0
好きなお酒(複数回答),ウィスキー,男女別,男性,2024,32.5
好きなお酒(複数回答),ウィスキー,男女別,女性,1992,
好きなお酒(複数回答),ウィスキー,男女別,女性,1994,
好きなお酒(複数回答),ウィスキー,男女別,女性,1996,
好きなお酒(複数回答),ウィスキー,男女別,女性,1998,
好きなお酒(複数回答),ウィスキー,男女別,女性,2000,
好きなお酒(複数回答),ウィスキー,男女別,女性,2002,
好きなお酒(複数回答),ウィスキー,男女別,女性,2004,
好きなお酒(複数回答),ウィスキー,男女別,女性,2006,
好きなお酒(複数回答),ウィスキー,男女別,女性,2008,
好きなお酒(複数回答),ウィスキー,男女別,女性,2010,
好きなお酒(複数回答),ウィスキー,男女別,女性,2012,
好きなお酒(複数回答),ウィスキー,男女別,女性,2014,
好きなお酒(複数回答),ウィスキー,男女別,女性,2016,11.2
好きなお酒(複数回答),ウィスキー,男女別,女性,2018,11.0
好きなお酒(複数回答),ウィスキー,男女別,女性,2020,11.8
好きなお酒(複数回答),ウィスキー,男女別,女性,2022,13.0
好きなお酒(複数回答),ウィスキー,男女別,女性,2024,14.6
好きなお酒(複数回答),ウィスキー,年代別,20代,1992,
好きなお酒(複数回答),ウィスキー,年代別,20代,1994,
好きなお酒(複数回答),ウィスキー,年代別,20代,1996,
好きなお酒(複数回答),ウィスキー,年代別,20代,1998,
好きなお酒(複数回答),ウィスキー,年代別,20代,2000,
好きなお酒(複数回答),ウィスキー,年代別,20代,2002,
好きなお酒(複数回答),ウィスキー,年代別,20代,2004,
好きなお酒(複数回答),ウィスキー,年代別,20代,2006,
好きなお酒(複数回答),ウィスキー,年代別,20代,2008,
好きなお酒(複数回答),ウィスキー,年代別,20代,2010,
好きなお酒(複数回答),ウィスキー,年代別,20代,2012,
好きなお酒(複数回答),ウィスキー,年代別,20代,2014,
好きなお酒(複数回答),ウィスキー,年代別,20代,2016,17.0
好きなお酒(複数回答),ウィスキー,年代別,20代,2018,17.5
好きなお酒(複数回答),ウィスキー,年代別,20代,2020,18.1
好きなお酒(複数回答),ウィスキー,年代別,20代,2022,19.7
好きなお酒(複数回答),ウィスキー,年代別,20代,2024,25.3
好きなお酒(複数回答),ウィスキー,年代別,30代,1992,
好きなお酒(複数回答),ウィスキー,年代別,30代,1994,
好きなお酒(複数回答),ウィスキー,年代別,30代,1996,
好きなお酒(複数回答),ウィスキー,年代別,30代,1998,
好きなお酒(複数回答),ウィスキー,年代別,30代,2000,
好きなお酒(複数回答),ウィスキー,年代別,30代,2002,
好きなお酒(複数回答),ウィスキー,年代別,30代,2004,
好きなお酒(複数回答),ウィスキー,年代別,30代,2006,
好きなお酒(複数回答),ウィスキー,年代別,30代,2008,
好きなお酒(複数回答),ウィスキー,年代別,30代,2010,
好きなお酒(複数回答),ウィスキー,年代別,30代,2012,
好きなお酒(複数回答),ウィスキー,年代別,30代,2014,
好きなお酒(複数回答),ウィスキー,年代別,30代,2016,17.6
好きなお酒(複数回答),ウィスキー,年代別,30代,2018,19.6
好きなお酒(複数回答),ウィスキー,年代別,30代,2020,22.3
好きなお酒(複数回答),ウィスキー,年代別,30代,2022,24.1
好きなお酒(複数回答),ウィスキー,年代別,30代,2024,21.9
好きなお酒(複数回答),ウィスキー,年代別,40代,1992,
好きなお酒(複数回答),ウィスキー,年代別,40代,1994,
好きなお酒(複数回答),ウィスキー,年代別,40代,1996,
好きなお酒(複数回答),ウィスキー,年代別,40代,1998,
好きなお酒(複数回答),ウィスキー,年代別,40代,2000,
好きなお酒(複数回答),ウィスキー,年代別,40代,2002,
好きなお酒(複数回答),ウィスキー,年代別,40代,2004,
好きなお酒(複数回答),ウィスキー,年代別,40代,2006,
好きなお酒(複数回答),ウィスキー,年代別,40代,2008,
好きなお酒(複数回答),ウィスキー,年代別,40代,2010,
好きなお酒(複数回答),ウィスキー,年代別,40代,2012,
好きなお酒(複数回答),ウィスキー,年代別,40代,2014,
好きなお酒(複数回答),ウィスキー,年代別,40代,2016,18.2
好きなお酒(複数回答),ウィスキー,年代別,40代,2018,16.0
好きなお酒(複数回答),ウィスキー,年代別,40代,2020,20.2
好きなお酒(複数回答),ウィスキー,年代別,40代,2022,23.1
好きなお酒(複数回答),ウィスキー,年代別,40代,2024,23.0
好きなお酒(複数回答),ウィスキー,年代別,50代,1992,
好きなお酒(複数回答),ウィスキー,年代別,50代,1994,
好きなお酒(複数回答),ウィスキー,年代別,50代,1996,
好きなお酒(複数回答),ウィスキー,年代別,50代,1998,
好きなお酒(複数回答),ウィスキー,年代別,50代,2000,
好きなお酒(複数回答),ウィスキー,年代別,50代,2002,
好きなお酒(複数回答),ウィスキー,年代別,50代,2004,
好きなお酒(複数回答),ウィスキー,年代別,50代,2006,
好きなお酒(複数回答),ウィスキー,年代別,50代,2008,
好きなお酒(複数回答),ウィスキー,年代別,50代,2010,
好きなお酒(複数回答),ウィスキー,年代別,50代,2012,
好きなお酒(複数回答),ウィスキー,年代別,50代,2014,
好きなお酒(複数回答),ウィスキー,年代別,50代,2016,28.2
好きなお酒(複数回答),ウィスキー,年代別,50代,2018,22.7
好きなお酒(複数回答),ウィスキー,年代別,50代,2020,27.9
好きなお酒(複数回答),ウィスキー,年代別,50代,2022,22.3
好きなお酒(複数回答),ウィスキー,年代別,50代,2024,25.9
好きなお酒(複数回答),ウィスキー,年代別,60代,1992,
好きなお酒(複数回答),ウィスキー,年代別,60代,1994,
好きなお酒(複数回答),ウィスキー,年代別,60代,1996,
好きなお酒(複数回答),ウィスキー,年代別,60代,1998,
好きなお酒(複数回答),ウィスキー,年代別,60代,2000,
好きなお酒(複数回答),ウィスキー,年代別,60代,2002,
好きなお酒(複数回答),ウィスキー,年代別,60代,2004,
好きなお酒(複数回答),ウィスキー,年代別,60代,2006,
好きなお酒(複数回答),ウィスキー,年代別,60代,2008,
好きなお酒(複数回答),ウィスキー,年代別,60代,2010,
好きなお酒(複数回答),ウィスキー,年代別,60代,2012,
好きなお酒(複数回答),ウィスキー,年代別,60代,2014,
好きなお酒(複数回答),ウィスキー,年代別,60代,2016,26.8
好きなお酒(複数回答),ウィスキー,年代別,60代,2018,28.3
好きなお酒(複数回答),ウィスキー,年代別,60代,2020,27.0
好きなお酒(複数回答),ウィスキー,年代別,60代,2022,26.3
好きなお酒(複数回答),ウィスキー,年代別,60代,2024,27.3
好きなお酒(複数回答),ウィスキー,年代別(男性),男性20代,1992,
好きなお酒(複数回答),ウィスキー,年代別(男性),男性20代,1994,
好きなお酒(複数回答),ウィスキー,年代別(男性),男性20代,1996,
好きなお酒(複数回答),ウィスキー,年代別(男性),男性20代,1998,
好きなお酒(複数回答),ウィスキー,年代別(男性),男性20代,2000,
好きなお酒(複数回答),ウィスキー,年代別(男性),男性20代,2002,
好きなお酒(複数回答),ウィスキー,年代別(男性),男性20代,2004,
好きなお酒(複数回答),ウィスキー,年代別(男性),男性20代,2006,
好きなお酒(複数回答),ウィスキー,年代別(男性),男性20代,2008,
好きなお酒(複数回答),ウィスキー,年代別(男性),男性20代,2010,
好きなお酒(複数回答),ウィスキー,年代別(男性),男性20代,2012,
好きなお酒(複数回答),ウィスキー,年代別(男性),男性20代,2014,
好きなお酒(複数回答),ウィスキー,年代別(男性),男性20代,2016,17.7
好きなお酒(複数回答),ウィスキー,年代別(男性),男性20代,2018,25.0
好きなお酒(複数回答),ウィスキー,年代別(男性),男性20代,2020,23.1
好きなお酒(複数回答),ウィスキー,年代別(男性),男性20代,2022,24.9
好きなお酒(複数回答),ウィスキー,年代別(男性),男性20代,2024,28.6
好きなお酒(複数回答),ウィスキー,年代別(男性),男性30代,1992,
好きなお酒(複数回答),ウィスキー,年代別(男性),男性30代,1994,
好きなお酒(複数回答),ウィスキー,年代別(男性),男性30代,1996,
好きなお酒(複数回答),ウィスキー,年代別(男性),男性30代,1998,
好きなお酒(複数回答),ウィスキー,年代別(男性),男性30代,2000,
好きなお酒(複数回答),ウィスキー,年代別(男性),男性30代,2002,
好きなお酒(複数回答),ウィスキー,年代別(男性),男性30代,2004,
好きなお酒(複数回答),ウィスキー,年代別(男性),男性30代,2006,
好きなお酒(複数回答),ウィスキー,年代別(男性),男性30代,2008,
好きなお酒(複数回答),ウィスキー,年代別(男性),男性30代,2010,
好きなお酒(複数回答),ウィスキー,年代別(男性),男性30代,2012,
好きなお酒(複数回答),ウィスキー,年代別(男性),男性30代,2014,
好きなお酒(複数回答),ウィスキー,年代別(男性),男性30代,2016,23.0
好きなお酒(複数回答),ウィスキー,年代別(男性),男性30代,2018,26.2
好きなお酒(複数回答),ウィスキー,年代別(男性),男性30代,2020,26.3
好きなお酒(複数回答),ウィスキー,年代別(男性),男性30代,2022,30.0
好きなお酒(複数回答),ウィスキー,年代別(男性),男性30代,2024,33.3
好きなお酒(複数回答),ウィスキー,年代別(男性),男性40代,1992,
好きなお酒(複数回答),ウィスキー,年代別(男性),男性40代,1994,
好きなお酒(複数回答),ウィスキー,年代別(男性),男性40代,1996,
好きなお酒(複数回答),ウィスキー,年代別(男性),男性40代,1998,
好きなお酒(複数回答),ウィスキー,年代別(男性),男性40代,2000,
好きなお酒(複数回答),ウィスキー,年代別(男性),男性40代,2002,
好きなお酒(複数回答),ウィスキー,年代別(男性),男性40代,2004,
好きなお酒(複数回答),ウィスキー,年代別(男性),男性40代,2006,
好きなお酒(複数回答),ウィスキー,年代別(男性),男性40代,2008,
好きなお酒(複数回答),ウィスキー,年代別(男性),男性40代,2010,
好きなお酒(複数回答),ウィスキー,年代別(男性),男性40代,2012,
好きなお酒(複数回答),ウィスキー,年代別(男性),男性40代,2014,
好きなお酒(複数回答),ウィスキー,年代別(男性),男性40代,2016,27.2
好きなお酒(複数回答),ウィスキー,年代別(男性),男性40代,2018,19.9
好きなお酒(複数回答),ウィスキー,年代別(男性),男性40代,2020,27.6
好きなお酒(複数回答),ウィスキー,年代別(男性),男性40代,2022,31.8
好きなお酒(複数回答),ウィスキー,年代別(男性),男性40代,2024,29.6
好きなお酒(複数回答),ウィスキー,年代別(男性),男性50代,1992,
好きなお酒(複数回答),ウィスキー,年代別(男性),男性50代,1994,
好きなお酒(複数回答),ウィスキー,年代別(男性),男性50代,1996,
好きなお酒(複数回答),ウィスキー,年代別(男性),男性50代,1998,
好きなお酒(複数回答),ウィスキー,年代別(男性),男性50代,2000,
好きなお酒(複数回答),ウィスキー,年代別(男性),男性50代,2002,
好きなお酒(複数回答),ウィスキー,年代別(男性),男性50代,2004,
好きなお酒(複数回答),ウィスキー,年代別(男性),男性50代,2006,
好きなお酒(複数回答),ウィスキー,年代別(男性),男性50代,2008,
好きなお酒(複数回答),ウィスキー,年代別(男性),男性50代,2010,
好きなお酒(複数回答),ウィスキー,年代別(男性),男性50代,2012,
好きなお酒(複数回答),ウィスキー,年代別(男性),男性50代,2014,
好きなお酒(複数回答),ウィスキー,年代別(男性),男性50代,2016,37.8
好きなお酒(複数回答),ウィスキー,年代別(男性),男性50代,2018,30.3
好きなお酒(複数回答),ウィスキー,年代別(男性),男性50代,2020,41.4
好きなお酒(複数回答),ウィスキー,年代別(男性),男性50代,2022,32.3
好きなお酒(複数回答),ウィスキー,年代別(男性),男性50代,2024,33.9
好きなお酒(複数回答),ウィスキー,年代別(男性),男性60代,1992,
好きなお酒(複数回答),ウィスキー,年代別(男性),男性60代,1994,
好きなお酒(複数回答),ウィスキー,年代別(男性),男性60代,1996,
好きなお酒(複数回答),ウィスキー,年代別(男性),男性60代,1998,
好きなお酒(複数回答),ウィスキー,年代別(男性),男性60代,2000,
好きなお酒(複数回答),ウィスキー,年代別(男性),男性60代,2002,
好きなお酒(複数回答),ウィスキー,年代別(男性),男性60代,2004,
好きなお酒(複数回答),ウィスキー,年代別(男性),男性60代,2006,
好きなお酒(複数回答),ウィスキー,年代別(男性),男性60代,2008,
好きなお酒(複数回答),ウィスキー,年代別(男性),男性60代,2010,
好きなお酒(複数回答),ウィスキー,年代別(男性),男性60代,2012,
好きなお酒(複数回答),ウィスキー,年代別(男性),男性60代,2014,
好きなお酒(複数回答),ウィスキー,年代別(男性),男性60代,2016,36.5
好きなお酒(複数回答),ウィスキー,年代別(男性),男性60代,2018,40.2
好きなお酒(複数回答),ウィスキー,年代別(男性),男性60代,2020,42.0
好きなお酒(複数回答),ウィスキー,年代別(男性),男性60代,2022,34.3
好きなお酒(複数回答),ウィスキー,年代別(男性),男性60代,2024,37.6
好きなお酒(複数回答),ウィスキー,年代別(女性),女性20代,1992,
好きなお酒(複数回答),ウィスキー,年代別(女性),女性20代,1994,
好きなお酒(複数回答),ウィスキー,年代別(女性),女性20代,1996,
好きなお酒(複数回答),ウィスキー,年代別(女性),女性20代,1998,
好きなお酒(複数回答),ウィスキー,年代別(女性),女性20代,2000,
好きなお酒(複数回答),ウィスキー,年代別(女性),女性20代,2002,
好きなお酒(複数回答),ウィスキー,年代別(女性),女性20代,2004,
好きなお酒(複数回答),ウィスキー,年代別(女性),女性20代,2006,
好きなお酒(複数回答),ウィスキー,年代別(女性),女性20代,2008,
好きなお酒(複数回答),ウィスキー,年代別(女性),女性20代,2010,
好きなお酒(複数回答),ウィスキー,年代別(女性),女性20代,2012,
好きなお酒(複数回答),ウィスキー,年代別(女性),女性20代,2014,
好きなお酒(複数回答),ウィスキー,年代別(女性),女性20代,2016,16.3
好きなお酒(複数回答),ウィスキー,年代別(女性),女性20代,2018,8.8
好きなお酒(複数回答),ウィスキー,年代別(女性),女性20代,2020,12.0
好きなお酒(複数回答),ウィスキー,年代別(女性),女性20代,2022,14.0
好きなお酒(複数回答),ウィスキー,年代別(女性),女性20代,2024,21.3
好きなお酒(複数回答),ウィスキー,年代別(女性),女性30代,1992,
好きなお酒(複数回答),ウィスキー,年代別(女性),女性30代,1994,
好きなお酒(複数回答),ウィスキー,年代別(女性),女性30代,1996,
好きなお酒(複数回答),ウィスキー,年代別(女性),女性30代,1998,
好きなお酒(複数回答),ウィスキー,年代別(女性),女性30代,2000,
好きなお酒(複数回答),ウィスキー,年代別(女性),女性30代,2002,
好きなお酒(複数回答),ウィスキー,年代別(女性),女性30代,2004,
好きなお酒(複数回答),ウィスキー,年代別(女性),女性30代,2006,
好きなお酒(複数回答),ウィスキー,年代別(女性),女性30代,2008,
好きなお酒(複数回答),ウィスキー,年代別(女性),女性30代,2010,
好きなお酒(複数回答),ウィスキー,年代別(女性),女性30代,2012,
好きなお酒(複数回答),ウィスキー,年代別(女性),女性30代,2014,
好きなお酒(複数回答),ウィスキー,年代別(女性),女性30代,2016,10.5
好きなお酒(複数回答),ウィスキー,年代別(女性),女性30代,2018,10.6
好きなお酒(複数回答),ウィスキー,年代別(女性),女性30代,2020,17.0
好きなお酒(複数回答),ウィスキー,年代別(女性),女性30代,2022,17.0
好きなお酒(複数回答),ウィスキー,年代別(女性),女性30代,2024,8.0
好きなお酒(複数回答),ウィスキー,年代別(女性),女性40代,1992,
好きなお酒(複数回答),ウィスキー,年代別(女性),女性40代,1994,
好きなお酒(複数回答),ウィスキー,年代別(女性),女性40代,1996,
好きなお酒(複数回答),ウィスキー,年代別(女性),女性40代,1998,
好きなお酒(複数回答),ウィスキー,年代別(女性),女性40代,2000,
好きなお酒(複数回答),ウィスキー,年代別(女性),女性40代,2002,
好きなお酒(複数回答),ウィスキー,年代別(女性),女性40代,2004,
好きなお酒(複数回答),ウィスキー,年代別(女性),女性40代,2006,
好きなお酒(複数回答),ウィスキー,年代別(女性),女性40代,2008,
好きなお酒(複数回答),ウィスキー,年代別(女性),女性40代,2010,
好きなお酒(複数回答),ウィスキー,年代別(女性),女性40代,2012,
好きなお酒(複数回答),ウィスキー,年代別(女性),女性40代,2014,
好きなお酒(複数回答),ウィスキー,年代別(女性),女性40代,2016,6.7
好きなお酒(複数回答),ウィスキー,年代別(女性),女性40代,2018,11.0
好きなお酒(複数回答),ウィスキー,年代別(女性),女性40代,2020,11.2
好きなお酒(複数回答),ウィスキー,年代別(女性),女性40代,2022,11.9
好きなお酒(複数回答),ウィスキー,年代別(女性),女性40代,2024,14.8
好きなお酒(複数回答),ウィスキー,年代別(女性),女性50代,1992,
好きなお酒(複数回答),ウィスキー,年代別(女性),女性50代,1994,
好きなお酒(複数回答),ウィスキー,年代別(女性),女性50代,1996,
好きなお酒(複数回答),ウィスキー,年代別(女性),女性50代,1998,
好きなお酒(複数回答),ウィスキー,年代別(女性),女性50代,2000,
好きなお酒(複数回答),ウィスキー,年代別(女性),女性50代,2002,
好きなお酒(複数回答),ウィスキー,年代別(女性),女性50代,2004,
好きなお酒(複数回答),ウィスキー,年代別(女性),女性50代,2006,
好きなお酒(複数回答),ウィスキー,年代別(女性),女性50代,2008,
好きなお酒(複数回答),ウィスキー,年代別(女性),女性50代,2010,
好きなお酒(複数回答),ウィスキー,年代別(女性),女性50代,2012,
好きなお酒(複数回答),ウィスキー,年代別(女性),女性50代,2014,
好きなお酒(複数回答),ウィスキー,年代別(女性),女性50代,2016,13.9
好きなお酒(複数回答),ウィスキー,年代別(女性),女性50代,2018,12.6
好きなお酒(複数回答),ウィスキー,年代別(女性),女性50代,2020,11.1
好きなお酒(複数回答),ウィスキー,年代別(女性),女性50代,2022,8.9
好きなお酒(複数回答),ウィスキー,年代別(女性),女性50代,2024,15.5
好きなお酒(複数回答),ウィスキー,年代別(女性),女性60代,1992,
好きなお酒(複数回答),ウィスキー,年代別(女性),女性60代,1994,
好きなお酒(複数回答),ウィスキー,年代別(女性),女性60代,1996,
好きなお酒(複数回答),ウィスキー,年代別(女性),女性60代,1998,
好きなお酒(複数回答),ウィスキー,年代別(女性),女性60代,2000,
好きなお酒(複数回答),ウィスキー,年代別(女性),女性60代,2002,
好きなお酒(複数回答),ウィスキー,年代別(女性),女性60代,2004,
好きなお酒(複数回答),ウィスキー,年代別(女性),女性60代,2006,
好きなお酒(複数回答),ウィスキー,年代別(女性),女性60代,2008,
好きなお酒(複数回答),ウィスキー,年代別(女性),女性60代,2010,
好きなお酒(複数回答),ウィスキー,年代別(女性),女性60代,2012,
好きなお酒(複数回答),ウィスキー,年代別(女性),女性60代,2014,
好きなお酒(複数回答),ウィスキー,年代別(女性),女性60代,2016,11.0
好きなお酒(複数回答),ウィスキー,年代別(女性),女性60代,2018,11.9
好きなお酒(複数回答),ウィスキー,年代別(女性),女性60代,2020,8.4
好きなお酒(複数回答),ウィスキー,年代別(女性),女性60代,2022,15.1
好きなお酒(複数回答),ウィスキー,年代別(女性),女性60代,2024,13.2
好きなお酒(複数回答),ウィスキー,地域別,首都圏,1992,
好きなお酒(複数回答),ウィスキー,地域別,首都圏,1994,
好きなお酒(複数回答),ウィスキー,地域別,首都圏,1996,
好きなお酒(複数回答),ウィスキー,地域別,首都圏,1998,
好きなお酒(複数回答),ウィスキー,地域別,首都圏,2000,
好きなお酒(複数回答),ウィスキー,地域別,首都圏,2002,
好きなお酒(複数回答),ウィスキー,地域別,首都圏,2004,
好きなお酒(複数回答),ウィスキー,地域別,首都圏,2006,
好きなお酒(複数回答),ウィスキー,地域別,首都圏,2008,
好きなお酒(複数回答),ウィスキー,地域別,首都圏,2010,
好きなお酒(複数回答),ウィスキー,地域別,首都圏,2012,
好きなお酒(複数回答),ウィスキー,地域別,首都圏,2014,
好きなお酒(複数回答),ウィスキー,地域別,首都圏,2016,23.1
好きなお酒(複数回答),ウィスキー,地域別,首都圏,2018,20.8
好きなお酒(複数回答),ウィスキー,地域別,首都圏,2020,23.6
好きなお酒(複数回答),ウィスキー,地域別,首都圏,2022,24.5
好きなお酒(複数回答),ウィスキー,地域別,首都圏,2024,24.9
好きなお酒(複数回答),ウィスキー,地域別,阪神圏,1992,
好きなお酒(複数回答),ウィスキー,地域別,阪神圏,1994,
好きなお酒(複数回答),ウィスキー,地域別,阪神圏,1996,
好きなお酒(複数回答),ウィスキー,地域別,阪神圏,1998,
好きなお酒(複数回答),ウィスキー,地域別,阪神圏,2000,
好きなお酒(複数回答),ウィスキー,地域別,阪神圏,2002,
好きなお酒(複数回答),ウィスキー,地域別,阪神圏,2004,
好きなお酒(複数回答),ウィスキー,地域別,阪神圏,2006,
好きなお酒(複数回答),ウィスキー,地域別,阪神圏,2008,
好きなお酒(複数回答),ウィスキー,地域別,阪神圏,2010,
好きなお酒(複数回答),ウィスキー,地域別,阪神圏,2012,
好きなお酒(複数回答),ウィスキー,地域別,阪神圏,2014,
好きなお酒(複数回答),ウィスキー,地域別,阪神圏,2016,16.4
好きなお酒(複数回答),ウィスキー,地域別,阪神圏,2018,19.4
好きなお酒(複数回答),ウィスキー,地域別,阪神圏,2020,21.8
好きなお酒(複数回答),ウィスキー,地域別,阪神圏,2022,19.2
好きなお酒(複数回答),ウィスキー,地域別,阪神圏,2024,23.8
好きなお酒(複数回答),ブランデー,全体,全体,1992,
好きなお酒(複数回答),ブランデー,全体,全体,1994,
好きなお酒(複数回答),ブランデー,全体,全体,1996,
好きなお酒(複数回答),ブランデー,全体,全体,1998,
好きなお酒(複数回答),ブランデー,全体,全体,2000,
好きなお酒(複数回答),ブランデー,全体,全体,2002,
好きなお酒(複数回答),ブランデー,全体,全体,2004,
好きなお酒(複数回答),ブランデー,全体,全体,2006,
好きなお酒(複数回答),ブランデー,全体,全体,2008,
好きなお酒(複数回答),ブランデー,全体,全体,2010,
好きなお酒(複数回答),ブランデー,全体,全体,2012,
好きなお酒(複数回答),ブランデー,全体,全体,2014,
好きなお酒(複数回答),ブランデー,全体,全体,2016,7.3
好きなお酒(複数回答),ブランデー,全体,全体,2018,5.6
好きなお酒(複数回答),ブランデー,全体,全体,2020,6.1
好きなお酒(複数回答),ブランデー,全体,全体,2022,7.0
好きなお酒(複数回答),ブランデー,全体,全体,2024,5.1
好きなお酒(複数回答),ブランデー,男女別,男性,1992,
好きなお酒(複数回答),ブランデー,男女別,男性,1994,
好きなお酒(複数回答),ブランデー,男女別,男性,1996,
好きなお酒(複数回答),ブランデー,男女別,男性,1998,
好きなお酒(複数回答),ブランデー,男女別,男性,2000,
好きなお酒(複数回答),ブランデー,男女別,男性,2002,
好きなお酒(複数回答),ブランデー,男女別,男性,2004,
好きなお酒(複数回答),ブランデー,男女別,男性,2006,
好きなお酒(複数回答),ブランデー,男女別,男性,2008,
好きなお酒(複数回答),ブランデー,男女別,男性,2010,
好きなお酒(複数回答),ブランデー,男女別,男性,2012,
好きなお酒(複数回答),ブランデー,男女別,男性,2014,
好きなお酒(複数回答),ブランデー,男女別,男性,2016,9.2
好きなお酒(複数回答),ブランデー,男女別,男性,2018,7.6
好きなお酒(複数回答),ブランデー,男女別,男性,2020,7.7
好きなお酒(複数回答),ブランデー,男女別,男性,2022,8.6
好きなお酒(複数回答),ブランデー,男女別,男性,2024,7.2
好きなお酒(複数回答),ブランデー,男女別,女性,1992,
好きなお酒(複数回答),ブランデー,男女別,女性,1994,
好きなお酒(複数回答),ブランデー,男女別,女性,1996,
好きなお酒(複数回答),ブランデー,男女別,女性,1998,
好きなお酒(複数回答),ブランデー,男女別,女性,2000,
好きなお酒(複数回答),ブランデー,男女別,女性,2002,
好きなお酒(複数回答),ブランデー,男女別,女性,2004,
好きなお酒(複数回答),ブランデー,男女別,女性,2006,
好きなお酒(複数回答),ブランデー,男女別,女性,2008,
好きなお酒(複数回答),ブランデー,男女別,女性,2010,
好きなお酒(複数回答),ブランデー,男女別,女性,2012,
好きなお酒(複数回答),ブランデー,男女別,女性,2014,
好きなお酒(複数回答),ブランデー,男女別,女性,2016,4.7
好きなお酒(複数回答),ブランデー,男女別,女性,2018,3.0
好きなお酒(複数回答),ブランデー,男女別,女性,2020,4.1
好きなお酒(複数回答),ブランデー,男女別,女性,2022,5.0
好きなお酒(複数回答),ブランデー,男女別,女性,2024,2.5
好きなお酒(複数回答),ブランデー,年代別,20代,1992,
好きなお酒(複数回答),ブランデー,年代別,20代,1994,
好きなお酒(複数回答),ブランデー,年代別,20代,1996,
好きなお酒(複数回答),ブランデー,年代別,20代,1998,
好きなお酒(複数回答),ブランデー,年代別,20代,2000,
好きなお酒(複数回答),ブランデー,年代別,20代,2002,
好きなお酒(複数回答),ブランデー,年代別,20代,2004,
好きなお酒(複数回答),ブランデー,年代別,20代,2006,
好きなお酒(複数回答),ブランデー,年代別,20代,2008,
好きなお酒(複数回答),ブランデー,年代別,20代,2010,
好きなお酒(複数回答),ブランデー,年代別,20代,2012,
好きなお酒(複数回答),ブランデー,年代別,20代,2014,
好きなお酒(複数回答),ブランデー,年代別,20代,2016,3.7
好きなお酒(複数回答),ブランデー,年代別,20代,2018,2.6
好きなお酒(複数回答),ブランデー,年代別,20代,2020,3.1
好きなお酒(複数回答),ブランデー,年代別,20代,2022,4.9
好きなお酒(複数回答),ブランデー,年代別,20代,2024,2.8
好きなお酒(複数回答),ブランデー,年代別,30代,1992,
好きなお酒(複数回答),ブランデー,年代別,30代,1994,
好きなお酒(複数回答),ブランデー,年代別,30代,1996,
好きなお酒(複数回答),ブランデー,年代別,30代,1998,
好きなお酒(複数回答),ブランデー,年代別,30代,2000,
好きなお酒(複数回答),ブランデー,年代別,30代,2002,
好きなお酒(複数回答),ブランデー,年代別,30代,2004,
好きなお酒(複数回答),ブランデー,年代別,30代,2006,
好きなお酒(複数回答),ブランデー,年代別,30代,2008,
好きなお酒(複数回答),ブランデー,年代別,30代,2010,
好きなお酒(複数回答),ブランデー,年代別,30代,2012,
好きなお酒(複数回答),ブランデー,年代別,30代,2014,
好きなお酒(複数回答),ブランデー,年代別,30代,2016,6.3
好きなお酒(複数回答),ブランデー,年代別,30代,2018,5.2
好きなお酒(複数回答),ブランデー,年代別,30代,2020,4.2
好きなお酒(複数回答),ブランデー,年代別,30代,2022,5.8
好きなお酒(複数回答),ブランデー,年代別,30代,2024,4.0
好きなお酒(複数回答),ブランデー,年代別,40代,1992,
好きなお酒(複数回答),ブランデー,年代別,40代,1994,
好きなお酒(複数回答),ブランデー,年代別,40代,1996,
好きなお酒(複数回答),ブランデー,年代別,40代,1998,
好きなお酒(複数回答),ブランデー,年代別,40代,2000,
好きなお酒(複数回答),ブランデー,年代別,40代,2002,
好きなお酒(複数回答),ブランデー,年代別,40代,2004,
好きなお酒(複数回答),ブランデー,年代別,40代,2006,
好きなお酒(複数回答),ブランデー,年代別,40代,2008,
好きなお酒(複数回答),ブランデー,年代別,40代,2010,
好きなお酒(複数回答),ブランデー,年代別,40代,2012,
好きなお酒(複数回答),ブランデー,年代別,40代,2014,
好きなお酒(複数回答),ブランデー,年代別,40代,2016,6.1
好きなお酒(複数回答),ブランデー,年代別,40代,2018,3.7
好きなお酒(複数回答),ブランデー,年代別,40代,2020,4.6
好きなお酒(複数回答),ブランデー,年代別,40代,2022,6.8
好きなお酒(複数回答),ブランデー,年代別,40代,2024,5.0
好きなお酒(複数回答),ブランデー,年代別,50代,1992,
好きなお酒(複数回答),ブランデー,年代別,50代,1994,
好きなお酒(複数回答),ブランデー,年代別,50代,1996,
好きなお酒(複数回答),ブランデー,年代別,50代,1998,
好きなお酒(複数回答),ブランデー,年代別,50代,2000,
好きなお酒(複数回答),ブランデー,年代別,50代,2002,
好きなお酒(複数回答),ブランデー,年代別,50代,2004,
好きなお酒(複数回答),ブランデー,年代別,50代,2006,
好きなお酒(複数回答),ブランデー,年代別,50代,2008,
好きなお酒(複数回答),ブランデー,年代別,50代,2010,
好きなお酒(複数回答),ブランデー,年代別,50代,2012,
好きなお酒(複数回答),ブランデー,年代別,50代,2014,
好きなお酒(複数回答),ブランデー,年代別,50代,2016,11.7
好きなお酒(複数回答),ブランデー,年代別,50代,2018,7.6
好きなお酒(複数回答),ブランデー,年代別,50代,2020,9.0
好きなお酒(複数回答),ブランデー,年代別,50代,2022,9.0
好きなお酒(複数回答),ブランデー,年代別,50代,2024,4.8
好きなお酒(複数回答),ブランデー,年代別,60代,1992,
好きなお酒(複数回答),ブランデー,年代別,60代,1994,
好きなお酒(複数回答),ブランデー,年代別,60代,1996,
好きなお酒(複数回答),ブランデー,年代別,60代,1998,
好きなお酒(複数回答),ブランデー,年代別,60代,2000,
好きなお酒(複数回答),ブランデー,年代別,60代,2002,
好きなお酒(複数回答),ブランデー,年代別,60代,2004,
好きなお酒(複数回答),ブランデー,年代別,60代,2006,
好きなお酒(複数回答),ブランデー,年代別,60代,2008,
好きなお酒(複数回答),ブランデー,年代別,60代,2010,
好きなお酒(複数回答),ブランデー,年代別,60代,2012,
好きなお酒(複数回答),ブランデー,年代別,60代,2014,
好きなお酒(複数回答),ブランデー,年代別,60代,2016,8.6
好きなお酒(複数回答),ブランデー,年代別,60代,2018,9.4
好きなお酒(複数回答),ブランデー,年代別,60代,2020,9.6
好きなお酒(複数回答),ブランデー,年代別,60代,2022,7.7
好きなお酒(複数回答),ブランデー,年代別,60代,2024,9.6
好きなお酒(複数回答),ブランデー,年代別(男性),男性20代,1992,
好きなお酒(複数回答),ブランデー,年代別(男性),男性20代,1994,
好きなお酒(複数回答),ブランデー,年代別(男性),男性20代,1996,
好きなお酒(複数回答),ブランデー,年代別(男性),男性20代,1998,
好きなお酒(複数回答),ブランデー,年代別(男性),男性20代,2000,
好きなお酒(複数回答),ブランデー,年代別(男性),男性20代,2002,
好きなお酒(複数回答),ブランデー,年代別(男性),男性20代,2004,
好きなお酒(複数回答),ブランデー,年代別(男性),男性20代,2006,
好きなお酒(複数回答),ブランデー,年代別(男性),男性20代,2008,
好きなお酒(複数回答),ブランデー,年代別(男性),男性20代,2010,
好きなお酒(複数回答),ブランデー,年代別(男性),男性20代,2012,
好きなお酒(複数回答),ブランデー,年代別(男性),男性20代,2014,
好きなお酒(複数回答),ブランデー,年代別(男性),男性20代,2016,3.8
好きなお酒(複数回答),ブランデー,年代別(男性),男性20代,2018,4.3
好きなお酒(複数回答),ブランデー,年代別(男性),男性20代,2020,3.8
好きなお酒(複数回答),ブランデー,年代別(男性),男性20代,2022,4.4
好きなお酒(複数回答),ブランデー,年代別(男性),男性20代,2024,5.2
好きなお酒(複数回答),ブランデー,年代別(男性),男性30代,1992,
好きなお酒(複数回答),ブランデー,年代別(男性),男性30代,1994,
好きなお酒(複数回答),ブランデー,年代別(男性),男性30代,1996,
好きなお酒(複数回答),ブランデー,年代別(男性),男性30代,1998,
好きなお酒(複数回答),ブランデー,年代別(男性),男性30代,2000,
好きなお酒(複数回答),ブランデー,年代別(男性),男性30代,2002,
好きなお酒(複数回答),ブランデー,年代別(男性),男性30代,2004,
好きなお酒(複数回答),ブランデー,年代別(男性),男性30代,2006,
好きなお酒(複数回答),ブランデー,年代別(男性),男性30代,2008,
好きなお酒(複数回答),ブランデー,年代別(男性),男性30代,2010,
好きなお酒(複数回答),ブランデー,年代別(男性),男性30代,2012,
好きなお酒(複数回答),ブランデー,年代別(男性),男性30代,2014,
好きなお酒(複数回答),ブランデー,年代別(男性),男性30代,2016,6.7
好きなお酒(複数回答),ブランデー,年代別(男性),男性30代,2018,6.4
好きなお酒(複数回答),ブランデー,年代別(男性),男性30代,2020,4.6
好きなお酒(複数回答),ブランデー,年代別(男性),男性30代,2022,7.1
好きなお酒(複数回答),ブランデー,年代別(男性),男性30代,2024,6.1
好きなお酒(複数回答),ブランデー,年代別(男性),男性40代,1992,
好きなお酒(複数回答),ブランデー,年代別(男性),男性40代,1994,
好きなお酒(複数回答),ブランデー,年代別(男性),男性40代,1996,
好きなお酒(複数回答),ブランデー,年代別(男性),男性40代,1998,
好きなお酒(複数回答),ブランデー,年代別(男性),男性40代,2000,
好きなお酒(複数回答),ブランデー,年代別(男性),男性40代,2002,
好きなお酒(複数回答),ブランデー,年代別(男性),男性40代,2004,
好きなお酒(複数回答),ブランデー,年代別(男性),男性40代,2006,
好きなお酒(複数回答),ブランデー,年代別(男性),男性40代,2008,
好きなお酒(複数回答),ブランデー,年代別(男性),男性40代,2010,
好きなお酒(複数回答),ブランデー,年代別(男性),男性40代,2012,
好きなお酒(複数回答),ブランデー,年代別(男性),男性40代,2014,
好きなお酒(複数回答),ブランデー,年代別(男性),男性40代,2016,8.8
好きなお酒(複数回答),ブランデー,年代別(男性),男性40代,2018,4.7
好きなお酒(複数回答),ブランデー,年代別(男性),男性40代,2020,4.7
好きなお酒(複数回答),ブランデー,年代別(男性),男性40代,2022,8.7
好きなお酒(複数回答),ブランデー,年代別(男性),男性40代,2024,7.0
好きなお酒(複数回答),ブランデー,年代別(男性),男性50代,1992,
好きなお酒(複数回答),ブランデー,年代別(男性),男性50代,1994,
好きなお酒(複数回答),ブランデー,年代別(男性),男性50代,1996,
好きなお酒(複数回答),ブランデー,年代別(男性),男性50代,1998,
好きなお酒(複数回答),ブランデー,年代別(男性),男性50代,2000,
好きなお酒(複数回答),ブランデー,年代別(男性),男性50代,2002,
好きなお酒(複数回答),ブランデー,年代別(男性),男性50代,2004,
好きなお酒(複数回答),ブランデー,年代別(男性),男性50代,2006,
好きなお酒(複数回答),ブランデー,年代別(男性),男性50代,2008,
好きなお酒(複数回答),ブランデー,年代別(男性),男性50代,2010,
好きなお酒(複数回答),ブランデー,年代別(男性),男性50代,2012,
好きなお酒(複数回答),ブランデー,年代別(男性),男性50代,2014,
好きなお酒(複数回答),ブランデー,年代別(男性),男性50代,2016,14.6
好きなお酒(複数回答),ブランデー,年代別(男性),男性50代,2018,9.4
好きなお酒(複数回答),ブランデー,年代別(男性),男性50代,2020,13.1
好きなお酒(複数回答),ブランデー,年代別(男性),男性50代,2022,11.6
好きなお酒(複数回答),ブランデー,年代別(男性),男性50代,2024,5.9
好きなお酒(複数回答),ブランデー,年代別(男性),男性60代,1992,
好きなお酒(複数回答),ブランデー,年代別(男性),男性60代,1994,
好きなお酒(複数回答),ブランデー,年代別(男性),男性60代,1996,
好きなお酒(複数回答),ブランデー,年代別(男性),男性60代,1998,
好きなお酒(複数回答),ブランデー,年代別(男性),男性60代,2000,
好きなお酒(複数回答),ブランデー,年代別(男性),男性60代,2002,
好きなお酒(複数回答),ブランデー,年代別(男性),男性60代,2004,
好きなお酒(複数回答),ブランデー,年代別(男性),男性60代,2006,
好きなお酒(複数回答),ブランデー,年代別(男性),男性60代,2008,
好きなお酒(複数回答),ブランデー,年代別(男性),男性60代,2010,
好きなお酒(複数回答),ブランデー,年代別(男性),男性60代,2012,
好きなお酒(複数回答),ブランデー,年代別(男性),男性60代,2014,
好きなお酒(複数回答),ブランデー,年代別(男性),男性60代,2016,10.7
好きなお酒(複数回答),ブランデー,年代別(男性),男性60代,2018,13.9
好きなお酒(複数回答),ブランデー,年代別(男性),男性60代,2020,12.3
好きなお酒(複数回答),ブランデー,年代別(男性),男性60代,2022,9.3
好きなお酒(複数回答),ブランデー,年代別(男性),男性60代,2024,12.7
好きなお酒(複数回答),ブランデー,年代別(女性),女性20代,1992,
好きなお酒(複数回答),ブランデー,年代別(女性),女性20代,1994,
好きなお酒(複数回答),ブランデー,年代別(女性),女性20代,1996,
好きなお酒(複数回答),ブランデー,年代別(女性),女性20代,1998,
好きなお酒(複数回答),ブランデー,年代別(女性),女性20代,2000,
好きなお酒(複数回答),ブランデー,年代別(女性),女性20代,2002,
好きなお酒(複数回答),ブランデー,年代別(女性),女性20代,2004,
好きなお酒(複数回答),ブランデー,年代別(女性),女性20代,2006,
好きなお酒(複数回答),ブランデー,年代別(女性),女性20代,2008,
好きなお酒(複数回答),ブランデー,年代別(女性),女性20代,2010,
好きなお酒(複数回答),ブランデー,年代別(女性),女性20代,2012,
好きなお酒(複数回答),ブランデー,年代別(女性),女性20代,2014,
好きなお酒(複数回答),ブランデー,年代別(女性),女性20代,2016,3.6
好きなお酒(複数回答),ブランデー,年代別(女性),女性20代,2018,0.6
好きなお酒(複数回答),ブランデー,年代別(女性),女性20代,2020,2.3
好きなお酒(複数回答),ブランデー,年代別(女性),女性20代,2022,5.5
好きなお酒(複数回答),ブランデー,年代別(女性),女性20代,2024,0.0
好きなお酒(複数回答),ブランデー,年代別(女性),女性30代,1992,
好きなお酒(複数回答),ブランデー,年代別(女性),女性30代,1994,
好きなお酒(複数回答),ブランデー,年代別(女性),女性30代,1996,
好きなお酒(複数回答),ブランデー,年代別(女性),女性30代,1998,
好きなお酒(複数回答),ブランデー,年代別(女性),女性30代,2000,
好きなお酒(複数回答),ブランデー,年代別(女性),女性30代,2002,
好きなお酒(複数回答),ブランデー,年代別(女性),女性30代,2004,
好きなお酒(複数回答),ブランデー,年代別(女性),女性30代,2006,
好きなお酒(複数回答),ブランデー,年代別(女性),女性30代,2008,
好きなお酒(複数回答),ブランデー,年代別(女性),女性30代,2010,
好きなお酒(複数回答),ブランデー,年代別(女性),女性30代,2012,
好きなお酒(複数回答),ブランデー,年代別(女性),女性30代,2014,
好きなお酒(複数回答),ブランデー,年代別(女性),女性30代,2016,5.8
好きなお酒(複数回答),ブランデー,年代別(女性),女性30代,2018,3.5
好きなお酒(複数回答),ブランデー,年代別(女性),女性30代,2020,3.7
好きなお酒(複数回答),ブランデー,年代別(女性),女性30代,2022,4.1
好きなお酒(複数回答),ブランデー,年代別(女性),女性30代,2024,1.5
好きなお酒(複数回答),ブランデー,年代別(女性),女性40代,1992,
好きなお酒(複数回答),ブランデー,年代別(女性),女性40代,1994,
好きなお酒(複数回答),ブランデー,年代別(女性),女性40代,1996,
好きなお酒(複数回答),ブランデー,年代別(女性),女性40代,1998,
好きなお酒(複数回答),ブランデー,年代別(女性),女性40代,2000,
好きなお酒(複数回答),ブランデー,年代別(女性),女性40代,2002,
好きなお酒(複数回答),ブランデー,年代別(女性),女性40代,2004,
好きなお酒(複数回答),ブランデー,年代別(女性),女性40代,2006,
好きなお酒(複数回答),ブランデー,年代別(女性),女性40代,2008,
好きなお酒(複数回答),ブランデー,年代別(女性),女性40代,2010,
好きなお酒(複数回答),ブランデー,年代別(女性),女性40代,2012,
好きなお酒(複数回答),ブランデー,年代別(女性),女性40代,2014,
好きなお酒(複数回答),ブランデー,年代別(女性),女性40代,2016,2.8
好きなお酒(複数回答),ブランデー,年代別(女性),女性40代,2018,2.4
好きなお酒(複数回答),ブランデー,年代別(女性),女性40代,2020,4.4
好きなお酒(複数回答),ブランデー,年代別(女性),女性40代,2022,4.4
好きなお酒(複数回答),ブランデー,年代別(女性),女性40代,2024,2.4
好きなお酒(複数回答),ブランデー,年代別(女性),女性50代,1992,
好きなお酒(複数回答),ブランデー,年代別(女性),女性50代,1994,
好きなお酒(複数回答),ブランデー,年代別(女性),女性50代,1996,
好きなお酒(複数回答),ブランデー,年代別(女性),女性50代,1998,
好きなお酒(複数回答),ブランデー,年代別(女性),女性50代,2000,
好きなお酒(複数回答),ブランデー,年代別(女性),女性50代,2002,
好きなお酒(複数回答),ブランデー,年代別(女性),女性50代,2004,
好きなお酒(複数回答),ブランデー,年代別(女性),女性50代,2006,
好きなお酒(複数回答),ブランデー,年代別(女性),女性50代,2008,
好きなお酒(複数回答),ブランデー,年代別(女性),女性50代,2010,
好きなお酒(複数回答),ブランデー,年代別(女性),女性50代,2012,
好きなお酒(複数回答),ブランデー,年代別(女性),女性50代,2014,
好きなお酒(複数回答),ブランデー,年代別(女性),女性50代,2016,7.2
好きなお酒(複数回答),ブランデー,年代別(女性),女性50代,2018,5.1
好きなお酒(複数回答),ブランデー,年代別(女性),女性50代,2020,3.9
好きなお酒(複数回答),ブランデー,年代別(女性),女性50代,2022,5.6
好きなお酒(複数回答),ブランデー,年代別(女性),女性50代,2024,3.3
好きなお酒(複数回答),ブランデー,年代別(女性),女性60代,1992,
好きなお酒(複数回答),ブランデー,年代別(女性),女性60代,1994,
好きなお酒(複数回答),ブランデー,年代別(女性),女性60代,1996,
好きなお酒(複数回答),ブランデー,年代別(女性),女性60代,1998,
好きなお酒(複数回答),ブランデー,年代別(女性),女性60代,2000,
好きなお酒(複数回答),ブランデー,年代別(女性),女性60代,2002,
好きなお酒(複数回答),ブランデー,年代別(女性),女性60代,2004,
好きなお酒(複数回答),ブランデー,年代別(女性),女性60代,2006,
好きなお酒(複数回答),ブランデー,年代別(女性),女性60代,2008,
好きなお酒(複数回答),ブランデー,年代別(女性),女性60代,2010,
好きなお酒(複数回答),ブランデー,年代別(女性),女性60代,2012,
好きなお酒(複数回答),ブランデー,年代別(女性),女性60代,2014,
好きなお酒(複数回答),ブランデー,年代別(女性),女性60代,2016,5.2
好きなお酒(複数回答),ブランデー,年代別(女性),女性60代,2018,3.3
好きなお酒(複数回答),ブランデー,年代別(女性),女性60代,2020,6.1
好きなお酒(複数回答),ブランデー,年代別(女性),女性60代,2022,5.5
好きなお酒(複数回答),ブランデー,年代別(女性),女性60代,2024,5.3
好きなお酒(複数回答),ブランデー,地域別,首都圏,1992,
好きなお酒(複数回答),ブランデー,地域別,首都圏,1994,
好きなお酒(複数回答),ブランデー,地域別,首都圏,1996,
好きなお酒(複数回答),ブランデー,地域別,首都圏,1998,
好きなお酒(複数回答),ブランデー,地域別,首都圏,2000,
好きなお酒(複数回答),ブランデー,地域別,首都圏,2002,
好きなお酒(複数回答),ブランデー,地域別,首都圏,2004,
好きなお酒(複数回答),ブランデー,地域別,首都圏,2006,
好きなお酒(複数回答),ブランデー,地域別,首都圏,2008,
好きなお酒(複数回答),ブランデー,地域別,首都圏,2010,
好きなお酒(複数回答),ブランデー,地域別,首都圏,2012,
好きなお酒(複数回答),ブランデー,地域別,首都圏,2014,
好きなお酒(複数回答),ブランデー,地域別,首都圏,2016,7.3
好きなお酒(複数回答),ブランデー,地域別,首都圏,2018,5.5
好きなお酒(複数回答),ブランデー,地域別,首都圏,2020,5.5
好きなお酒(複数回答),ブランデー,地域別,首都圏,2022,7.2
好きなお酒(複数回答),ブランデー,地域別,首都圏,2024,5.2
好きなお酒(複数回答),ブランデー,地域別,阪神圏,1992,
好きなお酒(複数回答),ブランデー,地域別,阪神圏,1994,
好きなお酒(複数回答),ブランデー,地域別,阪神圏,1996,
好きなお酒(複数回答),ブランデー,地域別,阪神圏,1998,
好きなお酒(複数回答),ブランデー,地域別,阪神圏,2000,
好きなお酒(複数回答),ブランデー,地域別,阪神圏,2002,
好きなお酒(複数回答),ブランデー,地域別,阪神圏,2004,
好きなお酒(複数回答),ブランデー,地域別,阪神圏,2006,
好きなお酒(複数回答),ブランデー,地域別,阪神圏,2008,
好きなお酒(複数回答),ブランデー,地域別,阪神圏,2010,
好きなお酒(複数回答),ブランデー,地域別,阪神圏,2012,
好きなお酒(複数回答),ブランデー,地域別,阪神圏,2014,
好きなお酒(複数回答),ブランデー,地域別,阪神圏,2016,7.3
好きなお酒(複数回答),ブランデー,地域別,阪神圏,2018,5.8
好きなお酒(複数回答),ブランデー,地域別,阪神圏,2020,7.5
好きなお酒(複数回答),ブランデー,地域別,阪神圏,2022,6.5
好きなお酒(複数回答),ブランデー,地域別,阪神圏,2024,4.9
好きなお酒(複数回答),ワイン,全体,全体,1992,
好きなお酒(複数回答),ワイン,全体,全体,1994,
好きなお酒(複数回答),ワイン,全体,全体,1996,
好きなお酒(複数回答),ワイン,全体,全体,1998,
好きなお酒(複数回答),ワイン,全体,全体,2000,
好きなお酒(複数回答),ワイン,全体,全体,2002,
好きなお酒(複数回答),ワイン,全体,全体,2004,
好きなお酒(複数回答),ワイン,全体,全体,2006,
好きなお酒(複数回答),ワイン,全体,全体,2008,
好きなお酒(複数回答),ワイン,全体,全体,2010,
好きなお酒(複数回答),ワイン,全体,全体,2012,
好きなお酒(複数回答),ワイン,全体,全体,2014,
好きなお酒(複数回答),ワイン,全体,全体,2016,39.1
好きなお酒(複数回答),ワイン,全体,全体,2018,36.8
好きなお酒(複数回答),ワイン,全体,全体,2020,40.7
好きなお酒(複数回答),ワイン,全体,全体,2022,39.8
好きなお酒(複数回答),ワイン,全体,全体,2024,36.4
好きなお酒(複数回答),ワイン,男女別,男性,1992,
好きなお酒(複数回答),ワイン,男女別,男性,1994,
好きなお酒(複数回答),ワイン,男女別,男性,1996,
好きなお酒(複数回答),ワイン,男女別,男性,1998,
好きなお酒(複数回答),ワイン,男女別,男性,2000,
好きなお酒(複数回答),ワイン,男女別,男性,2002,
好きなお酒(複数回答),ワイン,男女別,男性,2004,
好きなお酒(複数回答),ワイン,男女別,男性,2006,
好きなお酒(複数回答),ワイン,男女別,男性,2008,
好きなお酒(複数回答),ワイン,男女別,男性,2010,
好きなお酒(複数回答),ワイン,男女別,男性,2012,
好きなお酒(複数回答),ワイン,男女別,男性,2014,
好きなお酒(複数回答),ワイン,男女別,男性,2016,33.0
好きなお酒(複数回答),ワイン,男女別,男性,2018,30.7
好きなお酒(複数回答),ワイン,男女別,男性,2020,36.9
好きなお酒(複数回答),ワイン,男女別,男性,2022,33.3
好きなお酒(複数回答),ワイン,男女別,男性,2024,31.8
好きなお酒(複数回答),ワイン,男女別,女性,1992,
好きなお酒(複数回答),ワイン,男女別,女性,1994,
好きなお酒(複数回答),ワイン,男女別,女性,1996,
好きなお酒(複数回答),ワイン,男女別,女性,1998,
好きなお酒(複数回答),ワイン,男女別,女性,2000,
好きなお酒(複数回答),ワイン,男女別,女性,2002,
好きなお酒(複数回答),ワイン,男女別,女性,2004,
好きなお酒(複数回答),ワイン,男女別,女性,2006,
好きなお酒(複数回答),ワイン,男女別,女性,2008,
好きなお酒(複数回答),ワイン,男女別,女性,2010,
好きなお酒(複数回答),ワイン,男女別,女性,2012,
好きなお酒(複数回答),ワイン,男女別,女性,2014,
好きなお酒(複数回答),ワイン,男女別,女性,2016,47.3
好きなお酒(複数回答),ワイン,男女別,女性,2018,44.7
好きなお酒(複数回答),ワイン,男女別,女性,2020,45.4
好きなお酒(複数回答),ワイン,男女別,女性,2022,48.2
好きなお酒(複数回答),ワイン,男女別,女性,2024,42.2
好きなお酒(複数回答),ワイン,年代別,20代,1992,
好きなお酒(複数回答),ワイン,年代別,20代,1994,
好きなお酒(複数回答),ワイン,年代別,20代,1996,
好きなお酒(複数回答),ワイン,年代別,20代,1998,
好きなお酒(複数回答),ワイン,年代別,20代,2000,
好きなお酒(複数回答),ワイン,年代別,20代,2002,
好きなお酒(複数回答),ワイン,年代別,20代,2004,
好きなお酒(複数回答),ワイン,年代別,20代,2006,
好きなお酒(複数回答),ワイン,年代別,20代,2008,
好きなお酒(複数回答),ワイン,年代別,20代,2010,
好きなお酒(複数回答),ワイン,年代別,20代,2012,
好きなお酒(複数回答),ワイン,年代別,20代,2014,
好きなお酒(複数回答),ワイン,年代別,20代,2016,26.4
好きなお酒(複数回答),ワイン,年代別,20代,2018,23.3
好きなお酒(複数回答),ワイン,年代別,20代,2020,26.6
好きなお酒(複数回答),ワイン,年代別,20代,2022,25.8
好きなお酒(複数回答),ワイン,年代別,20代,2024,21.0
好きなお酒(複数回答),ワイン,年代別,30代,1992,
好きなお酒(複数回答),ワイン,年代別,30代,1994,
好きなお酒(複数回答),ワイン,年代別,30代,1996,
好きなお酒(複数回答),ワイン,年代別,30代,1998,
好きなお酒(複数回答),ワイン,年代別,30代,2000,
好きなお酒(複数回答),ワイン,年代別,30代,2002,
好きなお酒(複数回答),ワイン,年代別,30代,2004,
好きなお酒(複数回答),ワイン,年代別,30代,2006,
好きなお酒(複数回答),ワイン,年代別,30代,2008,
好きなお酒(複数回答),ワイン,年代別,30代,2010,
好きなお酒(複数回答),ワイン,年代別,30代,2012,
好きなお酒(複数回答),ワイン,年代別,30代,2014,
好きなお酒(複数回答),ワイン,年代別,30代,2016,36.6
好きなお酒(複数回答),ワイン,年代別,30代,2018,33.5
好きなお酒(複数回答),ワイン,年代別,30代,2020,34.8
好きなお酒(複数回答),ワイン,年代別,30代,2022,38.1
好きなお酒(複数回答),ワイン,年代別,30代,2024,32.8
好きなお酒(複数回答),ワイン,年代別,40代,1992,
好きなお酒(複数回答),ワイン,年代別,40代,1994,
好きなお酒(複数回答),ワイン,年代別,40代,1996,
好きなお酒(複数回答),ワイン,年代別,40代,1998,
好きなお酒(複数回答),ワイン,年代別,40代,2000,
好きなお酒(複数回答),ワイン,年代別,40代,2002,
好きなお酒(複数回答),ワイン,年代別,40代,2004,
好きなお酒(複数回答),ワイン,年代別,40代,2006,
好きなお酒(複数回答),ワイン,年代別,40代,2008,
好きなお酒(複数回答),ワイン,年代別,40代,2010,
好きなお酒(複数回答),ワイン,年代別,40代,2012,
好きなお酒(複数回答),ワイン,年代別,40代,2014,
好きなお酒(複数回答),ワイン,年代別,40代,2016,39.9
好きなお酒(複数回答),ワイン,年代別,40代,2018,38.2
好きなお酒(複数回答),ワイン,年代別,40代,2020,41.5
好きなお酒(複数回答),ワイン,年代別,40代,2022,42.9
好きなお酒(複数回答),ワイン,年代別,40代,2024,35.6
好きなお酒(複数回答),ワイン,年代別,50代,1992,
好きなお酒(複数回答),ワイン,年代別,50代,1994,
好きなお酒(複数回答),ワイン,年代別,50代,1996,
好きなお酒(複数回答),ワイン,年代別,50代,1998,
好きなお酒(複数回答),ワイン,年代別,50代,2000,
好きなお酒(複数回答),ワイン,年代別,50代,2002,
好きなお酒(複数回答),ワイン,年代別,50代,2004,
好きなお酒(複数回答),ワイン,年代別,50代,2006,
好きなお酒(複数回答),ワイン,年代別,50代,2008,
好きなお酒(複数回答),ワイン,年代別,50代,2010,
好きなお酒(複数回答),ワイン,年代別,50代,2012,
好きなお酒(複数回答),ワイン,年代別,50代,2014,
好きなお酒(複数回答),ワイン,年代別,50代,2016,47.6
好きなお酒(複数回答),ワイン,年代別,50代,2018,44.3
好きなお酒(複数回答),ワイン,年代別,50代,2020,48.8
好きなお酒(複数回答),ワイン,年代別,50代,2022,45.4
好きなお酒(複数回答),ワイン,年代別,50代,2024,41.5
好きなお酒(複数回答),ワイン,年代別,60代,1992,
好きなお酒(複数回答),ワイン,年代別,60代,1994,
好きなお酒(複数回答),ワイン,年代別,60代,1996,
好きなお酒(複数回答),ワイン,年代別,60代,1998,
好きなお酒(複数回答),ワイン,年代別,60代,2000,
好きなお酒(複数回答),ワイン,年代別,60代,2002,
好きなお酒(複数回答),ワイン,年代別,60代,2004,
好きなお酒(複数回答),ワイン,年代別,60代,2006,
好きなお酒(複数回答),ワイン,年代別,60代,2008,
好きなお酒(複数回答),ワイン,年代別,60代,2010,
好きなお酒(複数回答),ワイン,年代別,60代,2012,
好きなお酒(複数回答),ワイン,年代別,60代,2014,
好きなお酒(複数回答),ワイン,年代別,60代,2016,43.0
好きなお酒(複数回答),ワイン,年代別,60代,2018,42.5
好きなお酒(複数回答),ワイン,年代別,60代,2020,48.5
好きなお酒(複数回答),ワイン,年代別,60代,2022,43.1
好きなお酒(複数回答),ワイン,年代別,60代,2024,49.4
好きなお酒(複数回答),ワイン,年代別(男性),男性20代,1992,
好きなお酒(複数回答),ワイン,年代別(男性),男性20代,1994,
好きなお酒(複数回答),ワイン,年代別(男性),男性20代,1996,
好きなお酒(複数回答),ワイン,年代別(男性),男性20代,1998,
好きなお酒(複数回答),ワイン,年代別(男性),男性20代,2000,
好きなお酒(複数回答),ワイン,年代別(男性),男性20代,2002,
好きなお酒(複数回答),ワイン,年代別(男性),男性20代,2004,
好きなお酒(複数回答),ワイン,年代別(男性),男性20代,2006,
好きなお酒(複数回答),ワイン,年代別(男性),男性20代,2008,
好きなお酒(複数回答),ワイン,年代別(男性),男性20代,2010,
好きなお酒(複数回答),ワイン,年代別(男性),男性20代,2012,
好きなお酒(複数回答),ワイン,年代別(男性),男性20代,2014,
好きなお酒(複数回答),ワイン,年代別(男性),男性20代,2016,21.0
好きなお酒(複数回答),ワイン,年代別(男性),男性20代,2018,19.0
好きなお酒(複数回答),ワイン,年代別(男性),男性20代,2020,26.9
好きなお酒(複数回答),ワイン,年代別(男性),男性20代,2022,23.2
好きなお酒(複数回答),ワイン,年代別(男性),男性20代,2024,22.1
好きなお酒(複数回答),ワイン,年代別(男性),男性30代,1992,
好きなお酒(複数回答),ワイン,年代別(男性),男性30代,1994,
好きなお酒(複数回答),ワイン,年代別(男性),男性30代,1996,
好きなお酒(複数回答),ワイン,年代別(男性),男性30代,1998,
好きなお酒(複数回答),ワイン,年代別(男性),男性30代,2000,
好きなお酒(複数回答),ワイン,年代別(男性),男性30代,2002,
好きなお酒(複数回答),ワイン,年代別(男性),男性30代,2004,
好きなお酒(複数回答),ワイン,年代別(男性),男性30代,2006,
好きなお酒(複数回答),ワイン,年代別(男性),男性30代,2008,
好きなお酒(複数回答),ワイン,年代別(男性),男性30代,2010,
好きなお酒(複数回答),ワイン,年代別(男性),男性30代,2012,
好きなお酒(複数回答),ワイン,年代別(男性),男性30代,2014,
好きなお酒(複数回答),ワイン,年代別(男性),男性30代,2016,29.0
好きなお酒(複数回答),ワイン,年代別(男性),男性30代,2018,25.3
好きなお酒(複数回答),ワイン,年代別(男性),男性30代,2020,31.4
好きなお酒(複数回答),ワイン,年代別(男性),男性30代,2022,28.6
好きなお酒(複数回答),ワイン,年代別(男性),男性30代,2024,30.9
好きなお酒(複数回答),ワイン,年代別(男性),男性40代,1992,
好きなお酒(複数回答),ワイン,年代別(男性),男性40代,1994,
好きなお酒(複数回答),ワイン,年代別(男性),男性40代,1996,
好きなお酒(複数回答),ワイン,年代別(男性),男性40代,1998,
好きなお酒(複数回答),ワイン,年代別(男性),男性40代,2000,
好きなお酒(複数回答),ワイン,年代別(男性),男性40代,2002,
好きなお酒(複数回答),ワイン,年代別(男性),男性40代,2004,
好きなお酒(複数回答),ワイン,年代別(男性),男性40代,2006,
好きなお酒(複数回答),ワイン,年代別(男性),男性40代,2008,
好きなお酒(複数回答),ワイン,年代別(男性),男性40代,2010,
好きなお酒(複数回答),ワイン,年代別(男性),男性40代,2012,
好きなお酒(複数回答),ワイン,年代別(男性),男性40代,2014,
好きなお酒(複数回答),ワイン,年代別(男性),男性40代,2016,32.5
好きなお酒(複数回答),ワイン,年代別(男性),男性40代,2018,30.7
好きなお酒(複数回答),ワイン,年代別(男性),男性40代,2020,34.3
好きなお酒(複数回答),ワイン,年代別(男性),男性40代,2022,34.3
好きなお酒(複数回答),ワイン,年代別(男性),男性40代,2024,26.8
好きなお酒(複数回答),ワイン,年代別(男性),男性50代,1992,
好きなお酒(複数回答),ワイン,年代別(男性),男性50代,1994,
好きなお酒(複数回答),ワイン,年代別(男性),男性50代,1996,
好きなお酒(複数回答),ワイン,年代別(男性),男性50代,1998,
好きなお酒(複数回答),ワイン,年代別(男性),男性50代,2000,
好きなお酒(複数回答),ワイン,年代別(男性),男性50代,2002,
好きなお酒(複数回答),ワイン,年代別(男性),男性50代,2004,
好きなお酒(複数回答),ワイン,年代別(男性),男性50代,2006,
好きなお酒(複数回答),ワイン,年代別(男性),男性50代,2008,
好きなお酒(複数回答),ワイン,年代別(男性),男性50代,2010,
好きなお酒(複数回答),ワイン,年代別(男性),男性50代,2012,
好きなお酒(複数回答),ワイン,年代別(男性),男性50代,2014,
好きなお酒(複数回答),ワイン,年代別(男性),男性50代,2016,41.9
好きなお酒(複数回答),ワイン,年代別(男性),男性50代,2018,39.7
好きなお酒(複数回答),ワイン,年代別(男性),男性50代,2020,46.8
好きなお酒(複数回答),ワイン,年代別(男性),男性50代,2022,38.9
好きなお酒(複数回答),ワイン,年代別(男性),男性50代,2024,35.6
好きなお酒(複数回答),ワイン,年代別(男性),男性60代,1992,
好きなお酒(複数回答),ワイン,年代別(男性),男性60代,1994,
好きなお酒(複数回答),ワイン,年代別(男性),男性60代,1996,
好きなお酒(複数回答),ワイン,年代別(男性),男性60代,1998,
好きなお酒(複数回答),ワイン,年代別(男性),男性60代,2000,
好きなお酒(複数回答),ワイン,年代別(男性),男性60代,2002,
好きなお酒(複数回答),ワイン,年代別(男性),男性60代,2004,
好きなお酒(複数回答),ワイン,年代別(男性),男性60代,2006,
好きなお酒(複数回答),ワイン,年代別(男性),男性60代,2008,
好きなお酒(複数回答),ワイン,年代別(男性),男性60代,2010,
好きなお酒(複数回答),ワイン,年代別(男性),男性60代,2012,
好きなお酒(複数回答),ワイン,年代別(男性),男性60代,2014,
好きなお酒(複数回答),ワイン,年代別(男性),男性60代,2016,37.7
好きなお酒(複数回答),ワイン,年代別(男性),男性60代,2018,36.8
好きなお酒(複数回答),ワイン,年代別(男性),男性60代,2020,43.2
好きなお酒(複数回答),ワイン,年代別(男性),男性60代,2022,37.7
好きなお酒(複数回答),ワイン,年代別(男性),男性60代,2024,43.3
好きなお酒(複数回答),ワイン,年代別(女性),女性20代,1992,
好きなお酒(複数回答),ワイン,年代別(女性),女性20代,1994,
好きなお酒(複数回答),ワイン,年代別(女性),女性20代,1996,
好きなお酒(複数回答),ワイン,年代別(女性),女性20代,1998,
好きなお酒(複数回答),ワイン,年代別(女性),女性20代,2000,
好きなお酒(複数回答),ワイン,年代別(女性),女性20代,2002,
好きなお酒(複数回答),ワイン,年代別(女性),女性20代,2004,
好きなお酒(複数回答),ワイン,年代別(女性),女性20代,2006,
好きなお酒(複数回答),ワイン,年代別(女性),女性20代,2008,
好きなお酒(複数回答),ワイン,年代別(女性),女性20代,2010,
好きなお酒(複数回答),ワイン,年代別(女性),女性20代,2012,
好きなお酒(複数回答),ワイン,年代別(女性),女性20代,2014,
好きなお酒(複数回答),ワイン,年代別(女性),女性20代,2016,32.5
好きなお酒(複数回答),ワイン,年代別(女性),女性20代,2018,28.3
好きなお酒(複数回答),ワイン,年代別(女性),女性20代,2020,26.3
好きなお酒(複数回答),ワイン,年代別(女性),女性20代,2022,28.7
好きなお酒(複数回答),ワイン,年代別(女性),女性20代,2024,19.7
好きなお酒(複数回答),ワイン,年代別(女性),女性30代,1992,
好きなお酒(複数回答),ワイン,年代別(女性),女性30代,1994,
好きなお酒(複数回答),ワイン,年代別(女性),女性30代,1996,
好きなお酒(複数回答),ワイン,年代別(女性),女性30代,1998,
好きなお酒(複数回答),ワイン,年代別(女性),女性30代,2000,
好きなお酒(複数回答),ワイン,年代別(女性),女性30代,2002,
好きなお酒(複数回答),ワイン,年代別(女性),女性30代,2004,
好きなお酒(複数回答),ワイン,年代別(女性),女性30代,2006,
好きなお酒(複数回答),ワイン,年代別(女性),女性30代,2008,
好きなお酒(複数回答),ワイン,年代別(女性),女性30代,2010,
好きなお酒(複数回答),ワイン,年代別(女性),女性30代,2012,
好きなお酒(複数回答),ワイン,年代別(女性),女性30代,2014,
好きなお酒(複数回答),ワイン,年代別(女性),女性30代,2016,46.6
好きなお酒(複数回答),ワイン,年代別(女性),女性30代,2018,44.7
好きなお酒(複数回答),ワイン,年代別(女性),女性30代,2020,39.3
好きなお酒(複数回答),ワイン,年代別(女性),女性30代,2022,49.7
好きなお酒(複数回答),ワイン,年代別(女性),女性30代,2024,35.0
好きなお酒(複数回答),ワイン,年代別(女性),女性40代,1992,
好きなお酒(複数回答),ワイン,年代別(女性),女性40代,1994,
好きなお酒(複数回答),ワイン,年代別(女性),女性40代,1996,
好きなお酒(複数回答),ワイン,年代別(女性),女性40代,1998,
好きなお酒(複数回答),ワイン,年代別(女性),女性40代,2000,
好きなお酒(複数回答),ワイン,年代別(女性),女性40代,2002,
好きなお酒(複数回答),ワイン,年代別(女性),女性40代,2004,
好きなお酒(複数回答),ワイン,年代別(女性),女性40代,2006,
好きなお酒(複数回答),ワイン,年代別(女性),女性40代,2008,
好きなお酒(複数回答),ワイン,年代別(女性),女性40代,2010,
好きなお酒(複数回答),ワイン,年代別(女性),女性40代,2012,
好きなお酒(複数回答),ワイン,年代別(女性),女性40代,2014,
好きなお酒(複数回答),ワイン,年代別(女性),女性40代,2016,49.2
好きなお酒(複数回答),ワイン,年代別(女性),女性40代,2018,47.6
好きなお酒(複数回答),ワイン,年代別(女性),女性40代,2020,50.5
好きなお酒(複数回答),ワイン,年代別(女性),女性40代,2022,54.0
好きなお酒(複数回答),ワイン,年代別(女性),女性40代,2024,46.7
好きなお酒(複数回答),ワイン,年代別(女性),女性50代,1992,
好きなお酒(複数回答),ワイン,年代別(女性),女性50代,1994,
好きなお酒(複数回答),ワイン,年代別(女性),女性50代,1996,
好きなお酒(複数回答),ワイン,年代別(女性),女性50代,1998,
好きなお酒(複数回答),ワイン,年代別(女性),女性50代,2000,
好きなお酒(複数回答),ワイン,年代別(女性),女性50代,2002,
好きなお酒(複数回答),ワイン,年代別(女性),女性50代,2004,
好きなお酒(複数回答),ワイン,年代別(女性),女性50代,2006,
好きなお酒(複数回答),ワイン,年代別(女性),女性50代,2008,
好きなお酒(複数回答),ワイン,年代別(女性),女性50代,2010,
好きなお酒(複数回答),ワイン,年代別(女性),女性50代,2012,
好きなお酒(複数回答),ワイン,年代別(女性),女性50代,2014,
好きなお酒(複数回答),ワイン,年代別(女性),女性50代,2016,56.0
好きなお酒(複数回答),ワイン,年代別(女性),女性50代,2018,50.3
好きなお酒(複数回答),ワイン,年代別(女性),女性50代,2020,51.1
好きなお酒(複数回答),ワイン,年代別(女性),女性50代,2022,54.0
好きなお酒(複数回答),ワイン,年代別(女性),女性50代,2024,49.2
好きなお酒(複数回答),ワイン,年代別(女性),女性60代,1992,
好きなお酒(複数回答),ワイン,年代別(女性),女性60代,1994,
好きなお酒(複数回答),ワイン,年代別(女性),女性60代,1996,
好きなお酒(複数回答),ワイン,年代別(女性),女性60代,1998,
好きなお酒(複数回答),ワイン,年代別(女性),女性60代,2000,
好きなお酒(複数回答),ワイン,年代別(女性),女性60代,2002,
好きなお酒(複数回答),ワイン,年代別(女性),女性60代,2004,
好きなお酒(複数回答),ワイン,年代別(女性),女性60代,2006,
好きなお酒(複数回答),ワイン,年代別(女性),女性60代,2008,
好きなお酒(複数回答),ワイン,年代別(女性),女性60代,2010,
好きなお酒(複数回答),ワイン,年代別(女性),女性60代,2012,
好きなお酒(複数回答),ワイン,年代別(女性),女性60代,2014,
好きなお酒(複数回答),ワイン,年代別(女性),女性60代,2016,51.6
好きなお酒(複数回答),ワイン,年代別(女性),女性60代,2018,50.3
好きなお酒(複数回答),ワイン,年代別(女性),女性60代,2020,55.0
好きなお酒(複数回答),ワイン,年代別(女性),女性60代,2022,50.7
好きなお酒(複数回答),ワイン,年代別(女性),女性60代,2024,57.9
好きなお酒(複数回答),ワイン,地域別,首都圏,1992,
好きなお酒(複数回答),ワイン,地域別,首都圏,1994,
好きなお酒(複数回答),ワイン,地域別,首都圏,1996,
好きなお酒(複数回答),ワイン,地域別,首都圏,1998,
好きなお酒(複数回答),ワイン,地域別,首都圏,2000,
好きなお酒(複数回答),ワイン,地域別,首都圏,2002,
好きなお酒(複数回答),ワイン,地域別,首都圏,2004,
好きなお酒(複数回答),ワイン,地域別,首都圏,2006,
好きなお酒(複数回答),ワイン,地域別,首都圏,2008,
好きなお酒(複数回答),ワイン,地域別,首都圏,2010,
好きなお酒(複数回答),ワイン,地域別,首都圏,2012,
好きなお酒(複数回答),ワイン,地域別,首都圏,2014,
好きなお酒(複数回答),ワイン,地域別,首都圏,2016,42.4
好きなお酒(複数回答),ワイン,地域別,首都圏,2018,39.1
好きなお酒(複数回答),ワイン,地域別,首都圏,2020,44.4
好きなお酒(複数回答),ワイン,地域別,首都圏,2022,42.3
好きなお酒(複数回答),ワイン,地域別,首都圏,2024,38.7
好きなお酒(複数回答),ワイン,地域別,阪神圏,1992,
好きなお酒(複数回答),ワイン,地域別,阪神圏,1994,
好きなお酒(複数回答),ワイン,地域別,阪神圏,1996,
好きなお酒(複数回答),ワイン,地域別,阪神圏,1998,
好きなお酒(複数回答),ワイン,地域別,阪神圏,2000,
好きなお酒(複数回答),ワイン,地域別,阪神圏,2002,
好きなお酒(複数回答),ワイン,地域別,阪神圏,2004,
好きなお酒(複数回答),ワイン,地域別,阪神圏,2006,
好きなお酒(複数回答),ワイン,地域別,阪神圏,2008,
好きなお酒(複数回答),ワイン,地域別,阪神圏,2010,
好きなお酒(複数回答),ワイン,地域別,阪神圏,2012,
好きなお酒(複数回答),ワイン,地域別,阪神圏,2014,
好きなお酒(複数回答),ワイン,地域別,阪神圏,2016,29.9
好きなお酒(複数回答),ワイン,地域別,阪神圏,2018,30.7
好きなお酒(複数回答),ワイン,地域別,阪神圏,2020,30.8
好きなお酒(複数回答),ワイン,地域別,阪神圏,2022,32.9
好きなお酒(複数回答),ワイン,地域別,阪神圏,2024,29.9
好きなお酒(複数回答),日本酒,全体,全体,1992,
好きなお酒(複数回答),日本酒,全体,全体,1994,
好きなお酒(複数回答),日本酒,全体,全体,1996,
好きなお酒(複数回答),日本酒,全体,全体,1998,
好きなお酒(複数回答),日本酒,全体,全体,2000,
好きなお酒(複数回答),日本酒,全体,全体,2002,
好きなお酒(複数回答),日本酒,全体,全体,2004,
好きなお酒(複数回答),日本酒,全体,全体,2006,
好きなお酒(複数回答),日本酒,全体,全体,2008,
好きなお酒(複数回答),日本酒,全体,全体,2010,
好きなお酒(複数回答),日本酒,全体,全体,2012,
好きなお酒(複数回答),日本酒,全体,全体,2014,
好きなお酒(複数回答),日本酒,全体,全体,2016,37.2
好きなお酒(複数回答),日本酒,全体,全体,2018,34.2
好きなお酒(複数回答),日本酒,全体,全体,2020,36.1
好きなお酒(複数回答),日本酒,全体,全体,2022,33.7
好きなお酒(複数回答),日本酒,全体,全体,2024,33.8
好きなお酒(複数回答),日本酒,男女別,男性,1992,
好きなお酒(複数回答),日本酒,男女別,男性,1994,
好きなお酒(複数回答),日本酒,男女別,男性,1996,
好きなお酒(複数回答),日本酒,男女別,男性,1998,
好きなお酒(複数回答),日本酒,男女別,男性,2000,
好きなお酒(複数回答),日本酒,男女別,男性,2002,
好きなお酒(複数回答),日本酒,男女別,男性,2004,
好きなお酒(複数回答),日本酒,男女別,男性,2006,
好きなお酒(複数回答),日本酒,男女別,男性,2008,
好きなお酒(複数回答),日本酒,男女別,男性,2010,
好きなお酒(複数回答),日本酒,男女別,男性,2012,
好きなお酒(複数回答),日本酒,男女別,男性,2014,
好きなお酒(複数回答),日本酒,男女別,男性,2016,44.3
好きなお酒(複数回答),日本酒,男女別,男性,2018,40.5
好きなお酒(複数回答),日本酒,男女別,男性,2020,41.3
好きなお酒(複数回答),日本酒,男女別,男性,2022,38.2
好きなお酒(複数回答),日本酒,男女別,男性,2024,37.8
好きなお酒(複数回答),日本酒,男女別,女性,1992,
好きなお酒(複数回答),日本酒,男女別,女性,1994,
好きなお酒(複数回答),日本酒,男女別,女性,1996,
好きなお酒(複数回答),日本酒,男女別,女性,1998,
好きなお酒(複数回答),日本酒,男女別,女性,2000,
好きなお酒(複数回答),日本酒,男女別,女性,2002,
好きなお酒(複数回答),日本酒,男女別,女性,2004,
好きなお酒(複数回答),日本酒,男女別,女性,2006,
好きなお酒(複数回答),日本酒,男女別,女性,2008,
好きなお酒(複数回答),日本酒,男女別,女性,2010,
好きなお酒(複数回答),日本酒,男女別,女性,2012,
好きなお酒(複数回答),日本酒,男女別,女性,2014,
好きなお酒(複数回答),日本酒,男女別,女性,2016,27.6
好きなお酒(複数回答),日本酒,男女別,女性,2018,26.1
好きなお酒(複数回答),日本酒,男女別,女性,2020,29.6
好きなお酒(複数回答),日本酒,男女別,女性,2022,27.8
好きなお酒(複数回答),日本酒,男女別,女性,2024,28.7
好きなお酒(複数回答),日本酒,年代別,20代,1992,
好きなお酒(複数回答),日本酒,年代別,20代,1994,
好きなお酒(複数回答),日本酒,年代別,20代,1996,
好きなお酒(複数回答),日本酒,年代別,20代,1998,
好きなお酒(複数回答),日本酒,年代別,20代,2000,
好きなお酒(複数回答),日本酒,年代別,20代,2002,
好きなお酒(複数回答),日本酒,年代別,20代,2004,
好きなお酒(複数回答),日本酒,年代別,20代,2006,
好きなお酒(複数回答),日本酒,年代別,20代,2008,
好きなお酒(複数回答),日本酒,年代別,20代,2010,
好きなお酒(複数回答),日本酒,年代別,20代,2012,
好きなお酒(複数回答),日本酒,年代別,20代,2014,
好きなお酒(複数回答),日本酒,年代別,20代,2016,25.3
好きなお酒(複数回答),日本酒,年代別,20代,2018,28.6
好きなお酒(複数回答),日本酒,年代別,20代,2020,27.6
好きなお酒(複数回答),日本酒,年代別,20代,2022,20.6
好きなお酒(複数回答),日本酒,年代別,20代,2024,26.0
好きなお酒(複数回答),日本酒,年代別,30代,1992,
好きなお酒(複数回答),日本酒,年代別,30代,1994,
好きなお酒(複数回答),日本酒,年代別,30代,1996,
好きなお酒(複数回答),日本酒,年代別,30代,1998,
好きなお酒(複数回答),日本酒,年代別,30代,2000,
好きなお酒(複数回答),日本酒,年代別,30代,2002,
好きなお酒(複数回答),日本酒,年代別,30代,2004,
好きなお酒(複数回答),日本酒,年代別,30代,2006,
好きなお酒(複数回答),日本酒,年代別,30代,2008,
好きなお酒(複数回答),日本酒,年代別,30代,2010,
好きなお酒(複数回答),日本酒,年代別,30代,2012,
好きなお酒(複数回答),日本酒,年代別,30代,2014,
好きなお酒(複数回答),日本酒,年代別,30代,2016,34.3
好きなお酒(複数回答),日本酒,年代別,30代,2018,29.0
好きなお酒(複数回答),日本酒,年代別,30代,2020,35.2
好きなお酒(複数回答),日本酒,年代別,30代,2022,32.0
好きなお酒(複数回答),日本酒,年代別,30代,2024,33.1
好きなお酒(複数回答),日本酒,年代別,40代,1992,
好きなお酒(複数回答),日本酒,年代別,40代,1994,
好きなお酒(複数回答),日本酒,年代別,40代,1996,
好きなお酒(複数回答),日本酒,年代別,40代,1998,
好きなお酒(複数回答),日本酒,年代別,40代,2000,
好きなお酒(複数回答),日本酒,年代別,40代,2002,
好きなお酒(複数回答),日本酒,年代別,40代,2004,
好きなお酒(複数回答),日本酒,年代別,40代,2006,
好きなお酒(複数回答),日本酒,年代別,40代,2008,
好きなお酒(複数回答),日本酒,年代別,40代,2010,
好きなお酒(複数回答),日本酒,年代別,40代,2012,
好きなお酒(複数回答),日本酒,年代別,40代,2014,
好きなお酒(複数回答),日本酒,年代別,40代,2016,32.7
好きなお酒(複数回答),日本酒,年代別,40代,2018,30.5
好きなお酒(複数回答),日本酒,年代別,40代,2020,30.7
好きなお酒(複数回答),日本酒,年代別,40代,2022,35.7
好きなお酒(複数回答),日本酒,年代別,40代,2024,31.9
好きなお酒(複数回答),日本酒,年代別,50代,1992,
好きなお酒(複数回答),日本酒,年代別,50代,1994,
好きなお酒(複数回答),日本酒,年代別,50代,1996,
好きなお酒(複数回答),日本酒,年代別,50代,1998,
好きなお酒(複数回答),日本酒,年代別,50代,2000,
好きなお酒(複数回答),日本酒,年代別,50代,2002,
好きなお酒(複数回答),日本酒,年代別,50代,2004,
好きなお酒(複数回答),日本酒,年代別,50代,2006,
好きなお酒(複数回答),日本酒,年代別,50代,2008,
好きなお酒(複数回答),日本酒,年代別,50代,2010,
好きなお酒(複数回答),日本酒,年代別,50代,2012,
好きなお酒(複数回答),日本酒,年代別,50代,2014,
好きなお酒(複数回答),日本酒,年代別,50代,2016,41.7
好きなお酒(複数回答),日本酒,年代別,50代,2018,36.7
好きなお酒(複数回答),日本酒,年代別,50代,2020,40.0
好きなお酒(複数回答),日本酒,年代別,50代,2022,37.3
好きなお酒(複数回答),日本酒,年代別,50代,2024,36.7
好きなお酒(複数回答),日本酒,年代別,60代,1992,
好きなお酒(複数回答),日本酒,年代別,60代,1994,
好きなお酒(複数回答),日本酒,年代別,60代,1996,
好きなお酒(複数回答),日本酒,年代別,60代,1998,
好きなお酒(複数回答),日本酒,年代別,60代,2000,
好きなお酒(複数回答),日本酒,年代別,60代,2002,
好きなお酒(複数回答),日本酒,年代別,60代,2004,
好きなお酒(複数回答),日本酒,年代別,60代,2006,
好きなお酒(複数回答),日本酒,年代別,60代,2008,
好きなお酒(複数回答),日本酒,年代別,60代,2010,
好きなお酒(複数回答),日本酒,年代別,60代,2012,
好きなお酒(複数回答),日本酒,年代別,60代,2014,
好きなお酒(複数回答),日本酒,年代別,60代,2016,52.6
好きなお酒(複数回答),日本酒,年代別,60代,2018,48.3
好きなお酒(複数回答),日本酒,年代別,60代,2020,48.5
好きなお酒(複数回答),日本酒,年代別,60代,2022,40.0
好きなお酒(複数回答),日本酒,年代別,60代,2024,41.0
好きなお酒(複数回答),日本酒,年代別(男性),男性20代,1992,
好きなお酒(複数回答),日本酒,年代別(男性),男性20代,1994,
好きなお酒(複数回答),日本酒,年代別(男性),男性20代,1996,
好きなお酒(複数回答),日本酒,年代別(男性),男性20代,1998,
好きなお酒(複数回答),日本酒,年代別(男性),男性20代,2000,
好きなお酒(複数回答),日本酒,年代別(男性),男性20代,2002,
好きなお酒(複数回答),日本酒,年代別(男性),男性20代,2004,
好きなお酒(複数回答),日本酒,年代別(男性),男性20代,2006,
好きなお酒(複数回答),日本酒,年代別(男性),男性20代,2008,
好きなお酒(複数回答),日本酒,年代別(男性),男性20代,2010,
好きなお酒(複数回答),日本酒,年代別(男性),男性20代,2012,
好きなお酒(複数回答),日本酒,年代別(男性),男性20代,2014,
好きなお酒(複数回答),日本酒,年代別(男性),男性20代,2016,30.6
好きなお酒(複数回答),日本酒,年代別(男性),男性20代,2018,33.7
好きなお酒(複数回答),日本酒,年代別(男性),男性20代,2020,34.4
好きなお酒(複数回答),日本酒,年代別(男性),男性20代,2022,25.4
好きなお酒(複数回答),日本酒,年代別(男性),男性20代,2024,28.6
好きなお酒(複数回答),日本酒,年代別(男性),男性30代,1992,
好きなお酒(複数回答),日本酒,年代別(男性),男性30代,1994,
好きなお酒(複数回答),日本酒,年代別(男性),男性30代,1996,
好きなお酒(複数回答),日本酒,年代別(男性),男性30代,1998,
好きなお酒(複数回答),日本酒,年代別(男性),男性30代,2000,
好きなお酒(複数回答),日本酒,年代別(男性),男性30代,2002,
好きなお酒(複数回答),日本酒,年代別(男性),男性30代,2004,
好きなお酒(複数回答),日本酒,年代別(男性),男性30代,2006,
好きなお酒(複数回答),日本酒,年代別(男性),男性30代,2008,
好きなお酒(複数回答),日本酒,年代別(男性),男性30代,2010,
好きなお酒(複数回答),日本酒,年代別(男性),男性30代,2012,
好きなお酒(複数回答),日本酒,年代別(男性),男性30代,2014,
好きなお酒(複数回答),日本酒,年代別(男性),男性30代,2016,39.3
好きなお酒(複数回答),日本酒,年代別(男性),男性30代,2018,33.0
好きなお酒(複数回答),日本酒,年代別(男性),男性30代,2020,40.0
好きなお酒(複数回答),日本酒,年代別(男性),男性30代,2022,34.3
好きなお酒(複数回答),日本酒,年代別(男性),男性30代,2024,32.7
好きなお酒(複数回答),日本酒,年代別(男性),男性40代,1992,
好きなお酒(複数回答),日本酒,年代別(男性),男性40代,1994,
好きなお酒(複数回答),日本酒,年代別(男性),男性40代,1996,
好きなお酒(複数回答),日本酒,年代別(男性),男性40代,1998,
好きなお酒(複数回答),日本酒,年代別(男性),男性40代,2000,
好きなお酒(複数回答),日本酒,年代別(男性),男性40代,2002,
好きなお酒(複数回答),日本酒,年代別(男性),男性40代,2004,
好きなお酒(複数回答),日本酒,年代別(男性),男性40代,2006,
好きなお酒(複数回答),日本酒,年代別(男性),男性40代,2008,
好きなお酒(複数回答),日本酒,年代別(男性),男性40代,2010,
好きなお酒(複数回答),日本酒,年代別(男性),男性40代,2012,
好きなお酒(複数回答),日本酒,年代別(男性),男性40代,2014,
好きなお酒(複数回答),日本酒,年代別(男性),男性40代,2016,40.6
好きなお酒(複数回答),日本酒,年代別(男性),男性40代,2018,35.4
好きなお酒(複数回答),日本酒,年代別(男性),男性40代,2020,33.9
好きなお酒(複数回答),日本酒,年代別(男性),男性40代,2022,38.4
好きなお酒(複数回答),日本酒,年代別(男性),男性40代,2024,34.7
好きなお酒(複数回答),日本酒,年代別(男性),男性50代,1992,
好きなお酒(複数回答),日本酒,年代別(男性),男性50代,1994,
好きなお酒(複数回答),日本酒,年代別(男性),男性50代,1996,
好きなお酒(複数回答),日本酒,年代別(男性),男性50代,1998,
好きなお酒(複数回答),日本酒,年代別(男性),男性50代,2000,
好きなお酒(複数回答),日本酒,年代別(男性),男性50代,2002,
好きなお酒(複数回答),日本酒,年代別(男性),男性50代,2004,
好きなお酒(複数回答),日本酒,年代別(男性),男性50代,2006,
好きなお酒(複数回答),日本酒,年代別(男性),男性50代,2008,
好きなお酒(複数回答),日本酒,年代別(男性),男性50代,2010,
好きなお酒(複数回答),日本酒,年代別(男性),男性50代,2012,
好きなお酒(複数回答),日本酒,年代別(男性),男性50代,2014,
好きなお酒(複数回答),日本酒,年代別(男性),男性50代,2016,48.0
好きなお酒(複数回答),日本酒,年代別(男性),男性50代,2018,44.0
好きなお酒(複数回答),日本酒,年代別(男性),男性50代,2020,47.3
好きなお酒(複数回答),日本酒,年代別(男性),男性50代,2022,42.8
好きなお酒(複数回答),日本酒,年代別(男性),男性50代,2024,41.9
好きなお酒(複数回答),日本酒,年代別(男性),男性60代,1992,
好きなお酒(複数回答),日本酒,年代別(男性),男性60代,1994,
好きなお酒(複数回答),日本酒,年代別(男性),男性60代,1996,
好きなお酒(複数回答),日本酒,年代別(男性),男性60代,1998,
好きなお酒(複数回答),日本酒,年代別(男性),男性60代,2000,
好きなお酒(複数回答),日本酒,年代別(男性),男性60代,2002,
好きなお酒(複数回答),日本酒,年代別(男性),男性60代,2004,
好きなお酒(複数回答),日本酒,年代別(男性),男性60代,2006,
好きなお酒(複数回答),日本酒,年代別(男性),男性60代,2008,
好きなお酒(複数回答),日本酒,年代別(男性),男性60代,2010,
好きなお酒(複数回答),日本酒,年代別(男性),男性60代,2012,
好きなお酒(複数回答),日本酒,年代別(男性),男性60代,2014,
好きなお酒(複数回答),日本酒,年代別(男性),男性60代,2016,60.7
好きなお酒(複数回答),日本酒,年代別(男性),男性60代,2018,58.4
好きなお酒(複数回答),日本酒,年代別(男性),男性60代,2020,53.1
好きなお酒(複数回答),日本酒,年代別(男性),男性60代,2022,47.1
好きなお酒(複数回答),日本酒,年代別(男性),男性60代,2024,50.3
好きなお酒(複数回答),日本酒,年代別(女性),女性20代,1992,
好きなお酒(複数回答),日本酒,年代別(女性),女性20代,1994,
好きなお酒(複数回答),日本酒,年代別(女性),女性20代,1996,
好きなお酒(複数回答),日本酒,年代別(女性),女性20代,1998,
好きなお酒(複数回答),日本酒,年代別(女性),女性20代,2000,
好きなお酒(複数回答),日本酒,年代別(女性),女性20代,2002,
好きなお酒(複数回答),日本酒,年代別(女性),女性20代,2004,
好きなお酒(複数回答),日本酒,年代別(女性),女性20代,2006,
好きなお酒(複数回答),日本酒,年代別(女性),女性20代,2008,
好きなお酒(複数回答),日本酒,年代別(女性),女性20代,2010,
好きなお酒(複数回答),日本酒,年代別(女性),女性20代,2012,
好きなお酒(複数回答),日本酒,年代別(女性),女性20代,2014,
好きなお酒(複数回答),日本酒,年代別(女性),女性20代,2016,19.3
好きなお酒(複数回答),日本酒,年代別(女性),女性20代,2018,22.6
好きなお酒(複数回答),日本酒,年代別(女性),女性20代,2020,19.5
好きなお酒(複数回答),日本酒,年代別(女性),女性20代,2022,15.2
好きなお酒(複数回答),日本酒,年代別(女性),女性20代,2024,22.8
好きなお酒(複数回答),日本酒,年代別(女性),女性30代,1992,
好きなお酒(複数回答),日本酒,年代別(女性),女性30代,1994,
好きなお酒(複数回答),日本酒,年代別(女性),女性30代,1996,
好きなお酒(複数回答),日本酒,年代別(女性),女性30代,1998,
好きなお酒(複数回答),日本酒,年代別(女性),女性30代,2000,
好きなお酒(複数回答),日本酒,年代別(女性),女性30代,2002,
好きなお酒(複数回答),日本酒,年代別(女性),女性30代,2004,
好きなお酒(複数回答),日本酒,年代別(女性),女性30代,2006,
好きなお酒(複数回答),日本酒,年代別(女性),女性30代,2008,
好きなお酒(複数回答),日本酒,年代別(女性),女性30代,2010,
好きなお酒(複数回答),日本酒,年代別(女性),女性30代,2012,
好きなお酒(複数回答),日本酒,年代別(女性),女性30代,2014,
好きなお酒(複数回答),日本酒,年代別(女性),女性30代,2016,27.7
好きなお酒(複数回答),日本酒,年代別(女性),女性30代,2018,23.5
好きなお酒(複数回答),日本酒,年代別(女性),女性30代,2020,28.9
好きなお酒(複数回答),日本酒,年代別(女性),女性30代,2022,29.2
好きなお酒(複数回答),日本酒,年代別(女性),女性30代,2024,33.6
好きなお酒(複数回答),日本酒,年代別(女性),女性40代,1992,
好きなお酒(複数回答),日本酒,年代別(女性),女性40代,1994,
好きなお酒(複数回答),日本酒,年代別(女性),女性40代,1996,
好きなお酒(複数回答),日本酒,年代別(女性),女性40代,1998,
好きなお酒(複数回答),日本酒,年代別(女性),女性40代,2000,
好きなお酒(複数回答),日本酒,年代別(女性),女性40代,2002,
好きなお酒(複数回答),日本酒,年代別(女性),女性40代,2004,
好きなお酒(複数回答),日本酒,年代別(女性),女性40代,2006,
好きなお酒(複数回答),日本酒,年代別(女性),女性40代,2008,
好きなお酒(複数回答),日本酒,年代別(女性),女性40代,2010,
好きなお酒(複数回答),日本酒,年代別(女性),女性40代,2012,
好きなお酒(複数回答),日本酒,年代別(女性),女性40代,2014,
好きなお酒(複数回答),日本酒,年代別(女性),女性40代,2016,22.6
好きなお酒(複数回答),日本酒,年代別(女性),女性40代,2018,24.4
好きなお酒(複数回答),日本酒,年代別(女性),女性40代,2020,26.7
好きなお酒(複数回答),日本酒,年代別(女性),女性40代,2022,32.3
好きなお酒(複数回答),日本酒,年代別(女性),女性40代,2024,28.4
好きなお酒(複数回答),日本酒,年代別(女性),女性50代,1992,
好きなお酒(複数回答),日本酒,年代別(女性),女性50代,1994,
好きなお酒(複数回答),日本酒,年代別(女性),女性50代,1996,
好きなお酒(複数回答),日本酒,年代別(女性),女性50代,1998,
好きなお酒(複数回答),日本酒,年代別(女性),女性50代,2000,
好きなお酒(複数回答),日本酒,年代別(女性),女性50代,2002,
好きなお酒(複数回答),日本酒,年代別(女性),女性50代,2004,
好きなお酒(複数回答),日本酒,年代別(女性),女性50代,2006,
好きなお酒(複数回答),日本酒,年代別(女性),女性50代,2008,
好きなお酒(複数回答),日本酒,年代別(女性),女性50代,2010,
好きなお酒(複数回答),日本酒,年代別(女性),女性50代,2012,
好きなお酒(複数回答),日本酒,年代別(女性),女性50代,2014,
好きなお酒(複数回答),日本酒,年代別(女性),女性50代,2016,32.5
好きなお酒(複数回答),日本酒,年代別(女性),女性50代,2018,26.9
好きなお酒(複数回答),日本酒,年代別(女性),女性50代,2020,31.1
好きなお酒(複数回答),日本酒,年代別(女性),女性50代,2022,30.0
好きなお酒(複数回答),日本酒,年代別(女性),女性50代,2024,29.8
好きなお酒(複数回答),日本酒,年代別(女性),女性60代,1992,
好きなお酒(複数回答),日本酒,年代別(女性),女性60代,1994,
好きなお酒(複数回答),日本酒,年代別(女性),女性60代,1996,
好きなお酒(複数回答),日本酒,年代別(女性),女性60代,1998,
好きなお酒(複数回答),日本酒,年代別(女性),女性60代,2000,
好きなお酒(複数回答),日本酒,年代別(女性),女性60代,2002,
好きなお酒(複数回答),日本酒,年代別(女性),女性60代,2004,
好きなお酒(複数回答),日本酒,年代別(女性),女性60代,2006,
好きなお酒(複数回答),日本酒,年代別(女性),女性60代,2008,
好きなお酒(複数回答),日本酒,年代別(女性),女性60代,2010,
好きなお酒(複数回答),日本酒,年代別(女性),女性60代,2012,
好きなお酒(複数回答),日本酒,年代別(女性),女性60代,2014,
好きなお酒(複数回答),日本酒,年代別(女性),女性60代,2016,39.4
好きなお酒(複数回答),日本酒,年代別(女性),女性60代,2018,34.4
好きなお酒(複数回答),日本酒,年代別(女性),女性60代,2020,42.7
好きなお酒(複数回答),日本酒,年代別(女性),女性60代,2022,30.1
好きなお酒(複数回答),日本酒,年代別(女性),女性60代,2024,28.1
好きなお酒(複数回答),日本酒,地域別,首都圏,1992,
好きなお酒(複数回答),日本酒,地域別,首都圏,1994,
好きなお酒(複数回答),日本酒,地域別,首都圏,1996,
好きなお酒(複数回答),日本酒,地域別,首都圏,1998,
好きなお酒(複数回答),日本酒,地域別,首都圏,2000,
好きなお酒(複数回答),日本酒,地域別,首都圏,2002,
好きなお酒(複数回答),日本酒,地域別,首都圏,2004,
好きなお酒(複数回答),日本酒,地域別,首都圏,2006,
好きなお酒(複数回答),日本酒,地域別,首都圏,2008,
好きなお酒(複数回答),日本酒,地域別,首都圏,2010,
好きなお酒(複数回答),日本酒,地域別,首都圏,2012,
好きなお酒(複数回答),日本酒,地域別,首都圏,2014,
好きなお酒(複数回答),日本酒,地域別,首都圏,2016,38.8
好きなお酒(複数回答),日本酒,地域別,首都圏,2018,34.4
好きなお酒(複数回答),日本酒,地域別,首都圏,2020,37.1
好きなお酒(複数回答),日本酒,地域別,首都圏,2022,35.2
好きなお酒(複数回答),日本酒,地域別,首都圏,2024,34.9
好きなお酒(複数回答),日本酒,地域別,阪神圏,1992,
好きなお酒(複数回答),日本酒,地域別,阪神圏,1994,
好きなお酒(複数回答),日本酒,地域別,阪神圏,1996,
好きなお酒(複数回答),日本酒,地域別,阪神圏,1998,
好きなお酒(複数回答),日本酒,地域別,阪神圏,2000,
好きなお酒(複数回答),日本酒,地域別,阪神圏,2002,
好きなお酒(複数回答),日本酒,地域別,阪神圏,2004,
好きなお酒(複数回答),日本酒,地域別,阪神圏,2006,
好きなお酒(複数回答),日本酒,地域別,阪神圏,2008,
好きなお酒(複数回答),日本酒,地域別,阪神圏,2010,
好きなお酒(複数回答),日本酒,地域別,阪神圏,2012,
好きなお酒(複数回答),日本酒,地域別,阪神圏,2014,
好きなお酒(複数回答),日本酒,地域別,阪神圏,2016,32.8
好きなお酒(複数回答),日本酒,地域別,阪神圏,2018,33.6
好きなお酒(複数回答),日本酒,地域別,阪神圏,2020,33.3
好きなお酒(複数回答),日本酒,地域別,阪神圏,2022,29.3
好きなお酒(複数回答),日本酒,地域別,阪神圏,2024,30.8
好きなお酒(複数回答),焼酎,全体,全体,1992,
好きなお酒(複数回答),焼酎,全体,全体,1994,
好きなお酒(複数回答),焼酎,全体,全体,1996,
好きなお酒(複数回答),焼酎,全体,全体,1998,
好きなお酒(複数回答),焼酎,全体,全体,2000,
好きなお酒(複数回答),焼酎,全体,全体,2002,
好きなお酒(複数回答),焼酎,全体,全体,2004,
好きなお酒(複数回答),焼酎,全体,全体,2006,
好きなお酒(複数回答),焼酎,全体,全体,2008,
好きなお酒(複数回答),焼酎,全体,全体,2010,
好きなお酒(複数回答),焼酎,全体,全体,2012,
好きなお酒(複数回答),焼酎,全体,全体,2014,
好きなお酒(複数回答),焼酎,全体,全体,2016,38.2
好きなお酒(複数回答),焼酎,全体,全体,2018,36.9
好きなお酒(複数回答),焼酎,全体,全体,2020,33.4
好きなお酒(複数回答),焼酎,全体,全体,2022,33.9
好きなお酒(複数回答),焼酎,全体,全体,2024,32.2
好きなお酒(複数回答),焼酎,男女別,男性,1992,
好きなお酒(複数回答),焼酎,男女別,男性,1994,
好きなお酒(複数回答),焼酎,男女別,男性,1996,
好きなお酒(複数回答),焼酎,男女別,男性,1998,
好きなお酒(複数回答),焼酎,男女別,男性,2000,
好きなお酒(複数回答),焼酎,男女別,男性,2002,
好きなお酒(複数回答),焼酎,男女別,男性,2004,
好きなお酒(複数回答),焼酎,男女別,男性,2006,
好きなお酒(複数回答),焼酎,男女別,男性,2008,
好きなお酒(複数回答),焼酎,男女別,男性,2010,
好きなお酒(複数回答),焼酎,男女別,男性,2012,
好きなお酒(複数回答),焼酎,男女別,男性,2014,
好きなお酒(複数回答),焼酎,男女別,男性,2016,51.0
好きなお酒(複数回答),焼酎,男女別,男性,2018,48.9
好きなお酒(複数回答),焼酎,男女別,男性,2020,44.0
好きなお酒(複数回答),焼酎,男女別,男性,2022,44.1
好きなお酒(複数回答),焼酎,男女別,男性,2024,41.4
好きなお酒(複数回答),焼酎,男女別,女性,1992,
好きなお酒(複数回答),焼酎,男女別,女性,1994,
好きなお酒(複数回答),焼酎,男女別,女性,1996,
好きなお酒(複数回答),焼酎,男女別,女性,1998,
好きなお酒(複数回答),焼酎,男女別,女性,2000,
好きなお酒(複数回答),焼酎,男女別,女性,2002,
好きなお酒(複数回答),焼酎,男女別,女性,2004,
好きなお酒(複数回答),焼酎,男女別,女性,2006,
好きなお酒(複数回答),焼酎,男女別,女性,2008,
好きなお酒(複数回答),焼酎,男女別,女性,2010,
好きなお酒(複数回答),焼酎,男女別,女性,2012,
好きなお酒(複数回答),焼酎,男女別,女性,2014,
好きなお酒(複数回答),焼酎,男女別,女性,2016,20.8
好きなお酒(複数回答),焼酎,男女別,女性,2018,21.5
好きなお酒(複数回答),焼酎,男女別,女性,2020,20.4
好きなお酒(複数回答),焼酎,男女別,女性,2022,21.0
好きなお酒(複数回答),焼酎,男女別,女性,2024,20.5
好きなお酒(複数回答),焼酎,年代別,20代,1992,
好きなお酒(複数回答),焼酎,年代別,20代,1994,
好きなお酒(複数回答),焼酎,年代別,20代,1996,
好きなお酒(複数回答),焼酎,年代別,20代,1998,
好きなお酒(複数回答),焼酎,年代別,20代,2000,
好きなお酒(複数回答),焼酎,年代別,20代,2002,
好きなお酒(複数回答),焼酎,年代別,20代,2004,
好きなお酒(複数回答),焼酎,年代別,20代,2006,
好きなお酒(複数回答),焼酎,年代別,20代,2008,
好きなお酒(複数回答),焼酎,年代別,20代,2010,
好きなお酒(複数回答),焼酎,年代別,20代,2012,
好きなお酒(複数回答),焼酎,年代別,20代,2014,
好きなお酒(複数回答),焼酎,年代別,20代,2016,22.2
好きなお酒(複数回答),焼酎,年代別,20代,2018,20.7
好きなお酒(複数回答),焼酎,年代別,20代,2020,18.8
好きなお酒(複数回答),焼酎,年代別,20代,2022,17.7
好きなお酒(複数回答),焼酎,年代別,20代,2024,23.8
好きなお酒(複数回答),焼酎,年代別,30代,1992,
好きなお酒(複数回答),焼酎,年代別,30代,1994,
好きなお酒(複数回答),焼酎,年代別,30代,1996,
好きなお酒(複数回答),焼酎,年代別,30代,1998,
好きなお酒(複数回答),焼酎,年代別,30代,2000,
好きなお酒(複数回答),焼酎,年代別,30代,2002,
好きなお酒(複数回答),焼酎,年代別,30代,2004,
好きなお酒(複数回答),焼酎,年代別,30代,2006,
好きなお酒(複数回答),焼酎,年代別,30代,2008,
好きなお酒(複数回答),焼酎,年代別,30代,2010,
好きなお酒(複数回答),焼酎,年代別,30代,2012,
好きなお酒(複数回答),焼酎,年代別,30代,2014,
好きなお酒(複数回答),焼酎,年代別,30代,2016,38.1
好きなお酒(複数回答),焼酎,年代別,30代,2018,33.5
好きなお酒(複数回答),焼酎,年代別,30代,2020,31.9
好きなお酒(複数回答),焼酎,年代別,30代,2022,32.3
好きなお酒(複数回答),焼酎,年代別,30代,2024,25.8
好きなお酒(複数回答),焼酎,年代別,40代,1992,
好きなお酒(複数回答),焼酎,年代別,40代,1994,
好きなお酒(複数回答),焼酎,年代別,40代,1996,
好きなお酒(複数回答),焼酎,年代別,40代,1998,
好きなお酒(複数回答),焼酎,年代別,40代,2000,
好きなお酒(複数回答),焼酎,年代別,40代,2002,
好きなお酒(複数回答),焼酎,年代別,40代,2004,
好きなお酒(複数回答),焼酎,年代別,40代,2006,
好きなお酒(複数回答),焼酎,年代別,40代,2008,
好きなお酒(複数回答),焼酎,年代別,40代,2010,
好きなお酒(複数回答),焼酎,年代別,40代,2012,
好きなお酒(複数回答),焼酎,年代別,40代,2014,
好きなお酒(複数回答),焼酎,年代別,40代,2016,40.0
好きなお酒(複数回答),焼酎,年代別,40代,2018,36.0
好きなお酒(複数回答),焼酎,年代別,40代,2020,33.3
好きなお酒(複数回答),焼酎,年代別,40代,2022,33.8
好きなお酒(複数回答),焼酎,年代別,40代,2024,33.0
好きなお酒(複数回答),焼酎,年代別,50代,1992,
好きなお酒(複数回答),焼酎,年代別,50代,1994,
好きなお酒(複数回答),焼酎,年代別,50代,1996,
好きなお酒(複数回答),焼酎,年代別,50代,1998,
好きなお酒(複数回答),焼酎,年代別,50代,2000,
好きなお酒(複数回答),焼酎,年代別,50代,2002,
好きなお酒(複数回答),焼酎,年代別,50代,2004,
好きなお酒(複数回答),焼酎,年代別,50代,2006,
好きなお酒(複数回答),焼酎,年代別,50代,2008,
好きなお酒(複数回答),焼酎,年代別,50代,2010,
好きなお酒(複数回答),焼酎,年代別,50代,2012,
好きなお酒(複数回答),焼酎,年代別,50代,2014,
好きなお酒(複数回答),焼酎,年代別,50代,2016,40.5
好きなお酒(複数回答),焼酎,年代別,50代,2018,46.5
好きなお酒(複数回答),焼酎,年代別,50代,2020,39.1
好きなお酒(複数回答),焼酎,年代別,50代,2022,41.0
好きなお酒(複数回答),焼酎,年代別,50代,2024,34.8
好きなお酒(複数回答),焼酎,年代別,60代,1992,
好きなお酒(複数回答),焼酎,年代別,60代,1994,
好きなお酒(複数回答),焼酎,年代別,60代,1996,
好きなお酒(複数回答),焼酎,年代別,60代,1998,
好きなお酒(複数回答),焼酎,年代別,60代,2000,
好きなお酒(複数回答),焼酎,年代別,60代,2002,
好きなお酒(複数回答),焼酎,年代別,60代,2004,
好きなお酒(複数回答),焼酎,年代別,60代,2006,
好きなお酒(複数回答),焼酎,年代別,60代,2008,
好きなお酒(複数回答),焼酎,年代別,60代,2010,
好きなお酒(複数回答),焼酎,年代別,60代,2012,
好きなお酒(複数回答),焼酎,年代別,60代,2014,
好きなお酒(複数回答),焼酎,年代別,60代,2016,46.9
好きなお酒(複数回答),焼酎,年代別,60代,2018,46.9
好きなお酒(複数回答),焼酎,年代別,60代,2020,42.3
好きなお酒(複数回答),焼酎,年代別,60代,2022,42.0
好きなお酒(複数回答),焼酎,年代別,60代,2024,42.8
好きなお酒(複数回答),焼酎,年代別(男性),男性20代,1992,
好きなお酒(複数回答),焼酎,年代別(男性),男性20代,1994,
好きなお酒(複数回答),焼酎,年代別(男性),男性20代,1996,
好きなお酒(複数回答),焼酎,年代別(男性),男性20代,1998,
好きなお酒(複数回答),焼酎,年代別(男性),男性20代,2000,
好きなお酒(複数回答),焼酎,年代別(男性),男性20代,2002,
好きなお酒(複数回答),焼酎,年代別(男性),男性20代,2004,
好きなお酒(複数回答),焼酎,年代別(男性),男性20代,2006,
好きなお酒(複数回答),焼酎,年代別(男性),男性20代,2008,
好きなお酒(複数回答),焼酎,年代別(男性),男性20代,2010,
好きなお酒(複数回答),焼酎,年代別(男性),男性20代,2012,
好きなお酒(複数回答),焼酎,年代別(男性),男性20代,2014,
好きなお酒(複数回答),焼酎,年代別(男性),男性20代,2016,23.7
好きなお酒(複数回答),焼酎,年代別(男性),男性20代,2018,25.5
好きなお酒(複数回答),焼酎,年代別(男性),男性20代,2020,25.6
好きなお酒(複数回答),焼酎,年代別(男性),男性20代,2022,21.5
好きなお酒(複数回答),焼酎,年代別(男性),男性20代,2024,28.6
好きなお酒(複数回答),焼酎,年代別(男性),男性30代,1992,
好きなお酒(複数回答),焼酎,年代別(男性),男性30代,1994,
好きなお酒(複数回答),焼酎,年代別(男性),男性30代,1996,
好きなお酒(複数回答),焼酎,年代別(男性),男性30代,1998,
好きなお酒(複数回答),焼酎,年代別(男性),男性30代,2000,
好きなお酒(複数回答),焼酎,年代別(男性),男性30代,2002,
好きなお酒(複数回答),焼酎,年代別(男性),男性30代,2004,
好きなお酒(複数回答),焼酎,年代別(男性),男性30代,2006,
好きなお酒(複数回答),焼酎,年代別(男性),男性30代,2008,
好きなお酒(複数回答),焼酎,年代別(男性),男性30代,2010,
好きなお酒(複数回答),焼酎,年代別(男性),男性30代,2012,
好きなお酒(複数回答),焼酎,年代別(男性),男性30代,2014,
好きなお酒(複数回答),焼酎,年代別(男性),男性30代,2016,49.2
好きなお酒(複数回答),焼酎,年代別(男性),男性30代,2018,42.5
好きなお酒(複数回答),焼酎,年代別(男性),男性30代,2020,37.7
好きなお酒(複数回答),焼酎,年代別(男性),男性30代,2022,40.0
好きなお酒(複数回答),焼酎,年代別(男性),男性30代,2024,30.9
好きなお酒(複数回答),焼酎,年代別(男性),男性40代,1992,
好きなお酒(複数回答),焼酎,年代別(男性),男性40代,1994,
好きなお酒(複数回答),焼酎,年代別(男性),男性40代,1996,
好きなお酒(複数回答),焼酎,年代別(男性),男性40代,1998,
好きなお酒(複数回答),焼酎,年代別(男性),男性40代,2000,
好きなお酒(複数回答),焼酎,年代別(男性),男性40代,2002,
好きなお酒(複数回答),焼酎,年代別(男性),男性40代,2004,
好きなお酒(複数回答),焼酎,年代別(男性),男性40代,2006,
好きなお酒(複数回答),焼酎,年代別(男性),男性40代,2008,
好きなお酒(複数回答),焼酎,年代別(男性),男性40代,2010,
好きなお酒(複数回答),焼酎,年代別(男性),男性40代,2012,
好きなお酒(複数回答),焼酎,年代別(男性),男性40代,2014,
好きなお酒(複数回答),焼酎,年代別(男性),男性40代,2016,53.4
好きなお酒(複数回答),焼酎,年代別(男性),男性40代,2018,47.5
好きなお酒(複数回答),焼酎,年代別(男性),男性40代,2020,44.9
好きなお酒(複数回答),焼酎,年代別(男性),男性40代,2022,41.2
好きなお酒(複数回答),焼酎,年代別(男性),男性40代,2024,40.8
好きなお酒(複数回答),焼酎,年代別(男性),男性50代,1992,
好きなお酒(複数回答),焼酎,年代別(男性),男性50代,1994,
好きなお酒(複数回答),焼酎,年代別(男性),男性50代,1996,
好きなお酒(複数回答),焼酎,年代別(男性),男性50代,1998,
好きなお酒(複数回答),焼酎,年代別(男性),男性50代,2000,
好きなお酒(複数回答),焼酎,年代別(男性),男性50代,2002,
好きなお酒(複数回答),焼酎,年代別(男性),男性50代,2004,
好きなお酒(複数回答),焼酎,年代別(男性),男性50代,2006,
好きなお酒(複数回答),焼酎,年代別(男性),男性50代,2008,
好きなお酒(複数回答),焼酎,年代別(男性),男性50代,2010,
好きなお酒(複数回答),焼酎,年代別(男性),男性50代,2012,
好きなお酒(複数回答),焼酎,年代別(男性),男性50代,2014,
好きなお酒(複数回答),焼酎,年代別(男性),男性50代,2016,57.7
好きなお酒(複数回答),焼酎,年代別(男性),男性50代,2018,64.5
好きなお酒(複数回答),焼酎,年代別(男性),男性50代,2020,52.7
好きなお酒(複数回答),焼酎,年代別(男性),男性50代,2022,53.7
好きなお酒(複数回答),焼酎,年代別(男性),男性50代,2024,46.2
好きなお酒(複数回答),焼酎,年代別(男性),男性60代,1992,
好きなお酒(複数回答),焼酎,年代別(男性),男性60代,1994,
好きなお酒(複数回答),焼酎,年代別(男性),男性60代,1996,
好きなお酒(複数回答),焼酎,年代別(男性),男性60代,1998,
好きなお酒(複数回答),焼酎,年代別(男性),男性60代,2000,
好きなお酒(複数回答),焼酎,年代別(男性),男性60代,2002,
好きなお酒(複数回答),焼酎,年代別(男性),男性60代,2004,
好きなお酒(複数回答),焼酎,年代別(男性),男性60代,2006,
好きなお酒(複数回答),焼酎,年代別(男性),男性60代,2008,
好きなお酒(複数回答),焼酎,年代別(男性),男性60代,2010,
好きなお酒(複数回答),焼酎,年代別(男性),男性60代,2012,
好きなお酒(複数回答),焼酎,年代別(男性),男性60代,2014,
好きなお酒(複数回答),焼酎,年代別(男性),男性60代,2016,63.5
好きなお酒(複数回答),焼酎,年代別(男性),男性60代,2018,61.2
好きなお酒(複数回答),焼酎,年代別(男性),男性60代,2020,55.6
好きなお酒(複数回答),焼酎,年代別(男性),男性60代,2022,59.3
好きなお酒(複数回答),焼酎,年代別(男性),男性60代,2024,58.6
好きなお酒(複数回答),焼酎,年代別(女性),女性20代,1992,
好きなお酒(複数回答),焼酎,年代別(女性),女性20代,1994,
好きなお酒(複数回答),焼酎,年代別(女性),女性20代,1996,
好きなお酒(複数回答),焼酎,年代別(女性),女性20代,1998,
好きなお酒(複数回答),焼酎,年代別(女性),女性20代,2000,
好きなお酒(複数回答),焼酎,年代別(女性),女性20代,2002,
好きなお酒(複数回答),焼酎,年代別(女性),女性20代,2004,
好きなお酒(複数回答),焼酎,年代別(女性),女性20代,2006,
好きなお酒(複数回答),焼酎,年代別(女性),女性20代,2008,
好きなお酒(複数回答),焼酎,年代別(女性),女性20代,2010,
好きなお酒(複数回答),焼酎,年代別(女性),女性20代,2012,
好きなお酒(複数回答),焼酎,年代別(女性),女性20代,2014,
好きなお酒(複数回答),焼酎,年代別(女性),女性20代,2016,20.5
好きなお酒(複数回答),焼酎,年代別(女性),女性20代,2018,15.1
好きなお酒(複数回答),焼酎,年代別(女性),女性20代,2020,10.5
好きなお酒(複数回答),焼酎,年代別(女性),女性20代,2022,13.4
好きなお酒(複数回答),焼酎,年代別(女性),女性20代,2024,18.1
好きなお酒(複数回答),焼酎,年代別(女性),女性30代,1992,
好きなお酒(複数回答),焼酎,年代別(女性),女性30代,1994,
好きなお酒(複数回答),焼酎,年代別(女性),女性30代,1996,
好きなお酒(複数回答),焼酎,年代別(女性),女性30代,1998,
好きなお酒(複数回答),焼酎,年代別(女性),女性30代,2000,
好きなお酒(複数回答),焼酎,年代別(女性),女性30代,2002,
好きなお酒(複数回答),焼酎,年代別(女性),女性30代,2004,
好きなお酒(複数回答),焼酎,年代別(女性),女性30代,2006,
好きなお酒(複数回答),焼酎,年代別(女性),女性30代,2008,
好きなお酒(複数回答),焼酎,年代別(女性),女性30代,2010,
好きなお酒(複数回答),焼酎,年代別(女性),女性30代,2012,
好きなお酒(複数回答),焼酎,年代別(女性),女性30代,2014,
好きなお酒(複数回答),焼酎,年代別(女性),女性30代,2016,23.6
好きなお酒(複数回答),焼酎,年代別(女性),女性30代,2018,21.2
好きなお酒(複数回答),焼酎,年代別(女性),女性30代,2020,24.4
好きなお酒(複数回答),焼酎,年代別(女性),女性30代,2022,22.8
好きなお酒(複数回答),焼酎,年代別(女性),女性30代,2024,19.7
好きなお酒(複数回答),焼酎,年代別(女性),女性40代,1992,
好きなお酒(複数回答),焼酎,年代別(女性),女性40代,1994,
好きなお酒(複数回答),焼酎,年代別(女性),女性40代,1996,
好きなお酒(複数回答),焼酎,年代別(女性),女性40代,1998,
好きなお酒(複数回答),焼酎,年代別(女性),女性40代,2000,
好きなお酒(複数回答),焼酎,年代別(女性),女性40代,2002,
好きなお酒(複数回答),焼酎,年代別(女性),女性40代,2004,
好きなお酒(複数回答),焼酎,年代別(女性),女性40代,2006,
好きなお酒(複数回答),焼酎,年代別(女性),女性40代,2008,
好きなお酒(複数回答),焼酎,年代別(女性),女性40代,2010,
好きなお酒(複数回答),焼酎,年代別(女性),女性40代,2012,
好きなお酒(複数回答),焼酎,年代別(女性),女性40代,2014,
好きなお酒(複数回答),焼酎,年代別(女性),女性40代,2016,23.0
好きなお酒(複数回答),焼酎,年代別(女性),女性40代,2018,21.7
好きなお酒(複数回答),焼酎,年代別(女性),女性40代,2020,18.9
好きなお酒(複数回答),焼酎,年代別(女性),女性40代,2022,24.3
好きなお酒(複数回答),焼酎,年代別(女性),女性40代,2024,23.1
好きなお酒(複数回答),焼酎,年代別(女性),女性50代,1992,
好きなお酒(複数回答),焼酎,年代別(女性),女性50代,1994,
好きなお酒(複数回答),焼酎,年代別(女性),女性50代,1996,
好きなお酒(複数回答),焼酎,年代別(女性),女性50代,1998,
好きなお酒(複数回答),焼酎,年代別(女性),女性50代,2000,
好きなお酒(複数回答),焼酎,年代別(女性),女性50代,2002,
好きなお酒(複数回答),焼酎,年代別(女性),女性50代,2004,
好きなお酒(複数回答),焼酎,年代別(女性),女性50代,2006,
好きなお酒(複数回答),焼酎,年代別(女性),女性50代,2008,
好きなお酒(複数回答),焼酎,年代別(女性),女性50代,2010,
好きなお酒(複数回答),焼酎,年代別(女性),女性50代,2012,
好きなお酒(複数回答),焼酎,年代別(女性),女性50代,2014,
好きなお酒(複数回答),焼酎,年代別(女性),女性50代,2016,15.1
好きなお酒(複数回答),焼酎,年代別(女性),女性50代,2018,22.3
好きなお酒(複数回答),焼酎,年代別(女性),女性50代,2020,22.2
好きなお酒(複数回答),焼酎,年代別(女性),女性50代,2022,23.9
好きなお酒(複数回答),焼酎,年代別(女性),女性50代,2024,19.9
好きなお酒(複数回答),焼酎,年代別(女性),女性60代,1992,
好きなお酒(複数回答),焼酎,年代別(女性),女性60代,1994,
好きなお酒(複数回答),焼酎,年代別(女性),女性60代,1996,
好きなお酒(複数回答),焼酎,年代別(女性),女性60代,1998,
好きなお酒(複数回答),焼酎,年代別(女性),女性60代,2000,
好きなお酒(複数回答),焼酎,年代別(女性),女性60代,2002,
好きなお酒(複数回答),焼酎,年代別(女性),女性60代,2004,
好きなお酒(複数回答),焼酎,年代別(女性),女性60代,2006,
好きなお酒(複数回答),焼酎,年代別(女性),女性60代,2008,
好きなお酒(複数回答),焼酎,年代別(女性),女性60代,2010,
好きなお酒(複数回答),焼酎,年代別(女性),女性60代,2012,
好きなお酒(複数回答),焼酎,年代別(女性),女性60代,2014,
好きなお酒(複数回答),焼酎,年代別(女性),女性60代,2016,20.0
好きなお酒(複数回答),焼酎,年代別(女性),女性60代,2018,27.2
好きなお酒(複数回答),焼酎,年代別(女性),女性60代,2020,26.0
好きなお酒(複数回答),焼酎,年代別(女性),女性60代,2022,17.8
好きなお酒(複数回答),焼酎,年代別(女性),女性60代,2024,21.1
好きなお酒(複数回答),焼酎,地域別,首都圏,1992,
好きなお酒(複数回答),焼酎,地域別,首都圏,1994,
好きなお酒(複数回答),焼酎,地域別,首都圏,1996,
好きなお酒(複数回答),焼酎,地域別,首都圏,1998,
好きなお酒(複数回答),焼酎,地域別,首都圏,2000,
好きなお酒(複数回答),焼酎,地域別,首都圏,2002,
好きなお酒(複数回答),焼酎,地域別,首都圏,2004,
好きなお酒(複数回答),焼酎,地域別,首都圏,2006,
好きなお酒(複数回答),焼酎,地域別,首都圏,2008,
好きなお酒(複数回答),焼酎,地域別,首都圏,2010,
好きなお酒(複数回答),焼酎,地域別,首都圏,2012,
好きなお酒(複数回答),焼酎,地域別,首都圏,2014,
好きなお酒(複数回答),焼酎,地域別,首都圏,2016,39.0
好きなお酒(複数回答),焼酎,地域別,首都圏,2018,38.3
好きなお酒(複数回答),焼酎,地域別,首都圏,2020,34.5
好きなお酒(複数回答),焼酎,地域別,首都圏,2022,35.6
好きなお酒(複数回答),焼酎,地域別,首都圏,2024,33.9
好きなお酒(複数回答),焼酎,地域別,阪神圏,1992,
好きなお酒(複数回答),焼酎,地域別,阪神圏,1994,
好きなお酒(複数回答),焼酎,地域別,阪神圏,1996,
好きなお酒(複数回答),焼酎,地域別,阪神圏,1998,
好きなお酒(複数回答),焼酎,地域別,阪神圏,2000,
好きなお酒(複数回答),焼酎,地域別,阪神圏,2002,
好きなお酒(複数回答),焼酎,地域別,阪神圏,2004,
好きなお酒(複数回答),焼酎,地域別,阪神圏,2006,
好きなお酒(複数回答),焼酎,地域別,阪神圏,2008,
好きなお酒(複数回答),焼酎,地域別,阪神圏,2010,
好きなお酒(複数回答),焼酎,地域別,阪神圏,2012,
好きなお酒(複数回答),焼酎,地域別,阪神圏,2014,
好きなお酒(複数回答),焼酎,地域別,阪神圏,2016,35.9
好きなお酒(複数回答),焼酎,地域別,阪神圏,2018,33.3
好きなお酒(複数回答),焼酎,地域別,阪神圏,2020,30.5
好きなお酒(複数回答),焼酎,地域別,阪神圏,2022,29.3
好きなお酒(複数回答),焼酎,地域別,阪神圏,2024,27.6
好きなお酒(複数回答),チューハイ・サワー,全体,全体,1992,
好きなお酒(複数回答),チューハイ・サワー,全体,全体,1994,
好きなお酒(複数回答),チューハイ・サワー,全体,全体,1996,
好きなお酒(複数回答),チューハイ・サワー,全体,全体,1998,
好きなお酒(複数回答),チューハイ・サワー,全体,全体,2000,
好きなお酒(複数回答),チューハイ・サワー,全体,全体,2002,
好きなお酒(複数回答),チューハイ・サワー,全体,全体,2004,
好きなお酒(複数回答),チューハイ・サワー,全体,全体,2006,
好きなお酒(複数回答),チューハイ・サワー,全体,全体,2008,
好きなお酒(複数回答),チューハイ・サワー,全体,全体,2010,
好きなお酒(複数回答),チューハイ・サワー,全体,全体,2012,
好きなお酒(複数回答),チューハイ・サワー,全体,全体,2014,
好きなお酒(複数回答),チューハイ・サワー,全体,全体,2016,51.4
好きなお酒(複数回答),チューハイ・サワー,全体,全体,2018,54.3
好きなお酒(複数回答),チューハイ・サワー,全体,全体,2020,60.4
好きなお酒(複数回答),チューハイ・サワー,全体,全体,2022,60.6
好きなお酒(複数回答),チューハイ・サワー,全体,全体,2024,61.8
好きなお酒(複数回答),チューハイ・サワー,男女別,男性,1992,
好きなお酒(複数回答),チューハイ・サワー,男女別,男性,1994,
好きなお酒(複数回答),チューハイ・サワー,男女別,男性,1996,
好きなお酒(複数回答),チューハイ・サワー,男女別,男性,1998,
好きなお酒(複数回答),チューハイ・サワー,男女別,男性,2000,
好きなお酒(複数回答),チューハイ・サワー,男女別,男性,2002,
好きなお酒(複数回答),チューハイ・サワー,男女別,男性,2004,
好きなお酒(複数回答),チューハイ・サワー,男女別,男性,2006,
好きなお酒(複数回答),チューハイ・サワー,男女別,男性,2008,
好きなお酒(複数回答),チューハイ・サワー,男女別,男性,2010,
好きなお酒(複数回答),チューハイ・サワー,男女別,男性,2012,
好きなお酒(複数回答),チューハイ・サワー,男女別,男性,2014,
好きなお酒(複数回答),チューハイ・サワー,男女別,男性,2016,45.9
好きなお酒(複数回答),チューハイ・サワー,男女別,男性,2018,48.8
好きなお酒(複数回答),チューハイ・サワー,男女別,男性,2020,56.6
好きなお酒(複数回答),チューハイ・サワー,男女別,男性,2022,56.4
好きなお酒(複数回答),チューハイ・サワー,男女別,男性,2024,56.8
好きなお酒(複数回答),チューハイ・サワー,男女別,女性,1992,
好きなお酒(複数回答),チューハイ・サワー,男女別,女性,1994,
好きなお酒(複数回答),チューハイ・サワー,男女別,女性,1996,
好きなお酒(複数回答),チューハイ・サワー,男女別,女性,1998,
好きなお酒(複数回答),チューハイ・サワー,男女別,女性,2000,
好きなお酒(複数回答),チューハイ・サワー,男女別,女性,2002,
好きなお酒(複数回答),チューハイ・サワー,男女別,女性,2004,
好きなお酒(複数回答),チューハイ・サワー,男女別,女性,2006,
好きなお酒(複数回答),チューハイ・サワー,男女別,女性,2008,
好きなお酒(複数回答),チューハイ・サワー,男女別,女性,2010,
好きなお酒(複数回答),チューハイ・サワー,男女別,女性,2012,
好きなお酒(複数回答),チューハイ・サワー,男女別,女性,2014,
好きなお酒(複数回答),チューハイ・サワー,男女別,女性,2016,58.7
好きなお酒(複数回答),チューハイ・サワー,男女別,女性,2018,61.5
好きなお酒(複数回答),チューハイ・サワー,男女別,女性,2020,65.0
好きなお酒(複数回答),チューハイ・サワー,男女別,女性,2022,66.0
好きなお酒(複数回答),チューハイ・サワー,男女別,女性,2024,68.3
好きなお酒(複数回答),チューハイ・サワー,年代別,20代,1992,
好きなお酒(複数回答),チューハイ・サワー,年代別,20代,1994,
好きなお酒(複数回答),チューハイ・サワー,年代別,20代,1996,
好きなお酒(複数回答),チューハイ・サワー,年代別,20代,1998,
好きなお酒(複数回答),チューハイ・サワー,年代別,20代,2000,
好きなお酒(複数回答),チューハイ・サワー,年代別,20代,2002,
好きなお酒(複数回答),チューハイ・サワー,年代別,20代,2004,
好きなお酒(複数回答),チューハイ・サワー,年代別,20代,2006,
好きなお酒(複数回答),チューハイ・サワー,年代別,20代,2008,
好きなお酒(複数回答),チューハイ・サワー,年代別,20代,2010,
好きなお酒(複数回答),チューハイ・サワー,年代別,20代,2012,
好きなお酒(複数回答),チューハイ・サワー,年代別,20代,2014,
好きなお酒(複数回答),チューハイ・サワー,年代別,20代,2016,64.2
好きなお酒(複数回答),チューハイ・サワー,年代別,20代,2018,70.8
好きなお酒(複数回答),チューハイ・サワー,年代別,20代,2020,78.8
好きなお酒(複数回答),チューハイ・サワー,年代別,20代,2022,70.7
好きなお酒(複数回答),チューハイ・サワー,年代別,20代,2024,69.8
好きなお酒(複数回答),チューハイ・サワー,年代別,30代,1992,
好きなお酒(複数回答),チューハイ・サワー,年代別,30代,1994,
好きなお酒(複数回答),チューハイ・サワー,年代別,30代,1996,
好きなお酒(複数回答),チューハイ・サワー,年代別,30代,1998,
好きなお酒(複数回答),チューハイ・サワー,年代別,30代,2000,
好きなお酒(複数回答),チューハイ・サワー,年代別,30代,2002,
好きなお酒(複数回答),チューハイ・サワー,年代別,30代,2004,
好きなお酒(複数回答),チューハイ・サワー,年代別,30代,2006,
好きなお酒(複数回答),チューハイ・サワー,年代別,30代,2008,
好きなお酒(複数回答),チューハイ・サワー,年代別,30代,2010,
好きなお酒(複数回答),チューハイ・サワー,年代別,30代,2012,
好きなお酒(複数回答),チューハイ・サワー,年代別,30代,2014,
好きなお酒(複数回答),チューハイ・サワー,年代別,30代,2016,58.0
好きなお酒(複数回答),チューハイ・サワー,年代別,30代,2018,60.3
好きなお酒(複数回答),チューハイ・サワー,年代別,30代,2020,67.4
好きなお酒(複数回答),チューハイ・サワー,年代別,30代,2022,69.6
好きなお酒(複数回答),チューハイ・サワー,年代別,30代,2024,70.5
好きなお酒(複数回答),チューハイ・サワー,年代別,40代,1992,
好きなお酒(複数回答),チューハイ・サワー,年代別,40代,1994,
好きなお酒(複数回答),チューハイ・サワー,年代別,40代,1996,
好きなお酒(複数回答),チューハイ・サワー,年代別,40代,1998,
好きなお酒(複数回答),チューハイ・サワー,年代別,40代,2000,
好きなお酒(複数回答),チューハイ・サワー,年代別,40代,2002,
好きなお酒(複数回答),チューハイ・サワー,年代別,40代,2004,
好きなお酒(複数回答),チューハイ・サワー,年代別,40代,2006,
好きなお酒(複数回答),チューハイ・サワー,年代別,40代,2008,
好きなお酒(複数回答),チューハイ・サワー,年代別,40代,2010,
好きなお酒(複数回答),チューハイ・サワー,年代別,40代,2012,
好きなお酒(複数回答),チューハイ・サワー,年代別,40代,2014,
好きなお酒(複数回答),チューハイ・サワー,年代別,40代,2016,54.0
好きなお酒(複数回答),チューハイ・サワー,年代別,40代,2018,56.8
好きなお酒(複数回答),チューハイ・サワー,年代別,40代,2020,61.7
好きなお酒(複数回答),チューハイ・サワー,年代別,40代,2022,64.1
好きなお酒(複数回答),チューハイ・サワー,年代別,40代,2024,63.9
好きなお酒(複数回答),チューハイ・サワー,年代別,50代,1992,
好きなお酒(複数回答),チューハイ・サワー,年代別,50代,1994,
好きなお酒(複数回答),チューハイ・サワー,年代別,50代,1996,
好きなお酒(複数回答),チューハイ・サワー,年代別,50代,1998,
好きなお酒(複数回答),チューハイ・サワー,年代別,50代,2000,
好きなお酒(複数回答),チューハイ・サワー,年代別,50代,2002,
好きなお酒(複数回答),チューハイ・サワー,年代別,50代,2004,
好きなお酒(複数回答),チューハイ・サワー,年代別,50代,2006,
好きなお酒(複数回答),チューハイ・サワー,年代別,50代,2008,
好きなお酒(複数回答),チューハイ・サワー,年代別,50代,2010,
好きなお酒(複数回答),チューハイ・サワー,年代別,50代,2012,
好きなお酒(複数回答),チューハイ・サワー,年代別,50代,2014,
好きなお酒(複数回答),チューハイ・サワー,年代別,50代,2016,48.8
好きなお酒(複数回答),チューハイ・サワー,年代別,50代,2018,48.7
好きなお酒(複数回答),チューハイ・サワー,年代別,50代,2020,54.2
好きなお酒(複数回答),チューハイ・サワー,年代別,50代,2022,57.0
好きなお酒(複数回答),チューハイ・サワー,年代別,50代,2024,57.6
好きなお酒(複数回答),チューハイ・サワー,年代別,60代,1992,
好きなお酒(複数回答),チューハイ・サワー,年代別,60代,1994,
好きなお酒(複数回答),チューハイ・サワー,年代別,60代,1996,
好きなお酒(複数回答),チューハイ・サワー,年代別,60代,1998,
好きなお酒(複数回答),チューハイ・サワー,年代別,60代,2000,
好きなお酒(複数回答),チューハイ・サワー,年代別,60代,2002,
好きなお酒(複数回答),チューハイ・サワー,年代別,60代,2004,
好きなお酒(複数回答),チューハイ・サワー,年代別,60代,2006,
好きなお酒(複数回答),チューハイ・サワー,年代別,60代,2008,
好きなお酒(複数回答),チューハイ・サワー,年代別,60代,2010,
好きなお酒(複数回答),チューハイ・サワー,年代別,60代,2012,
好きなお酒(複数回答),チューハイ・サワー,年代別,60代,2014,
好きなお酒(複数回答),チューハイ・サワー,年代別,60代,2016,31.9
好きなお酒(複数回答),チューハイ・サワー,年代別,60代,2018,34.4
好きなお酒(複数回答),チューハイ・サワー,年代別,60代,2020,40.6
好きなお酒(複数回答),チューハイ・サワー,年代別,60代,2022,40.9
好きなお酒(複数回答),チューハイ・サワー,年代別,60代,2024,47.6
好きなお酒(複数回答),チューハイ・サワー,年代別(男性),男性20代,1992,
好きなお酒(複数回答),チューハイ・サワー,年代別(男性),男性20代,1994,
好きなお酒(複数回答),チューハイ・サワー,年代別(男性),男性20代,1996,
好きなお酒(複数回答),チューハイ・サワー,年代別(男性),男性20代,1998,
好きなお酒(複数回答),チューハイ・サワー,年代別(男性),男性20代,2000,
好きなお酒(複数回答),チューハイ・サワー,年代別(男性),男性20代,2002,
好きなお酒(複数回答),チューハイ・サワー,年代別(男性),男性20代,2004,
好きなお酒(複数回答),チューハイ・サワー,年代別(男性),男性20代,2006,
好きなお酒(複数回答),チューハイ・サワー,年代別(男性),男性20代,2008,
好きなお酒(複数回答),チューハイ・サワー,年代別(男性),男性20代,2010,
好きなお酒(複数回答),チューハイ・サワー,年代別(男性),男性20代,2012,
好きなお酒(複数回答),チューハイ・サワー,年代別(男性),男性20代,2014,
好きなお酒(複数回答),チューハイ・サワー,年代別(男性),男性20代,2016,62.4
好きなお酒(複数回答),チューハイ・サワー,年代別(男性),男性20代,2018,65.8
好きなお酒(複数回答),チューハイ・サワー,年代別(男性),男性20代,2020,74.4
好きなお酒(複数回答),チューハイ・サワー,年代別(男性),男性20代,2022,67.4
好きなお酒(複数回答),チューハイ・サワー,年代別(男性),男性20代,2024,64.3
好きなお酒(複数回答),チューハイ・サワー,年代別(男性),男性30代,1992,
好きなお酒(複数回答),チューハイ・サワー,年代別(男性),男性30代,1994,
好きなお酒(複数回答),チューハイ・サワー,年代別(男性),男性30代,1996,
好きなお酒(複数回答),チューハイ・サワー,年代別(男性),男性30代,1998,
好きなお酒(複数回答),チューハイ・サワー,年代別(男性),男性30代,2000,
好きなお酒(複数回答),チューハイ・サワー,年代別(男性),男性30代,2002,
好きなお酒(複数回答),チューハイ・サワー,年代別(男性),男性30代,2004,
好きなお酒(複数回答),チューハイ・サワー,年代別(男性),男性30代,2006,
好きなお酒(複数回答),チューハイ・サワー,年代別(男性),男性30代,2008,
好きなお酒(複数回答),チューハイ・サワー,年代別(男性),男性30代,2010,
好きなお酒(複数回答),チューハイ・サワー,年代別(男性),男性30代,2012,
好きなお酒(複数回答),チューハイ・サワー,年代別(男性),男性30代,2014,
好きなお酒(複数回答),チューハイ・サワー,年代別(男性),男性30代,2016,55.6
好きなお酒(複数回答),チューハイ・サワー,年代別(男性),男性30代,2018,54.1
好きなお酒(複数回答),チューハイ・サワー,年代別(男性),男性30代,2020,66.3
好きなお酒(複数回答),チューハイ・サワー,年代別(男性),男性30代,2022,66.2
好きなお酒(複数回答),チューハイ・サワー,年代別(男性),男性30代,2024,66.1
好きなお酒(複数回答),チューハイ・サワー,年代別(男性),男性40代,1992,
好きなお酒(複数回答),チューハイ・サワー,年代別(男性),男性40代,1994,
好きなお酒(複数回答),チューハイ・サワー,年代別(男性),男性40代,1996,
好きなお酒(複数回答),チューハイ・サワー,年代別(男性),男性40代,1998,
好きなお酒(複数回答),チューハイ・サワー,年代別(男性),男性40代,2000,
好きなお酒(複数回答),チューハイ・サワー,年代別(男性),男性40代,2002,
好きなお酒(複数回答),チューハイ・サワー,年代別(男性),男性40代,2004,
好きなお酒(複数回答),チューハイ・サワー,年代別(男性),男性40代,2006,
好きなお酒(複数回答),チューハイ・サワー,年代別(男性),男性40代,2008,
好きなお酒(複数回答),チューハイ・サワー,年代別(男性),男性40代,2010,
好きなお酒(複数回答),チューハイ・サワー,年代別(男性),男性40代,2012,
好きなお酒(複数回答),チューハイ・サワー,年代別(男性),男性40代,2014,
好きなお酒(複数回答),チューハイ・サワー,年代別(男性),男性40代,2016,47.5
好きなお酒(複数回答),チューハイ・サワー,年代別(男性),男性40代,2018,53.8
好きなお酒(複数回答),チューハイ・サワー,年代別(男性),男性40代,2020,58.3
好きなお酒(複数回答),チューハイ・サワー,年代別(男性),男性40代,2022,60.2
好きなお酒(複数回答),チューハイ・サワー,年代別(男性),男性40代,2024,60.6
好きなお酒(複数回答),チューハイ・サワー,年代別(男性),男性50代,1992,
好きなお酒(複数回答),チューハイ・サワー,年代別(男性),男性50代,1994,
好きなお酒(複数回答),チューハイ・サワー,年代別(男性),男性50代,1996,
好きなお酒(複数回答),チューハイ・サワー,年代別(男性),男性50代,1998,
好きなお酒(複数回答),チューハイ・サワー,年代別(男性),男性50代,2000,
好きなお酒(複数回答),チューハイ・サワー,年代別(男性),男性50代,2002,
好きなお酒(複数回答),チューハイ・サワー,年代別(男性),男性50代,2004,
好きなお酒(複数回答),チューハイ・サワー,年代別(男性),男性50代,2006,
好きなお酒(複数回答),チューハイ・サワー,年代別(男性),男性50代,2008,
好きなお酒(複数回答),チューハイ・サワー,年代別(男性),男性50代,2010,
好きなお酒(複数回答),チューハイ・サワー,年代別(男性),男性50代,2012,
好きなお酒(複数回答),チューハイ・サワー,年代別(男性),男性50代,2014,
好きなお酒(複数回答),チューハイ・サワー,年代別(男性),男性50代,2016,42.7
好きなお酒(複数回答),チューハイ・サワー,年代別(男性),男性50代,2018,43.6
好きなお酒(複数回答),チューハイ・サワー,年代別(男性),男性50代,2020,47.7
好きなお酒(複数回答),チューハイ・サワー,年代別(男性),男性50代,2022,53.0
好きなお酒(複数回答),チューハイ・サワー,年代別(男性),男性50代,2024,51.7
好きなお酒(複数回答),チューハイ・サワー,年代別(男性),男性60代,1992,
好きなお酒(複数回答),チューハイ・サワー,年代別(男性),男性60代,1994,
好きなお酒(複数回答),チューハイ・サワー,年代別(男性),男性60代,1996,
好きなお酒(複数回答),チューハイ・サワー,年代別(男性),男性60代,1998,
好きなお酒(複数回答),チューハイ・サワー,年代別(男性),男性60代,2000,
好きなお酒(複数回答),チューハイ・サワー,年代別(男性),男性60代,2002,
好きなお酒(複数回答),チューハイ・サワー,年代別(男性),男性60代,2004,
好きなお酒(複数回答),チューハイ・サワー,年代別(男性),男性60代,2006,
好きなお酒(複数回答),チューハイ・サワー,年代別(男性),男性60代,2008,
好きなお酒(複数回答),チューハイ・サワー,年代別(男性),男性60代,2010,
好きなお酒(複数回答),チューハイ・サワー,年代別(男性),男性60代,2012,
好きなお酒(複数回答),チューハイ・サワー,年代別(男性),男性60代,2014,
好きなお酒(複数回答),チューハイ・サワー,年代別(男性),男性60代,2016,25.4
好きなお酒(複数回答),チューハイ・サワー,年代別(男性),男性60代,2018,26.3
好きなお酒(複数回答),チューハイ・サワー,年代別(男性),男性60代,2020,38.3
好きなお酒(複数回答),チューハイ・サワー,年代別(男性),男性60代,2022,35.8
好きなお酒(複数回答),チューハイ・サワー,年代別(男性),男性60代,2024,42.0
好きなお酒(複数回答),チューハイ・サワー,年代別(女性),女性20代,1992,
好きなお酒(複数回答),チューハイ・サワー,年代別(女性),女性20代,1994,
好きなお酒(複数回答),チューハイ・サワー,年代別(女性),女性20代,1996,
好きなお酒(複数回答),チューハイ・サワー,年代別(女性),女性20代,1998,
好きなお酒(複数回答),チューハイ・サワー,年代別(女性),女性20代,2000,
好きなお酒(複数回答),チューハイ・サワー,年代別(女性),女性20代,2002,
好きなお酒(複数回答),チューハイ・サワー,年代別(女性),女性20代,2004,
好きなお酒(複数回答),チューハイ・サワー,年代別(女性),女性20代,2006,
好きなお酒(複数回答),チューハイ・サワー,年代別(女性),女性20代,2008,
好きなお酒(複数回答),チューハイ・サワー,年代別(女性),女性20代,2010,
好きなお酒(複数回答),チューハイ・サワー,年代別(女性),女性20代,2012,
好きなお酒(複数回答),チューハイ・サワー,年代別(女性),女性20代,2014,
好きなお酒(複数回答),チューハイ・サワー,年代別(女性),女性20代,2016,66.3
好きなお酒(複数回答),チューハイ・サワー,年代別(女性),女性20代,2018,76.7
好きなお酒(複数回答),チューハイ・サワー,年代別(女性),女性20代,2020,84.2
好きなお酒(複数回答),チューハイ・サワー,年代別(女性),女性20代,2022,74.4
好きなお酒(複数回答),チューハイ・サワー,年代別(女性),女性20代,2024,76.4
好きなお酒(複数回答),チューハイ・サワー,年代別(女性),女性30代,1992,
好きなお酒(複数回答),チューハイ・サワー,年代別(女性),女性30代,1994,
好きなお酒(複数回答),チューハイ・サワー,年代別(女性),女性30代,1996,
好きなお酒(複数回答),チューハイ・サワー,年代別(女性),女性30代,1998,
好きなお酒(複数回答),チューハイ・サワー,年代別(女性),女性30代,2000,
好きなお酒(複数回答),チューハイ・サワー,年代別(女性),女性30代,2002,
好きなお酒(複数回答),チューハイ・サワー,年代別(女性),女性30代,2004,
好きなお酒(複数回答),チューハイ・サワー,年代別(女性),女性30代,2006,
好きなお酒(複数回答),チューハイ・サワー,年代別(女性),女性30代,2008,
好きなお酒(複数回答),チューハイ・サワー,年代別(女性),女性30代,2010,
好きなお酒(複数回答),チューハイ・サワー,年代別(女性),女性30代,2012,
好きなお酒(複数回答),チューハイ・サワー,年代別(女性),女性30代,2014,
好きなお酒(複数回答),チューハイ・サワー,年代別(女性),女性30代,2016,61.3
好きなお酒(複数回答),チューハイ・サワー,年代別(女性),女性30代,2018,68.8
好きなお酒(複数回答),チューハイ・サワー,年代別(女性),女性30代,2020,68.9
好きなお酒(複数回答),チューハイ・サワー,年代別(女性),女性30代,2022,73.7
好きなお酒(複数回答),チューハイ・サワー,年代別(女性),女性30代,2024,75.9
好きなお酒(複数回答),チューハイ・サワー,年代別(女性),女性40代,1992,
好きなお酒(複数回答),チューハイ・サワー,年代別(女性),女性40代,1994,
好きなお酒(複数回答),チューハイ・サワー,年代別(女性),女性40代,1996,
好きなお酒(複数回答),チューハイ・サワー,年代別(女性),女性40代,1998,
好きなお酒(複数回答),チューハイ・サワー,年代別(女性),女性40代,2000,
好きなお酒(複数回答),チューハイ・サワー,年代別(女性),女性40代,2002,
好きなお酒(複数回答),チューハイ・サワー,年代別(女性),女性40代,2004,
好きなお酒(複数回答),チューハイ・サワー,年代別(女性),女性40代,2006,
好きなお酒(複数回答),チューハイ・サワー,年代別(女性),女性40代,2008,
好きなお酒(複数回答),チューハイ・サワー,年代別(女性),女性40代,2010,
好きなお酒(複数回答),チューハイ・サワー,年代別(女性),女性40代,2012,
好きなお酒(複数回答),チューハイ・サワー,年代別(女性),女性40代,2014,
好きなお酒(複数回答),チューハイ・サワー,年代別(女性),女性40代,2016,62.3
好きなお酒(複数回答),チューハイ・サワー,年代別(女性),女性40代,2018,60.6
好きなお酒(複数回答),チューハイ・サワー,年代別(女性),女性40代,2020,66.0
好きなお酒(複数回答),チューハイ・サワー,年代別(女性),女性40代,2022,69.0
好きなお酒(複数回答),チューハイ・サワー,年代別(女性),女性40代,2024,68.0
好きなお酒(複数回答),チューハイ・サワー,年代別(女性),女性50代,1992,
好きなお酒(複数回答),チューハイ・サワー,年代別(女性),女性50代,1994,
好きなお酒(複数回答),チューハイ・サワー,年代別(女性),女性50代,1996,
好きなお酒(複数回答),チューハイ・サワー,年代別(女性),女性50代,1998,
好きなお酒(複数回答),チューハイ・サワー,年代別(女性),女性50代,2000,
好きなお酒(複数回答),チューハイ・サワー,年代別(女性),女性50代,2002,
好きなお酒(複数回答),チューハイ・サワー,年代別(女性),女性50代,2004,
好きなお酒(複数回答),チューハイ・サワー,年代別(女性),女性50代,2006,
好きなお酒(複数回答),チューハイ・サワー,年代別(女性),女性50代,2008,
好きなお酒(複数回答),チューハイ・サワー,年代別(女性),女性50代,2010,
好きなお酒(複数回答),チューハイ・サワー,年代別(女性),女性50代,2012,
好きなお酒(複数回答),チューハイ・サワー,年代別(女性),女性50代,2014,
好きなお酒(複数回答),チューハイ・サワー,年代別(女性),女性50代,2016,57.8
好きなお酒(複数回答),チューハイ・サワー,年代別(女性),女性50代,2018,55.4
好きなお酒(複数回答),チューハイ・サワー,年代別(女性),女性50代,2020,62.2
好きなお酒(複数回答),チューハイ・サワー,年代別(女性),女性50代,2022,62.4
好きなお酒(複数回答),チューハイ・サワー,年代別(女性),女性50代,2024,65.2
好きなお酒(複数回答),チューハイ・サワー,年代別(女性),女性60代,1992,
好きなお酒(複数回答),チューハイ・サワー,年代別(女性),女性60代,1994,
好きなお酒(複数回答),チューハイ・サワー,年代別(女性),女性60代,1996,
好きなお酒(複数回答),チューハイ・サワー,年代別(女性),女性60代,1998,
好きなお酒(複数回答),チューハイ・サワー,年代別(女性),女性60代,2000,
好きなお酒(複数回答),チューハイ・サワー,年代別(女性),女性60代,2002,
好きなお酒(複数回答),チューハイ・サワー,年代別(女性),女性60代,2004,
好きなお酒(複数回答),チューハイ・サワー,年代別(女性),女性60代,2006,
好きなお酒(複数回答),チューハイ・サワー,年代別(女性),女性60代,2008,
好きなお酒(複数回答),チューハイ・サワー,年代別(女性),女性60代,2010,
好きなお酒(複数回答),チューハイ・サワー,年代別(女性),女性60代,2012,
好きなお酒(複数回答),チューハイ・サワー,年代別(女性),女性60代,2014,
好きなお酒(複数回答),チューハイ・サワー,年代別(女性),女性60代,2016,42.6
好きなお酒(複数回答),チューハイ・サワー,年代別(女性),女性60代,2018,45.7
好きなお酒(複数回答),チューハイ・サワー,年代別(女性),女性60代,2020,43.5
好きなお酒(複数回答),チューハイ・サワー,年代別(女性),女性60代,2022,47.9
好きなお酒(複数回答),チューハイ・サワー,年代別(女性),女性60代,2024,55.3
好きなお酒(複数回答),チューハイ・サワー,地域別,首都圏,1992,
好きなお酒(複数回答),チューハイ・サワー,地域別,首都圏,1994,
好きなお酒(複数回答),チューハイ・サワー,地域別,首都圏,1996,
好きなお酒(複数回答),チューハイ・サワー,地域別,首都圏,1998,
好きなお酒(複数回答),チューハイ・サワー,地域別,首都圏,2000,
好きなお酒(複数回答),チューハイ・サワー,地域別,首都圏,2002,
好きなお酒(複数回答),チューハイ・サワー,地域別,首都圏,2004,
好きなお酒(複数回答),チューハイ・サワー,地域別,首都圏,2006,
好きなお酒(複数回答),チューハイ・サワー,地域別,首都圏,2008,
好きなお酒(複数回答),チューハイ・サワー,地域別,首都圏,2010,
好きなお酒(複数回答),チューハイ・サワー,地域別,首都圏,2012,
好きなお酒(複数回答),チューハイ・サワー,地域別,首都圏,2014,
好きなお酒(複数回答),チューハイ・サワー,地域別,首都圏,2016,51.2
好きなお酒(複数回答),チューハイ・サワー,地域別,首都圏,2018,53.6
好きなお酒(複数回答),チューハイ・サワー,地域別,首都圏,2020,60.2
好きなお酒(複数回答),チューハイ・サワー,地域別,首都圏,2022,61.5
好きなお酒(複数回答),チューハイ・サワー,地域別,首都圏,2024,63.1
好きなお酒(複数回答),チューハイ・サワー,地域別,阪神圏,1992,
好きなお酒(複数回答),チューハイ・サワー,地域別,阪神圏,1994,
好きなお酒(複数回答),チューハイ・サワー,地域別,阪神圏,1996,
好きなお酒(複数回答),チューハイ・サワー,地域別,阪神圏,1998,
好きなお酒(複数回答),チューハイ・サワー,地域別,阪神圏,2000,
好きなお酒(複数回答),チューハイ・サワー,地域別,阪神圏,2002,
好きなお酒(複数回答),チューハイ・サワー,地域別,阪神圏,2004,
好きなお酒(複数回答),チューハイ・サワー,地域別,阪神圏,2006,
好きなお酒(複数回答),チューハイ・サワー,地域別,阪神圏,2008,
好きなお酒(複数回答),チューハイ・サワー,地域別,阪神圏,2010,
好きなお酒(複数回答),チューハイ・サワー,地域別,阪神圏,2012,
好きなお酒(複数回答),チューハイ・サワー,地域別,阪神圏,2014,
好きなお酒(複数回答),チューハイ・サワー,地域別,阪神圏,2016,51.8
好きなお酒(複数回答),チューハイ・サワー,地域別,阪神圏,2018,56.3
好きなお酒(複数回答),チューハイ・サワー,地域別,阪神圏,2020,60.7
好きなお酒(複数回答),チューハイ・サワー,地域別,阪神圏,2022,58.1
好きなお酒(複数回答),チューハイ・サワー,地域別,阪神圏,2024,58.4
好きなお酒(複数回答),カクテル,全体,全体,1992,
好きなお酒(複数回答),カクテル,全体,全体,1994,
好きなお酒(複数回答),カクテル,全体,全体,1996,
好きなお酒(複数回答),カクテル,全体,全体,1998,
好きなお酒(複数回答),カクテル,全体,全体,2000,
好きなお酒(複数回答),カクテル,全体,全体,2002,
好きなお酒(複数回答),カクテル,全体,全体,2004,
好きなお酒(複数回答),カクテル,全体,全体,2006,
好きなお酒(複数回答),カクテル,全体,全体,2008,
好きなお酒(複数回答),カクテル,全体,全体,2010,
好きなお酒(複数回答),カクテル,全体,全体,2012,
好きなお酒(複数回答),カクテル,全体,全体,2014,
好きなお酒(複数回答),カクテル,全体,全体,2016,26.8
好きなお酒(複数回答),カクテル,全体,全体,2018,25.2
好きなお酒(複数回答),カクテル,全体,全体,2020,26.2
好きなお酒(複数回答),カクテル,全体,全体,2022,23.4
好きなお酒(複数回答),カクテル,全体,全体,2024,24.6
好きなお酒(複数回答),カクテル,男女別,男性,1992,
好きなお酒(複数回答),カクテル,男女別,男性,1994,
好きなお酒(複数回答),カクテル,男女別,男性,1996,
好きなお酒(複数回答),カクテル,男女別,男性,1998,
好きなお酒(複数回答),カクテル,男女別,男性,2000,
好きなお酒(複数回答),カクテル,男女別,男性,2002,
好きなお酒(複数回答),カクテル,男女別,男性,2004,
好きなお酒(複数回答),カクテル,男女別,男性,2006,
好きなお酒(複数回答),カクテル,男女別,男性,2008,
好きなお酒(複数回答),カクテル,男女別,男性,2010,
好きなお酒(複数回答),カクテル,男女別,男性,2012,
好きなお酒(複数回答),カクテル,男女別,男性,2014,
好きなお酒(複数回答),カクテル,男女別,男性,2016,16.6
好きなお酒(複数回答),カクテル,男女別,男性,2018,17.0
好きなお酒(複数回答),カクテル,男女別,男性,2020,17.0
好きなお酒(複数回答),カクテル,男女別,男性,2022,15.9
好きなお酒(複数回答),カクテル,男女別,男性,2024,14.2
好きなお酒(複数回答),カクテル,男女別,女性,1992,
好きなお酒(複数回答),カクテル,男女別,女性,1994,
好きなお酒(複数回答),カクテル,男女別,女性,1996,
好きなお酒(複数回答),カクテル,男女別,女性,1998,
好きなお酒(複数回答),カクテル,男女別,女性,2000,
好きなお酒(複数回答),カクテル,男女別,女性,2002,
好きなお酒(複数回答),カクテル,男女別,女性,2004,
好きなお酒(複数回答),カクテル,男女別,女性,2006,
好きなお酒(複数回答),カクテル,男女別,女性,2008,
好きなお酒(複数回答),カクテル,男女別,女性,2010,
好きなお酒(複数回答),カクテル,男女別,女性,2012,
好きなお酒(複数回答),カクテル,男女別,女性,2014,
好きなお酒(複数回答),カクテル,男女別,女性,2016,40.5
好きなお酒(複数回答),カクテル,男女別,女性,2018,35.9
好きなお酒(複数回答),カクテル,男女別,女性,2020,37.7
好きなお酒(複数回答),カクテル,男女別,女性,2022,32.9
好きなお酒(複数回答),カクテル,男女別,女性,2024,37.9
好きなお酒(複数回答),カクテル,年代別,20代,1992,
好きなお酒(複数回答),カクテル,年代別,20代,1994,
好きなお酒(複数回答),カクテル,年代別,20代,1996,
好きなお酒(複数回答),カクテル,年代別,20代,1998,
好きなお酒(複数回答),カクテル,年代別,20代,2000,
好きなお酒(複数回答),カクテル,年代別,20代,2002,
好きなお酒(複数回答),カクテル,年代別,20代,2004,
好きなお酒(複数回答),カクテル,年代別,20代,2006,
好きなお酒(複数回答),カクテル,年代別,20代,2008,
好きなお酒(複数回答),カクテル,年代別,20代,2010,
好きなお酒(複数回答),カクテル,年代別,20代,2012,
好きなお酒(複数回答),カクテル,年代別,20代,2014,
好きなお酒(複数回答),カクテル,年代別,20代,2016,50.3
好きなお酒(複数回答),カクテル,年代別,20代,2018,43.4
好きなお酒(複数回答),カクテル,年代別,20代,2020,47.4
好きなお酒(複数回答),カクテル,年代別,20代,2022,38.6
好きなお酒(複数回答),カクテル,年代別,20代,2024,42.7
好きなお酒(複数回答),カクテル,年代別,30代,1992,
好きなお酒(複数回答),カクテル,年代別,30代,1994,
好きなお酒(複数回答),カクテル,年代別,30代,1996,
好きなお酒(複数回答),カクテル,年代別,30代,1998,
好きなお酒(複数回答),カクテル,年代別,30代,2000,
好きなお酒(複数回答),カクテル,年代別,30代,2002,
好きなお酒(複数回答),カクテル,年代別,30代,2004,
好きなお酒(複数回答),カクテル,年代別,30代,2006,
好きなお酒(複数回答),カクテル,年代別,30代,2008,
好きなお酒(複数回答),カクテル,年代別,30代,2010,
好きなお酒(複数回答),カクテル,年代別,30代,2012,
好きなお酒(複数回答),カクテル,年代別,30代,2014,
好きなお酒(複数回答),カクテル,年代別,30代,2016,30.5
好きなお酒(複数回答),カクテル,年代別,30代,2018,30.5
好きなお酒(複数回答),カクテル,年代別,30代,2020,31.0
好きなお酒(複数回答),カクテル,年代別,30代,2022,28.3
好きなお酒(複数回答),カクテル,年代別,30代,2024,25.8
好きなお酒(複数回答),カクテル,年代別,40代,1992,
好きなお酒(複数回答),カクテル,年代別,40代,1994,
好きなお酒(複数回答),カクテル,年代別,40代,1996,
好きなお酒(複数回答),カクテル,年代別,40代,1998,
好きなお酒(複数回答),カクテル,年代別,40代,2000,
好きなお酒(複数回答),カクテル,年代別,40代,2002,
好きなお酒(複数回答),カクテル,年代別,40代,2004,
好きなお酒(複数回答),カクテル,年代別,40代,2006,
好きなお酒(複数回答),カクテル,年代別,40代,2008,
好きなお酒(複数回答),カクテル,年代別,40代,2010,
好きなお酒(複数回答),カクテル,年代別,40代,2012,
好きなお酒(複数回答),カクテル,年代別,40代,2014,
好きなお酒(複数回答),カクテル,年代別,40代,2016,27.1
好きなお酒(複数回答),カクテル,年代別,40代,2018,27.4
好きなお酒(複数回答),カクテル,年代別,40代,2020,27.2
好きなお酒(複数回答),カクテル,年代別,40代,2022,23.9
好きなお酒(複数回答),カクテル,年代別,40代,2024,24.1
好きなお酒(複数回答),カクテル,年代別,50代,1992,
好きなお酒(複数回答),カクテル,年代別,50代,1994,
好きなお酒(複数回答),カクテル,年代別,50代,1996,
好きなお酒(複数回答),カクテル,年代別,50代,1998,
好きなお酒(複数回答),カクテル,年代別,50代,2000,
好きなお酒(複数回答),カクテル,年代別,50代,2002,
好きなお酒(複数回答),カクテル,年代別,50代,2004,
好きなお酒(複数回答),カクテル,年代別,50代,2006,
好きなお酒(複数回答),カクテル,年代別,50代,2008,
好きなお酒(複数回答),カクテル,年代別,50代,2010,
好きなお酒(複数回答),カクテル,年代別,50代,2012,
好きなお酒(複数回答),カクテル,年代別,50代,2014,
好きなお酒(複数回答),カクテル,年代別,50代,2016,18.9
好きなお酒(複数回答),カクテル,年代別,50代,2018,16.9
好きなお酒(複数回答),カクテル,年代別,50代,2020,18.9
好きなお酒(複数回答),カクテル,年代別,50代,2022,19.7
好きなお酒(複数回答),カクテル,年代別,50代,2024,19.7
好きなお酒(複数回答),カクテル,年代別,60代,1992,
好きなお酒(複数回答),カクテル,年代別,60代,1994,
好きなお酒(複数回答),カクテル,年代別,60代,1996,
好きなお酒(複数回答),カクテル,年代別,60代,1998,
好きなお酒(複数回答),カクテル,年代別,60代,2000,
好きなお酒(複数回答),カクテル,年代別,60代,2002,
好きなお酒(複数回答),カクテル,年代別,60代,2004,
好きなお酒(複数回答),カクテル,年代別,60代,2006,
好きなお酒(複数回答),カクテル,年代別,60代,2008,
好きなお酒(複数回答),カクテル,年代別,60代,2010,
好きなお酒(複数回答),カクテル,年代別,60代,2012,
好きなお酒(複数回答),カクテル,年代別,60代,2014,
好きなお酒(複数回答),カクテル,年代別,60代,2016,10.1
好きなお酒(複数回答),カクテル,年代別,60代,2018,8.1
好きなお酒(複数回答),カクテル,年代別,60代,2020,8.5
好きなお酒(複数回答),カクテル,年代別,60代,2022,7.7
好きなお酒(複数回答),カクテル,年代別,60代,2024,12.9
好きなお酒(複数回答),カクテル,年代別(男性),男性20代,1992,
好きなお酒(複数回答),カクテル,年代別(男性),男性20代,1994,
好きなお酒(複数回答),カクテル,年代別(男性),男性20代,1996,
好きなお酒(複数回答),カクテル,年代別(男性),男性20代,1998,
好きなお酒(複数回答),カクテル,年代別(男性),男性20代,2000,
好きなお酒(複数回答),カクテル,年代別(男性),男性20代,2002,
好きなお酒(複数回答),カクテル,年代別(男性),男性20代,2004,
好きなお酒(複数回答),カクテル,年代別(男性),男性20代,2006,
好きなお酒(複数回答),カクテル,年代別(男性),男性20代,2008,
好きなお酒(複数回答),カクテル,年代別(男性),男性20代,2010,
好きなお酒(複数回答),カクテル,年代別(男性),男性20代,2012,
好きなお酒(複数回答),カクテル,年代別(男性),男性20代,2014,
好きなお酒(複数回答),カクテル,年代別(男性),男性20代,2016,38.7
好きなお酒(複数回答),カクテル,年代別(男性),男性20代,2018,34.2
好きなお酒(複数回答),カクテル,年代別(男性),男性20代,2020,29.4
好きなお酒(複数回答),カクテル,年代別(男性),男性20代,2022,27.6
好きなお酒(複数回答),カクテル,年代別(男性),男性20代,2024,24.7
好きなお酒(複数回答),カクテル,年代別(男性),男性30代,1992,
好きなお酒(複数回答),カクテル,年代別(男性),男性30代,1994,
好きなお酒(複数回答),カクテル,年代別(男性),男性30代,1996,
好きなお酒(複数回答),カクテル,年代別(男性),男性30代,1998,
好きなお酒(複数回答),カクテル,年代別(男性),男性30代,2000,
好きなお酒(複数回答),カクテル,年代別(男性),男性30代,2002,
好きなお酒(複数回答),カクテル,年代別(男性),男性30代,2004,
好きなお酒(複数回答),カクテル,年代別(男性),男性30代,2006,
好きなお酒(複数回答),カクテル,年代別(男性),男性30代,2008,
好きなお酒(複数回答),カクテル,年代別(男性),男性30代,2010,
好きなお酒(複数回答),カクテル,年代別(男性),男性30代,2012,
好きなお酒(複数回答),カクテル,年代別(男性),男性30代,2014,
好きなお酒(複数回答),カクテル,年代別(男性),男性30代,2016,22.6
好きなお酒(複数回答),カクテル,年代別(男性),男性30代,2018,20.2
好きなお酒(複数回答),カクテル,年代別(男性),男性30代,2020,22.9
好きなお酒(複数回答),カクテル,年代別(男性),男性30代,2022,21.0
好きなお酒(複数回答),カクテル,年代別(男性),男性30代,2024,17.0
好きなお酒(複数回答),カクテル,年代別(男性),男性40代,1992,
好きなお酒(複数回答),カクテル,年代別(男性),男性40代,1994,
好きなお酒(複数回答),カクテル,年代別(男性),男性40代,1996,
好きなお酒(複数回答),カクテル,年代別(男性),男性40代,1998,
好きなお酒(複数回答),カクテル,年代別(男性),男性40代,2000,
好きなお酒(複数回答),カクテル,年代別(男性),男性40代,2002,
好きなお酒(複数回答),カクテル,年代別(男性),男性40代,2004,
好きなお酒(複数回答),カクテル,年代別(男性),男性40代,2006,
好きなお酒(複数回答),カクテル,年代別(男性),男性40代,2008,
好きなお酒(複数回答),カクテル,年代別(男性),男性40代,2010,
好きなお酒(複数回答),カクテル,年代別(男性),男性40代,2012,
好きなお酒(複数回答),カクテル,年代別(男性),男性40代,2014,
好きなお酒(複数回答),カクテル,年代別(男性),男性40代,2016,13.8
好きなお酒(複数回答),カクテル,年代別(男性),男性40代,2018,18.4
好きなお酒(複数回答),カクテル,年代別(男性),男性40代,2020,19.3
好きなお酒(複数回答),カクテル,年代別(男性),男性40代,2022,16.6
好きなお酒(複数回答),カクテル,年代別(男性),男性40代,2024,15.5
好きなお酒(複数回答),カクテル,年代別(男性),男性50代,1992,
好きなお酒(複数回答),カクテル,年代別(男性),男性50代,1994,
好きなお酒(複数回答),カクテル,年代別(男性),男性50代,1996,
好きなお酒(複数回答),カクテル,年代別(男性),男性50代,1998,
好きなお酒(複数回答),カクテル,年代別(男性),男性50代,2000,
好きなお酒(複数回答),カクテル,年代別(男性),男性50代,2002,
好きなお酒(複数回答),カクテル,年代別(男性),男性50代,2004,
好きなお酒(複数回答),カクテル,年代別(男性),男性50代,2006,
好きなお酒(複数回答),カクテル,年代別(男性),男性50代,2008,
好きなお酒(複数回答),カクテル,年代別(男性),男性50代,2010,
好きなお酒(複数回答),カクテル,年代別(男性),男性50代,2012,
好きなお酒(複数回答),カクテル,年代別(男性),男性50代,2014,
好きなお酒(複数回答),カクテル,年代別(男性),男性50代,2016,9.3
好きなお酒(複数回答),カクテル,年代別(男性),男性50代,2018,8.5
好きなお酒(複数回答),カクテル,年代別(男性),男性50代,2020,9.9
好きなお酒(複数回答),カクテル,年代別(男性),男性50代,2022,12.6
好きなお酒(複数回答),カクテル,年代別(男性),男性50代,2024,7.6
好きなお酒(複数回答),カクテル,年代別(男性),男性60代,1992,
好きなお酒(複数回答),カクテル,年代別(男性),男性60代,1994,
好きなお酒(複数回答),カクテル,年代別(男性),男性60代,1996,
好きなお酒(複数回答),カクテル,年代別(男性),男性60代,1998,
好きなお酒(複数回答),カクテル,年代別(男性),男性60代,2000,
好きなお酒(複数回答),カクテル,年代別(男性),男性60代,2002,
好きなお酒(複数回答),カクテル,年代別(男性),男性60代,2004,
好きなお酒(複数回答),カクテル,年代別(男性),男性60代,2006,
好きなお酒(複数回答),カクテル,年代別(男性),男性60代,2008,
好きなお酒(複数回答),カクテル,年代別(男性),男性60代,2010,
好きなお酒(複数回答),カクテル,年代別(男性),男性60代,2012,
好きなお酒(複数回答),カクテル,年代別(男性),男性60代,2014,
好きなお酒(複数回答),カクテル,年代別(男性),男性60代,2016,5.2
好きなお酒(複数回答),カクテル,年代別(男性),男性60代,2018,5.7
好きなお酒(複数回答),カクテル,年代別(男性),男性60代,2020,4.3
好きなお酒(複数回答),カクテル,年代別(男性),男性60代,2022,3.9
好きなお酒(複数回答),カクテル,年代別(男性),男性60代,2024,8.9
好きなお酒(複数回答),カクテル,年代別(女性),女性20代,1992,
好きなお酒(複数回答),カクテル,年代別(女性),女性20代,1994,
好きなお酒(複数回答),カクテル,年代別(女性),女性20代,1996,
好きなお酒(複数回答),カクテル,年代別(女性),女性20代,1998,
好きなお酒(複数回答),カクテル,年代別(女性),女性20代,2000,
好きなお酒(複数回答),カクテル,年代別(女性),女性20代,2002,
好きなお酒(複数回答),カクテル,年代別(女性),女性20代,2004,
好きなお酒(複数回答),カクテル,年代別(女性),女性20代,2006,
好きなお酒(複数回答),カクテル,年代別(女性),女性20代,2008,
好きなお酒(複数回答),カクテル,年代別(女性),女性20代,2010,
好きなお酒(複数回答),カクテル,年代別(女性),女性20代,2012,
好きなお酒(複数回答),カクテル,年代別(女性),女性20代,2014,
好きなお酒(複数回答),カクテル,年代別(女性),女性20代,2016,63.3
好きなお酒(複数回答),カクテル,年代別(女性),女性20代,2018,54.1
好きなお酒(複数回答),カクテル,年代別(女性),女性20代,2020,69.2
好きなお酒(複数回答),カクテル,年代別(女性),女性20代,2022,50.6
好きなお酒(複数回答),カクテル,年代別(女性),女性20代,2024,64.6
好きなお酒(複数回答),カクテル,年代別(女性),女性30代,1992,
好きなお酒(複数回答),カクテル,年代別(女性),女性30代,1994,
好きなお酒(複数回答),カクテル,年代別(女性),女性30代,1996,
好きなお酒(複数回答),カクテル,年代別(女性),女性30代,1998,
好きなお酒(複数回答),カクテル,年代別(女性),女性30代,2000,
好きなお酒(複数回答),カクテル,年代別(女性),女性30代,2002,
好きなお酒(複数回答),カクテル,年代別(女性),女性30代,2004,
好きなお酒(複数回答),カクテル,年代別(女性),女性30代,2006,
好きなお酒(複数回答),カクテル,年代別(女性),女性30代,2008,
好きなお酒(複数回答),カクテル,年代別(女性),女性30代,2010,
好きなお酒(複数回答),カクテル,年代別(女性),女性30代,2012,
好きなお酒(複数回答),カクテル,年代別(女性),女性30代,2014,
好きなお酒(複数回答),カクテル,年代別(女性),女性30代,2016,40.8
好きなお酒(複数回答),カクテル,年代別(女性),女性30代,2018,44.7
好きなお酒(複数回答),カクテル,年代別(女性),女性30代,2020,41.5
好きなお酒(複数回答),カクテル,年代別(女性),女性30代,2022,37.4
好きなお酒(複数回答),カクテル,年代別(女性),女性30代,2024,36.5
好きなお酒(複数回答),カクテル,年代別(女性),女性40代,1992,
好きなお酒(複数回答),カクテル,年代別(女性),女性40代,1994,
好きなお酒(複数回答),カクテル,年代別(女性),女性40代,1996,
好きなお酒(複数回答),カクテル,年代別(女性),女性40代,1998,
好きなお酒(複数回答),カクテル,年代別(女性),女性40代,2000,
好きなお酒(複数回答),カクテル,年代別(女性),女性40代,2002,
好きなお酒(複数回答),カクテル,年代別(女性),女性40代,2004,
好きなお酒(複数回答),カクテル,年代別(女性),女性40代,2006,
好きなお酒(複数回答),カクテル,年代別(女性),女性40代,2008,
好きなお酒(複数回答),カクテル,年代別(女性),女性40代,2010,
好きなお酒(複数回答),カクテル,年代別(女性),女性40代,2012,
好きなお酒(複数回答),カクテル,年代別(女性),女性40代,2014,
好きなお酒(複数回答),カクテル,年代別(女性),女性40代,2016,44.0
好きなお酒(複数回答),カクテル,年代別(女性),女性40代,2018,38.6
好きなお酒(複数回答),カクテル,年代別(女性),女性40代,2020,36.9
好きなお酒(複数回答),カクテル,年代別(女性),女性40代,2022,33.2
好きなお酒(複数回答),カクテル,年代別(女性),女性40代,2024,34.9
好きなお酒(複数回答),カクテル,年代別(女性),女性50代,1992,
好きなお酒(複数回答),カクテル,年代別(女性),女性50代,1994,
好きなお酒(複数回答),カクテル,年代別(女性),女性50代,1996,
好きなお酒(複数回答),カクテル,年代別(女性),女性50代,1998,
好きなお酒(複数回答),カクテル,年代別(女性),女性50代,2000,
好きなお酒(複数回答),カクテル,年代別(女性),女性50代,2002,
好きなお酒(複数回答),カクテル,年代別(女性),女性50代,2004,
好きなお酒(複数回答),カクテル,年代別(女性),女性50代,2006,
好きなお酒(複数回答),カクテル,年代別(女性),女性50代,2008,
好きなお酒(複数回答),カクテル,年代別(女性),女性50代,2010,
好きなお酒(複数回答),カクテル,年代別(女性),女性50代,2012,
好きなお酒(複数回答),カクテル,年代別(女性),女性50代,2014,
好きなお酒(複数回答),カクテル,年代別(女性),女性50代,2016,33.1
好きなお酒(複数回答),カクテル,年代別(女性),女性50代,2018,28.0
好きなお酒(複数回答),カクテル,年代別(女性),女性50代,2020,30.0
好きなお酒(複数回答),カクテル,年代別(女性),女性50代,2022,29.1
好きなお酒(複数回答),カクテル,年代別(女性),女性50代,2024,35.4
好きなお酒(複数回答),カクテル,年代別(女性),女性60代,1992,
好きなお酒(複数回答),カクテル,年代別(女性),女性60代,1994,
好きなお酒(複数回答),カクテル,年代別(女性),女性60代,1996,
好きなお酒(複数回答),カクテル,年代別(女性),女性60代,1998,
好きなお酒(複数回答),カクテル,年代別(女性),女性60代,2000,
好きなお酒(複数回答),カクテル,年代別(女性),女性60代,2002,
好きなお酒(複数回答),カクテル,年代別(女性),女性60代,2004,
好きなお酒(複数回答),カクテル,年代別(女性),女性60代,2006,
好きなお酒(複数回答),カクテル,年代別(女性),女性60代,2008,
好きなお酒(複数回答),カクテル,年代別(女性),女性60代,2010,
好きなお酒(複数回答),カクテル,年代別(女性),女性60代,2012,
好きなお酒(複数回答),カクテル,年代別(女性),女性60代,2014,
好きなお酒(複数回答),カクテル,年代別(女性),女性60代,2016,18.1
好きなお酒(複数回答),カクテル,年代別(女性),女性60代,2018,11.3
好きなお酒(複数回答),カクテル,年代別(女性),女性60代,2020,13.7
好きなお酒(複数回答),カクテル,年代別(女性),女性60代,2022,13.0
好きなお酒(複数回答),カクテル,年代別(女性),女性60代,2024,18.4
好きなお酒(複数回答),カクテル,地域別,首都圏,1992,
好きなお酒(複数回答),カクテル,地域別,首都圏,1994,
好きなお酒(複数回答),カクテル,地域別,首都圏,1996,
好きなお酒(複数回答),カクテル,地域別,首都圏,1998,
好きなお酒(複数回答),カクテル,地域別,首都圏,2000,
好きなお酒(複数回答),カクテル,地域別,首都圏,2002,
好きなお酒(複数回答),カクテル,地域別,首都圏,2004,
好きなお酒(複数回答),カクテル,地域別,首都圏,2006,
好きなお酒(複数回答),カクテル,地域別,首都圏,2008,
好きなお酒(複数回答),カクテル,地域別,首都圏,2010,
好きなお酒(複数回答),カクテル,地域別,首都圏,2012,
好きなお酒(複数回答),カクテル,地域別,首都圏,2014,
好きなお酒(複数回答),カクテル,地域別,首都圏,2016,26.8
好きなお酒(複数回答),カクテル,地域別,首都圏,2018,24.8
好きなお酒(複数回答),カクテル,地域別,首都圏,2020,26.0
好きなお酒(複数回答),カクテル,地域別,首都圏,2022,24.1
好きなお酒(複数回答),カクテル,地域別,首都圏,2024,24.8
好きなお酒(複数回答),カクテル,地域別,阪神圏,1992,
好きなお酒(複数回答),カクテル,地域別,阪神圏,1994,
好きなお酒(複数回答),カクテル,地域別,阪神圏,1996,
好きなお酒(複数回答),カクテル,地域別,阪神圏,1998,
好きなお酒(複数回答),カクテル,地域別,阪神圏,2000,
好きなお酒(複数回答),カクテル,地域別,阪神圏,2002,
好きなお酒(複数回答),カクテル,地域別,阪神圏,2004,
好きなお酒(複数回答),カクテル,地域別,阪神圏,2006,
好きなお酒(複数回答),カクテル,地域別,阪神圏,2008,
好きなお酒(複数回答),カクテル,地域別,阪神圏,2010,
好きなお酒(複数回答),カクテル,地域別,阪神圏,2012,
好きなお酒(複数回答),カクテル,地域別,阪神圏,2014,
好きなお酒(複数回答),カクテル,地域別,阪神圏,2016,26.8
好きなお酒(複数回答),カクテル,地域別,阪神圏,2018,26.4
好きなお酒(複数回答),カクテル,地域別,阪神圏,2020,26.8
好きなお酒(複数回答),カクテル,地域別,阪神圏,2022,21.6
好きなお酒(複数回答),カクテル,地域別,阪神圏,2024,24.0
好きなお酒(複数回答),梅酒,全体,全体,1992,
好きなお酒(複数回答),梅酒,全体,全体,1994,
好きなお酒(複数回答),梅酒,全体,全体,1996,
好きなお酒(複数回答),梅酒,全体,全体,1998,
好きなお酒(複数回答),梅酒,全体,全体,2000,
好きなお酒(複数回答),梅酒,全体,全体,2002,
好きなお酒(複数回答),梅酒,全体,全体,2004,
好きなお酒(複数回答),梅酒,全体,全体,2006,
好きなお酒(複数回答),梅酒,全体,全体,2008,
好きなお酒(複数回答),梅酒,全体,全体,2010,
好きなお酒(複数回答),梅酒,全体,全体,2012,
好きなお酒(複数回答),梅酒,全体,全体,2014,
好きなお酒(複数回答),梅酒,全体,全体,2016,38.0
好きなお酒(複数回答),梅酒,全体,全体,2018,34.6
好きなお酒(複数回答),梅酒,全体,全体,2020,39.4
好きなお酒(複数回答),梅酒,全体,全体,2022,36.0
好きなお酒(複数回答),梅酒,全体,全体,2024,35.6
好きなお酒(複数回答),梅酒,男女別,男性,1992,
好きなお酒(複数回答),梅酒,男女別,男性,1994,
好きなお酒(複数回答),梅酒,男女別,男性,1996,
好きなお酒(複数回答),梅酒,男女別,男性,1998,
好きなお酒(複数回答),梅酒,男女別,男性,2000,
好きなお酒(複数回答),梅酒,男女別,男性,2002,
好きなお酒(複数回答),梅酒,男女別,男性,2004,
好きなお酒(複数回答),梅酒,男女別,男性,2006,
好きなお酒(複数回答),梅酒,男女別,男性,2008,
好きなお酒(複数回答),梅酒,男女別,男性,2010,
好きなお酒(複数回答),梅酒,男女別,男性,2012,
好きなお酒(複数回答),梅酒,男女別,男性,2014,
好きなお酒(複数回答),梅酒,男女別,男性,2016,24.5
好きなお酒(複数回答),梅酒,男女別,男性,2018,23.6
好きなお酒(複数回答),梅酒,男女別,男性,2020,25.2
好きなお酒(複数回答),梅酒,男女別,男性,2022,23.0
好きなお酒(複数回答),梅酒,男女別,男性,2024,23.2
好きなお酒(複数回答),梅酒,男女別,女性,1992,
好きなお酒(複数回答),梅酒,男女別,女性,1994,
好きなお酒(複数回答),梅酒,男女別,女性,1996,
好きなお酒(複数回答),梅酒,男女別,女性,1998,
好きなお酒(複数回答),梅酒,男女別,女性,2000,
好きなお酒(複数回答),梅酒,男女別,女性,2002,
好きなお酒(複数回答),梅酒,男女別,女性,2004,
好きなお酒(複数回答),梅酒,男女別,女性,2006,
好きなお酒(複数回答),梅酒,男女別,女性,2008,
好きなお酒(複数回答),梅酒,男女別,女性,2010,
好きなお酒(複数回答),梅酒,男女別,女性,2012,
好きなお酒(複数回答),梅酒,男女別,女性,2014,
好きなお酒(複数回答),梅酒,男女別,女性,2016,56.2
好きなお酒(複数回答),梅酒,男女別,女性,2018,48.8
好きなお酒(複数回答),梅酒,男女別,女性,2020,57.1
好きなお酒(複数回答),梅酒,男女別,女性,2022,52.6
好きなお酒(複数回答),梅酒,男女別,女性,2024,51.4
好きなお酒(複数回答),梅酒,年代別,20代,1992,
好きなお酒(複数回答),梅酒,年代別,20代,1994,
好きなお酒(複数回答),梅酒,年代別,20代,1996,
好きなお酒(複数回答),梅酒,年代別,20代,1998,
好きなお酒(複数回答),梅酒,年代別,20代,2000,
好きなお酒(複数回答),梅酒,年代別,20代,2002,
好きなお酒(複数回答),梅酒,年代別,20代,2004,
好きなお酒(複数回答),梅酒,年代別,20代,2006,
好きなお酒(複数回答),梅酒,年代別,20代,2008,
好きなお酒(複数回答),梅酒,年代別,20代,2010,
好きなお酒(複数回答),梅酒,年代別,20代,2012,
好きなお酒(複数回答),梅酒,年代別,20代,2014,
好きなお酒(複数回答),梅酒,年代別,20代,2016,44.3
好きなお酒(複数回答),梅酒,年代別,20代,2018,37.3
好きなお酒(複数回答),梅酒,年代別,20代,2020,45.7
好きなお酒(複数回答),梅酒,年代別,20代,2022,42.9
好きなお酒(複数回答),梅酒,年代別,20代,2024,43.8
好きなお酒(複数回答),梅酒,年代別,30代,1992,
好きなお酒(複数回答),梅酒,年代別,30代,1994,
好きなお酒(複数回答),梅酒,年代別,30代,1996,
好きなお酒(複数回答),梅酒,年代別,30代,1998,
好きなお酒(複数回答),梅酒,年代別,30代,2000,
好きなお酒(複数回答),梅酒,年代別,30代,2002,
好きなお酒(複数回答),梅酒,年代別,30代,2004,
好きなお酒(複数回答),梅酒,年代別,30代,2006,
好きなお酒(複数回答),梅酒,年代別,30代,2008,
好きなお酒(複数回答),梅酒,年代別,30代,2010,
好きなお酒(複数回答),梅酒,年代別,30代,2012,
好きなお酒(複数回答),梅酒,年代別,30代,2014,
好きなお酒(複数回答),梅酒,年代別,30代,2016,39.7
好きなお酒(複数回答),梅酒,年代別,30代,2018,38.7
好きなお酒(複数回答),梅酒,年代別,30代,2020,39.7
好きなお酒(複数回答),梅酒,年代別,30代,2022,40.4
好きなお酒(複数回答),梅酒,年代別,30代,2024,35.4
好きなお酒(複数回答),梅酒,年代別,40代,1992,
好きなお酒(複数回答),梅酒,年代別,40代,1994,
好きなお酒(複数回答),梅酒,年代別,40代,1996,
好きなお酒(複数回答),梅酒,年代別,40代,1998,
好きなお酒(複数回答),梅酒,年代別,40代,2000,
好きなお酒(複数回答),梅酒,年代別,40代,2002,
好きなお酒(複数回答),梅酒,年代別,40代,2004,
好きなお酒(複数回答),梅酒,年代別,40代,2006,
好きなお酒(複数回答),梅酒,年代別,40代,2008,
好きなお酒(複数回答),梅酒,年代別,40代,2010,
好きなお酒(複数回答),梅酒,年代別,40代,2012,
好きなお酒(複数回答),梅酒,年代別,40代,2014,
好きなお酒(複数回答),梅酒,年代別,40代,2016,39.3
好きなお酒(複数回答),梅酒,年代別,40代,2018,37.5
好きなお酒(複数回答),梅酒,年代別,40代,2020,40.4
好きなお酒(複数回答),梅酒,年代別,40代,2022,36.7
好きなお酒(複数回答),梅酒,年代別,40代,2024,36.1
好きなお酒(複数回答),梅酒,年代別,50代,1992,
好きなお酒(複数回答),梅酒,年代別,50代,1994,
好きなお酒(複数回答),梅酒,年代別,50代,1996,
好きなお酒(複数回答),梅酒,年代別,50代,1998,
好きなお酒(複数回答),梅酒,年代別,50代,2000,
好きなお酒(複数回答),梅酒,年代別,50代,2002,
好きなお酒(複数回答),梅酒,年代別,50代,2004,
好きなお酒(複数回答),梅酒,年代別,50代,2006,
好きなお酒(複数回答),梅酒,年代別,50代,2008,
好きなお酒(複数回答),梅酒,年代別,50代,2010,
好きなお酒(複数回答),梅酒,年代別,50代,2012,
好きなお酒(複数回答),梅酒,年代別,50代,2014,
好きなお酒(複数回答),梅酒,年代別,50代,2016,38.8
好きなお酒(複数回答),梅酒,年代別,50代,2018,32.0
好きなお酒(複数回答),梅酒,年代別,50代,2020,37.6
好きなお酒(複数回答),梅酒,年代別,50代,2022,33.5
好きなお酒(複数回答),梅酒,年代別,50代,2024,36.0
好きなお酒(複数回答),梅酒,年代別,60代,1992,
好きなお酒(複数回答),梅酒,年代別,60代,1994,
好きなお酒(複数回答),梅酒,年代別,60代,1996,
好きなお酒(複数回答),梅酒,年代別,60代,1998,
好きなお酒(複数回答),梅酒,年代別,60代,2000,
好きなお酒(複数回答),梅酒,年代別,60代,2002,
好きなお酒(複数回答),梅酒,年代別,60代,2004,
好きなお酒(複数回答),梅酒,年代別,60代,2006,
好きなお酒(複数回答),梅酒,年代別,60代,2008,
好きなお酒(複数回答),梅酒,年代別,60代,2010,
好きなお酒(複数回答),梅酒,年代別,60代,2012,
好きなお酒(複数回答),梅酒,年代別,60代,2014,
好きなお酒(複数回答),梅酒,年代別,60代,2016,28.0
好きなお酒(複数回答),梅酒,年代別,60代,2018,25.6
好きなお酒(複数回答),梅酒,年代別,60代,2020,33.8
好きなお酒(複数回答),梅酒,年代別,60代,2022,27.1
好きなお酒(複数回答),梅酒,年代別,60代,2024,26.2
好きなお酒(複数回答),梅酒,年代別(男性),男性20代,1992,
好きなお酒(複数回答),梅酒,年代別(男性),男性20代,1994,
好きなお酒(複数回答),梅酒,年代別(男性),男性20代,1996,
好きなお酒(複数回答),梅酒,年代別(男性),男性20代,1998,
好きなお酒(複数回答),梅酒,年代別(男性),男性20代,2000,
好きなお酒(複数回答),梅酒,年代別(男性),男性20代,2002,
好きなお酒(複数回答),梅酒,年代別(男性),男性20代,2004,
好きなお酒(複数回答),梅酒,年代別(男性),男性20代,2006,
好きなお酒(複数回答),梅酒,年代別(男性),男性20代,2008,
好きなお酒(複数回答),梅酒,年代別(男性),男性20代,2010,
好きなお酒(複数回答),梅酒,年代別(男性),男性20代,2012,
好きなお酒(複数回答),梅酒,年代別(男性),男性20代,2014,
好きなお酒(複数回答),梅酒,年代別(男性),男性20代,2016,37.1
好きなお酒(複数回答),梅酒,年代別(男性),男性20代,2018,28.3
好きなお酒(複数回答),梅酒,年代別(男性),男性20代,2020,35.0
好きなお酒(複数回答),梅酒,年代別(男性),男性20代,2022,31.5
好きなお酒(複数回答),梅酒,年代別(男性),男性20代,2024,34.4
好きなお酒(複数回答),梅酒,年代別(男性),男性30代,1992,
好きなお酒(複数回答),梅酒,年代別(男性),男性30代,1994,
好きなお酒(複数回答),梅酒,年代別(男性),男性30代,1996,
好きなお酒(複数回答),梅酒,年代別(男性),男性30代,1998,
好きなお酒(複数回答),梅酒,年代別(男性),男性30代,2000,
好きなお酒(複数回答),梅酒,年代別(男性),男性30代,2002,
好きなお酒(複数回答),梅酒,年代別(男性),男性30代,2004,
好きなお酒(複数回答),梅酒,年代別(男性),男性30代,2006,
好きなお酒(複数回答),梅酒,年代別(男性),男性30代,2008,
好きなお酒(複数回答),梅酒,年代別(男性),男性30代,2010,
好きなお酒(複数回答),梅酒,年代別(男性),男性30代,2012,
好きなお酒(複数回答),梅酒,年代別(男性),男性30代,2014,
好きなお酒(複数回答),梅酒,年代別(男性),男性30代,2016,26.2
好きなお酒(複数回答),梅酒,年代別(男性),男性30代,2018,27.0
好きなお酒(複数回答),梅酒,年代別(男性),男性30代,2020,22.9
好きなお酒(複数回答),梅酒,年代別(男性),男性30代,2022,24.8
好きなお酒(複数回答),梅酒,年代別(男性),男性30代,2024,21.8
好きなお酒(複数回答),梅酒,年代別(男性),男性40代,1992,
好きなお酒(複数回答),梅酒,年代別(男性),男性40代,1994,
好きなお酒(複数回答),梅酒,年代別(男性),男性40代,1996,
好きなお酒(複数回答),梅酒,年代別(男性),男性40代,1998,
好きなお酒(複数回答),梅酒,年代別(男性),男性40代,2000,
好きなお酒(複数回答),梅酒,年代別(男性),男性40代,2002,
好きなお酒(複数回答),梅酒,年代別(男性),男性40代,2004,
好きなお酒(複数回答),梅酒,年代別(男性),男性40代,2006,
好きなお酒(複数回答),梅酒,年代別(男性),男性40代,2008,
好きなお酒(複数回答),梅酒,年代別(男性),男性40代,2010,
好きなお酒(複数回答),梅酒,年代別(男性),男性40代,2012,
好きなお酒(複数回答),梅酒,年代別(男性),男性40代,2014,
好きなお酒(複数回答),梅酒,年代別(男性),男性40代,2016,25.0
好きなお酒(複数回答),梅酒,年代別(男性),男性40代,2018,25.9
好きなお酒(複数回答),梅酒,年代別(男性),男性40代,2020,26.0
好きなお酒(複数回答),梅酒,年代別(男性),男性40代,2022,23.5
好きなお酒(複数回答),梅酒,年代別(男性),男性40代,2024,22.5
好きなお酒(複数回答),梅酒,年代別(男性),男性50代,1992,
好きなお酒(複数回答),梅酒,年代別(男性),男性50代,1994,
好きなお酒(複数回答),梅酒,年代別(男性),男性50代,1996,
好きなお酒(複数回答),梅酒,年代別(男性),男性50代,1998,
好きなお酒(複数回答),梅酒,年代別(男性),男性50代,2000,
好きなお酒(複数回答),梅酒,年代別(男性),男性50代,2002,
好きなお酒(複数回答),梅酒,年代別(男性),男性50代,2004,
好きなお酒(複数回答),梅酒,年代別(男性),男性50代,2006,
好きなお酒(複数回答),梅酒,年代別(男性),男性50代,2008,
好きなお酒(複数回答),梅酒,年代別(男性),男性50代,2010,
好きなお酒(複数回答),梅酒,年代別(男性),男性50代,2012,
好きなお酒(複数回答),梅酒,年代別(男性),男性50代,2014,
好きなお酒(複数回答),梅酒,年代別(男性),男性50代,2016,21.5
好きなお酒(複数回答),梅酒,年代別(男性),男性50代,2018,21.8
好きなお酒(複数回答),梅酒,年代別(男性),男性50代,2020,24.3
好きなお酒(複数回答),梅酒,年代別(男性),男性50代,2022,21.1
好きなお酒(複数回答),梅酒,年代別(男性),男性50代,2024,22.0
好きなお酒(複数回答),梅酒,年代別(男性),男性60代,1992,
好きなお酒(複数回答),梅酒,年代別(男性),男性60代,1994,
好きなお酒(複数回答),梅酒,年代別(男性),男性60代,1996,
好きなお酒(複数回答),梅酒,年代別(男性),男性60代,1998,
好きなお酒(複数回答),梅酒,年代別(男性),男性60代,2000,
好きなお酒(複数回答),梅酒,年代別(男性),男性60代,2002,
好きなお酒(複数回答),梅酒,年代別(男性),男性60代,2004,
好きなお酒(複数回答),梅酒,年代別(男性),男性60代,2006,
好きなお酒(複数回答),梅酒,年代別(男性),男性60代,2008,
好きなお酒(複数回答),梅酒,年代別(男性),男性60代,2010,
好きなお酒(複数回答),梅酒,年代別(男性),男性60代,2012,
好きなお酒(複数回答),梅酒,年代別(男性),男性60代,2014,
好きなお酒(複数回答),梅酒,年代別(男性),男性60代,2016,15.9
好きなお酒(複数回答),梅酒,年代別(男性),男性60代,2018,13.9
好きなお酒(複数回答),梅酒,年代別(男性),男性60代,2020,17.9
好きなお酒(複数回答),梅酒,年代別(男性),男性60代,2022,15.7
好きなお酒(複数回答),梅酒,年代別(男性),男性60代,2024,16.6
好きなお酒(複数回答),梅酒,年代別(女性),女性20代,1992,
好きなお酒(複数回答),梅酒,年代別(女性),女性20代,1994,
好きなお酒(複数回答),梅酒,年代別(女性),女性20代,1996,
好きなお酒(複数回答),梅酒,年代別(女性),女性20代,1998,
好きなお酒(複数回答),梅酒,年代別(女性),女性20代,2000,
好きなお酒(複数回答),梅酒,年代別(女性),女性20代,2002,
好きなお酒(複数回答),梅酒,年代別(女性),女性20代,2004,
好きなお酒(複数回答),梅酒,年代別(女性),女性20代,2006,
好きなお酒(複数回答),梅酒,年代別(女性),女性20代,2008,
好きなお酒(複数回答),梅酒,年代別(女性),女性20代,2010,
好きなお酒(複数回答),梅酒,年代別(女性),女性20代,2012,
好きなお酒(複数回答),梅酒,年代別(女性),女性20代,2014,
好きなお酒(複数回答),梅酒,年代別(女性),女性20代,2016,52.4
好きなお酒(複数回答),梅酒,年代別(女性),女性20代,2018,47.8
好きなお酒(複数回答),梅酒,年代別(女性),女性20代,2020,58.6
好きなお酒(複数回答),梅酒,年代別(女性),女性20代,2022,55.5
好きなお酒(複数回答),梅酒,年代別(女性),女性20代,2024,55.1
好きなお酒(複数回答),梅酒,年代別(女性),女性30代,1992,
好きなお酒(複数回答),梅酒,年代別(女性),女性30代,1994,
好きなお酒(複数回答),梅酒,年代別(女性),女性30代,1996,
好きなお酒(複数回答),梅酒,年代別(女性),女性30代,1998,
好きなお酒(複数回答),梅酒,年代別(女性),女性30代,2000,
好きなお酒(複数回答),梅酒,年代別(女性),女性30代,2002,
好きなお酒(複数回答),梅酒,年代別(女性),女性30代,2004,
好きなお酒(複数回答),梅酒,年代別(女性),女性30代,2006,
好きなお酒(複数回答),梅酒,年代別(女性),女性30代,2008,
好きなお酒(複数回答),梅酒,年代別(女性),女性30代,2010,
好きなお酒(複数回答),梅酒,年代別(女性),女性30代,2012,
好きなお酒(複数回答),梅酒,年代別(女性),女性30代,2014,
好きなお酒(複数回答),梅酒,年代別(女性),女性30代,2016,57.6
好きなお酒(複数回答),梅酒,年代別(女性),女性30代,2018,54.7
好きなお酒(複数回答),梅酒,年代別(女性),女性30代,2020,61.5
好きなお酒(複数回答),梅酒,年代別(女性),女性30代,2022,59.6
好きなお酒(複数回答),梅酒,年代別(女性),女性30代,2024,51.8
好きなお酒(複数回答),梅酒,年代別(女性),女性40代,1992,
好きなお酒(複数回答),梅酒,年代別(女性),女性40代,1994,
好きなお酒(複数回答),梅酒,年代別(女性),女性40代,1996,
好きなお酒(複数回答),梅酒,年代別(女性),女性40代,1998,
好きなお酒(複数回答),梅酒,年代別(女性),女性40代,2000,
好きなお酒(複数回答),梅酒,年代別(女性),女性40代,2002,
好きなお酒(複数回答),梅酒,年代別(女性),女性40代,2004,
好きなお酒(複数回答),梅酒,年代別(女性),女性40代,2006,
好きなお酒(複数回答),梅酒,年代別(女性),女性40代,2008,
好きなお酒(複数回答),梅酒,年代別(女性),女性40代,2010,
好きなお酒(複数回答),梅酒,年代別(女性),女性40代,2012,
好きなお酒(複数回答),梅酒,年代別(女性),女性40代,2014,
好きなお酒(複数回答),梅酒,年代別(女性),女性40代,2016,57.5
好きなお酒(複数回答),梅酒,年代別(女性),女性40代,2018,52.0
好きなお酒(複数回答),梅酒,年代別(女性),女性40代,2020,58.3
好きなお酒(複数回答),梅酒,年代別(女性),女性40代,2022,53.5
好きなお酒(複数回答),梅酒,年代別(女性),女性40代,2024,53.3
好きなお酒(複数回答),梅酒,年代別(女性),女性50代,1992,
好きなお酒(複数回答),梅酒,年代別(女性),女性50代,1994,
好きなお酒(複数回答),梅酒,年代別(女性),女性50代,1996,
好きなお酒(複数回答),梅酒,年代別(女性),女性50代,1998,
好きなお酒(複数回答),梅酒,年代別(女性),女性50代,2000,
好きなお酒(複数回答),梅酒,年代別(女性),女性50代,2002,
好きなお酒(複数回答),梅酒,年代別(女性),女性50代,2004,
好きなお酒(複数回答),梅酒,年代別(女性),女性50代,2006,
好きなお酒(複数回答),梅酒,年代別(女性),女性50代,2008,
好きなお酒(複数回答),梅酒,年代別(女性),女性50代,2010,
好きなお酒(複数回答),梅酒,年代別(女性),女性50代,2012,
好きなお酒(複数回答),梅酒,年代別(女性),女性50代,2014,
好きなお酒(複数回答),梅酒,年代別(女性),女性50代,2016,64.5
好きなお酒(複数回答),梅酒,年代別(女性),女性50代,2018,45.7
好きなお酒(複数回答),梅酒,年代別(女性),女性50代,2020,53.9
好きなお酒(複数回答),梅酒,年代別(女性),女性50代,2022,50.2
好きなお酒(複数回答),梅酒,年代別(女性),女性50代,2024,54.1
好きなお酒(複数回答),梅酒,年代別(女性),女性60代,1992,
好きなお酒(複数回答),梅酒,年代別(女性),女性60代,1994,
好きなお酒(複数回答),梅酒,年代別(女性),女性60代,1996,
好きなお酒(複数回答),梅酒,年代別(女性),女性60代,1998,
好きなお酒(複数回答),梅酒,年代別(女性),女性60代,2000,
好きなお酒(複数回答),梅酒,年代別(女性),女性60代,2002,
好きなお酒(複数回答),梅酒,年代別(女性),女性60代,2004,
好きなお酒(複数回答),梅酒,年代別(女性),女性60代,2006,
好きなお酒(複数回答),梅酒,年代別(女性),女性60代,2008,
好きなお酒(複数回答),梅酒,年代別(女性),女性60代,2010,
好きなお酒(複数回答),梅酒,年代別(女性),女性60代,2012,
好きなお酒(複数回答),梅酒,年代別(女性),女性60代,2014,
好きなお酒(複数回答),梅酒,年代別(女性),女性60代,2016,47.7
好きなお酒(複数回答),梅酒,年代別(女性),女性60代,2018,41.7
好きなお酒(複数回答),梅酒,年代別(女性),女性60代,2020,53.4
好きなお酒(複数回答),梅酒,年代別(女性),女性60代,2022,43.2
好きなお酒(複数回答),梅酒,年代別(女性),女性60代,2024,39.5
好きなお酒(複数回答),梅酒,地域別,首都圏,1992,
好きなお酒(複数回答),梅酒,地域別,首都圏,1994,
好きなお酒(複数回答),梅酒,地域別,首都圏,1996,
好きなお酒(複数回答),梅酒,地域別,首都圏,1998,
好きなお酒(複数回答),梅酒,地域別,首都圏,2000,
好きなお酒(複数回答),梅酒,地域別,首都圏,2002,
好きなお酒(複数回答),梅酒,地域別,首都圏,2004,
好きなお酒(複数回答),梅酒,地域別,首都圏,2006,
好きなお酒(複数回答),梅酒,地域別,首都圏,2008,
好きなお酒(複数回答),梅酒,地域別,首都圏,2010,
好きなお酒(複数回答),梅酒,地域別,首都圏,2012,
好きなお酒(複数回答),梅酒,地域別,首都圏,2014,
好きなお酒(複数回答),梅酒,地域別,首都圏,2016,37.9
好きなお酒(複数回答),梅酒,地域別,首都圏,2018,33.4
好きなお酒(複数回答),梅酒,地域別,首都圏,2020,39.6
好きなお酒(複数回答),梅酒,地域別,首都圏,2022,34.7
好きなお酒(複数回答),梅酒,地域別,首都圏,2024,36.0
好きなお酒(複数回答),梅酒,地域別,阪神圏,1992,
好きなお酒(複数回答),梅酒,地域別,阪神圏,1994,
好きなお酒(複数回答),梅酒,地域別,阪神圏,1996,
好きなお酒(複数回答),梅酒,地域別,阪神圏,1998,
好きなお酒(複数回答),梅酒,地域別,阪神圏,2000,
好きなお酒(複数回答),梅酒,地域別,阪神圏,2002,
好きなお酒(複数回答),梅酒,地域別,阪神圏,2004,
好きなお酒(複数回答),梅酒,地域別,阪神圏,2006,
好きなお酒(複数回答),梅酒,地域別,阪神圏,2008,
好きなお酒(複数回答),梅酒,地域別,阪神圏,2010,
好きなお酒(複数回答),梅酒,地域別,阪神圏,2012,
好きなお酒(複数回答),梅酒,地域別,阪神圏,2014,
好きなお酒(複数回答),梅酒,地域別,阪神圏,2016,38.3
好きなお酒(複数回答),梅酒,地域別,阪神圏,2018,37.7
好きなお酒(複数回答),梅酒,地域別,阪神圏,2020,38.9
好きなお酒(複数回答),梅酒,地域別,阪神圏,2022,39.7
好きなお酒(複数回答),梅酒,地域別,阪神圏,2024,34.6
好きなお酒(複数回答),ハイボール,全体,全体,1992,
好きなお酒(複数回答),ハイボール,全体,全体,1994,
好きなお酒(複数回答),ハイボール,全体,全体,1996,
好きなお酒(複数回答),ハイボール,全体,全体,1998,
好きなお酒(複数回答),ハイボール,全体,全体,2000,
好きなお酒(複数回答),ハイボール,全体,全体,2002,
好きなお酒(複数回答),ハイボール,全体,全体,2004,
好きなお酒(複数回答),ハイボール,全体,全体,2006,
好きなお酒(複数回答),ハイボール,全体,全体,2008,
好きなお酒(複数回答),ハイボール,全体,全体,2010,
好きなお酒(複数回答),ハイボール,全体,全体,2012,
好きなお酒(複数回答),ハイボール,全体,全体,2014,
好きなお酒(複数回答),ハイボール,全体,全体,2016,26.4
好きなお酒(複数回答),ハイボール,全体,全体,2018,32.2
好きなお酒(複数回答),ハイボール,全体,全体,2020,36.1
好きなお酒(複数回答),ハイボール,全体,全体,2022,36.4
好きなお酒(複数回答),ハイボール,全体,全体,2024,38.7
好きなお酒(複数回答),ハイボール,男女別,男性,1992,
好きなお酒(複数回答),ハイボール,男女別,男性,1994,
好きなお酒(複数回答),ハイボール,男女別,男性,1996,
好きなお酒(複数回答),ハイボール,男女別,男性,1998,
好きなお酒(複数回答),ハイボール,男女別,男性,2000,
好きなお酒(複数回答),ハイボール,男女別,男性,2002,
好きなお酒(複数回答),ハイボール,男女別,男性,2004,
好きなお酒(複数回答),ハイボール,男女別,男性,2006,
好きなお酒(複数回答),ハイボール,男女別,男性,2008,
好きなお酒(複数回答),ハイボール,男女別,男性,2010,
好きなお酒(複数回答),ハイボール,男女別,男性,2012,
好きなお酒(複数回答),ハイボール,男女別,男性,2014,
好きなお酒(複数回答),ハイボール,男女別,男性,2016,32.4
好きなお酒(複数回答),ハイボール,男女別,男性,2018,38.0
好きなお酒(複数回答),ハイボール,男女別,男性,2020,44.3
好きなお酒(複数回答),ハイボール,男女別,男性,2022,44.6
好きなお酒(複数回答),ハイボール,男女別,男性,2024,45.9
好きなお酒(複数回答),ハイボール,男女別,女性,1992,
好きなお酒(複数回答),ハイボール,男女別,女性,1994,
好きなお酒(複数回答),ハイボール,男女別,女性,1996,
好きなお酒(複数回答),ハイボール,男女別,女性,1998,
好きなお酒(複数回答),ハイボール,男女別,女性,2000,
好きなお酒(複数回答),ハイボール,男女別,女性,2002,
好きなお酒(複数回答),ハイボール,男女別,女性,2004,
好きなお酒(複数回答),ハイボール,男女別,女性,2006,
好きなお酒(複数回答),ハイボール,男女別,女性,2008,
好きなお酒(複数回答),ハイボール,男女別,女性,2010,
好きなお酒(複数回答),ハイボール,男女別,女性,2012,
好きなお酒(複数回答),ハイボール,男女別,女性,2014,
好きなお酒(複数回答),ハイボール,男女別,女性,2016,18.3
好きなお酒(複数回答),ハイボール,男女別,女性,2018,24.6
好きなお酒(複数回答),ハイボール,男女別,女性,2020,26.0
好きなお酒(複数回答),ハイボール,男女別,女性,2022,26.0
好きなお酒(複数回答),ハイボール,男女別,女性,2024,29.5
好きなお酒(複数回答),ハイボール,年代別,20代,1992,
好きなお酒(複数回答),ハイボール,年代別,20代,1994,
好きなお酒(複数回答),ハイボール,年代別,20代,1996,
好きなお酒(複数回答),ハイボール,年代別,20代,1998,
好きなお酒(複数回答),ハイボール,年代別,20代,2000,
好きなお酒(複数回答),ハイボール,年代別,20代,2002,
好きなお酒(複数回答),ハイボール,年代別,20代,2004,
好きなお酒(複数回答),ハイボール,年代別,20代,2006,
好きなお酒(複数回答),ハイボール,年代別,20代,2008,
好きなお酒(複数回答),ハイボール,年代別,20代,2010,
好きなお酒(複数回答),ハイボール,年代別,20代,2012,
好きなお酒(複数回答),ハイボール,年代別,20代,2014,
好きなお酒(複数回答),ハイボール,年代別,20代,2016,30.1
好きなお酒(複数回答),ハイボール,年代別,20代,2018,37.9
好きなお酒(複数回答),ハイボール,年代別,20代,2020,39.9
好きなお酒(複数回答),ハイボール,年代別,20代,2022,37.4
好きなお酒(複数回答),ハイボール,年代別,20代,2024,39.5
好きなお酒(複数回答),ハイボール,年代別,30代,1992,
好きなお酒(複数回答),ハイボール,年代別,30代,1994,
好きなお酒(複数回答),ハイボール,年代別,30代,1996,
好きなお酒(複数回答),ハイボール,年代別,30代,1998,
好きなお酒(複数回答),ハイボール,年代別,30代,2000,
好きなお酒(複数回答),ハイボール,年代別,30代,2002,
好きなお酒(複数回答),ハイボール,年代別,30代,2004,
好きなお酒(複数回答),ハイボール,年代別,30代,2006,
好きなお酒(複数回答),ハイボール,年代別,30代,2008,
好きなお酒(複数回答),ハイボール,年代別,30代,2010,
好きなお酒(複数回答),ハイボール,年代別,30代,2012,
好きなお酒(複数回答),ハイボール,年代別,30代,2014,
好きなお酒(複数回答),ハイボール,年代別,30代,2016,29.8
好きなお酒(複数回答),ハイボール,年代別,30代,2018,32.5
好きなお酒(複数回答),ハイボール,年代別,30代,2020,42.3
好きなお酒(複数回答),ハイボール,年代別,30代,2022,41.7
好きなお酒(複数回答),ハイボール,年代別,30代,2024,41.4
好きなお酒(複数回答),ハイボール,年代別,40代,1992,
好きなお酒(複数回答),ハイボール,年代別,40代,1994,
好きなお酒(複数回答),ハイボール,年代別,40代,1996,
好きなお酒(複数回答),ハイボール,年代別,40代,1998,
好きなお酒(複数回答),ハイボール,年代別,40代,2000,
好きなお酒(複数回答),ハイボール,年代別,40代,2002,
好きなお酒(複数回答),ハイボール,年代別,40代,2004,
好きなお酒(複数回答),ハイボール,年代別,40代,2006,
好きなお酒(複数回答),ハイボール,年代別,40代,2008,
好きなお酒(複数回答),ハイボール,年代別,40代,2010,
好きなお酒(複数回答),ハイボール,年代別,40代,2012,
好きなお酒(複数回答),ハイボール,年代別,40代,2014,
好きなお酒(複数回答),ハイボール,年代別,40代,2016,25.2
好きなお酒(複数回答),ハイボール,年代別,40代,2018,31.8
好きなお酒(複数回答),ハイボール,年代別,40代,2020,37.8
好きなお酒(複数回答),ハイボール,年代別,40代,2022,35.3
好きなお酒(複数回答),ハイボール,年代別,40代,2024,39.5
好きなお酒(複数回答),ハイボール,年代別,50代,1992,
好きなお酒(複数回答),ハイボール,年代別,50代,1994,
好きなお酒(複数回答),ハイボール,年代別,50代,1996,
好きなお酒(複数回答),ハイボール,年代別,50代,1998,
好きなお酒(複数回答),ハイボール,年代別,50代,2000,
好きなお酒(複数回答),ハイボール,年代別,50代,2002,
好きなお酒(複数回答),ハイボール,年代別,50代,2004,
好きなお酒(複数回答),ハイボール,年代別,50代,2006,
好きなお酒(複数回答),ハイボール,年代別,50代,2008,
好きなお酒(複数回答),ハイボール,年代別,50代,2010,
好きなお酒(複数回答),ハイボール,年代別,50代,2012,
好きなお酒(複数回答),ハイボール,年代別,50代,2014,
好きなお酒(複数回答),ハイボール,年代別,50代,2016,27.9
好きなお酒(複数回答),ハイボール,年代別,50代,2018,34.0
好きなお酒(複数回答),ハイボール,年代別,50代,2020,33.8
好きなお酒(複数回答),ハイボール,年代別,50代,2022,36.7
好きなお酒(複数回答),ハイボール,年代別,50代,2024,38.8
好きなお酒(複数回答),ハイボール,年代別,60代,1992,
好きなお酒(複数回答),ハイボール,年代別,60代,1994,
好きなお酒(複数回答),ハイボール,年代別,60代,1996,
好きなお酒(複数回答),ハイボール,年代別,60代,1998,
好きなお酒(複数回答),ハイボール,年代別,60代,2000,
好きなお酒(複数回答),ハイボール,年代別,60代,2002,
好きなお酒(複数回答),ハイボール,年代別,60代,2004,
好きなお酒(複数回答),ハイボール,年代別,60代,2006,
好きなお酒(複数回答),ハイボール,年代別,60代,2008,
好きなお酒(複数回答),ハイボール,年代別,60代,2010,
好きなお酒(複数回答),ハイボール,年代別,60代,2012,
好きなお酒(複数回答),ハイボール,年代別,60代,2014,
好きなお酒(複数回答),ハイボール,年代別,60代,2016,19.7
好きなお酒(複数回答),ハイボール,年代別,60代,2018,25.0
好きなお酒(複数回答),ハイボール,年代別,60代,2020,26.3
好きなお酒(複数回答),ハイボール,年代別,60代,2022,30.6
好きなお酒(複数回答),ハイボール,年代別,60代,2024,33.6
好きなお酒(複数回答),ハイボール,年代別(男性),男性20代,1992,
好きなお酒(複数回答),ハイボール,年代別(男性),男性20代,1994,
好きなお酒(複数回答),ハイボール,年代別(男性),男性20代,1996,
好きなお酒(複数回答),ハイボール,年代別(男性),男性20代,1998,
好きなお酒(複数回答),ハイボール,年代別(男性),男性20代,2000,
好きなお酒(複数回答),ハイボール,年代別(男性),男性20代,2002,
好きなお酒(複数回答),ハイボール,年代別(男性),男性20代,2004,
好きなお酒(複数回答),ハイボール,年代別(男性),男性20代,2006,
好きなお酒(複数回答),ハイボール,年代別(男性),男性20代,2008,
好きなお酒(複数回答),ハイボール,年代別(男性),男性20代,2010,
好きなお酒(複数回答),ハイボール,年代別(男性),男性20代,2012,
好きなお酒(複数回答),ハイボール,年代別(男性),男性20代,2014,
好きなお酒(複数回答),ハイボール,年代別(男性),男性20代,2016,31.2
好きなお酒(複数回答),ハイボール,年代別(男性),男性20代,2018,42.9
好きなお酒(複数回答),ハイボール,年代別(男性),男性20代,2020,46.9
好きなお酒(複数回答),ハイボール,年代別(男性),男性20代,2022,46.4
好きなお酒(複数回答),ハイボール,年代別(男性),男性20代,2024,42.9
好きなお酒(複数回答),ハイボール,年代別(男性),男性30代,1992,
好きなお酒(複数回答),ハイボール,年代別(男性),男性30代,1994,
好きなお酒(複数回答),ハイボール,年代別(男性),男性30代,1996,
好きなお酒(複数回答),ハイボール,年代別(男性),男性30代,1998,
好きなお酒(複数回答),ハイボール,年代別(男性),男性30代,2000,
好きなお酒(複数回答),ハイボール,年代別(男性),男性30代,2002,
好きなお酒(複数回答),ハイボール,年代別(男性),男性30代,2004,
好きなお酒(複数回答),ハイボール,年代別(男性),男性30代,2006,
好きなお酒(複数回答),ハイボール,年代別(男性),男性30代,2008,
好きなお酒(複数回答),ハイボール,年代別(男性),男性30代,2010,
好きなお酒(複数回答),ハイボール,年代別(男性),男性30代,2012,
好きなお酒(複数回答),ハイボール,年代別(男性),男性30代,2014,
好きなお酒(複数回答),ハイボール,年代別(男性),男性30代,2016,36.9
好きなお酒(複数回答),ハイボール,年代別(男性),男性30代,2018,39.9
好きなお酒(複数回答),ハイボール,年代別(男性),男性30代,2020,48.0
好きなお酒(複数回答),ハイボール,年代別(男性),男性30代,2022,47.6
好きなお酒(複数回答),ハイボール,年代別(男性),男性30代,2024,52.7
好きなお酒(複数回答),ハイボール,年代別(男性),男性40代,1992,
好きなお酒(複数回答),ハイボール,年代別(男性),男性40代,1994,
好きなお酒(複数回答),ハイボール,年代別(男性),男性40代,1996,
好きなお酒(複数回答),ハイボール,年代別(男性),男性40代,1998,
好きなお酒(複数回答),ハイボール,年代別(男性),男性40代,2000,
好きなお酒(複数回答),ハイボール,年代別(男性),男性40代,2002,
好きなお酒(複数回答),ハイボール,年代別(男性),男性40代,2004,
好きなお酒(複数回答),ハイボール,年代別(男性),男性40代,2006,
好きなお酒(複数回答),ハイボール,年代別(男性),男性40代,2008,
好きなお酒(複数回答),ハイボール,年代別(男性),男性40代,2010,
好きなお酒(複数回答),ハイボール,年代別(男性),男性40代,2012,
好きなお酒(複数回答),ハイボール,年代別(男性),男性40代,2014,
好きなお酒(複数回答),ハイボール,年代別(男性),男性40代,2016,32.8
好きなお酒(複数回答),ハイボール,年代別(男性),男性40代,2018,36.7
好きなお酒(複数回答),ハイボール,年代別(男性),男性40代,2020,45.7
好きなお酒(複数回答),ハイボール,年代別(男性),男性40代,2022,43.9
好きなお酒(複数回答),ハイボール,年代別(男性),男性40代,2024,46.0
好きなお酒(複数回答),ハイボール,年代別(男性),男性50代,1992,
好きなお酒(複数回答),ハイボール,年代別(男性),男性50代,1994,
好きなお酒(複数回答),ハイボール,年代別(男性),男性50代,1996,
好きなお酒(複数回答),ハイボール,年代別(男性),男性50代,1998,
好きなお酒(複数回答),ハイボール,年代別(男性),男性50代,2000,
好きなお酒(複数回答),ハイボール,年代別(男性),男性50代,2002,
好きなお酒(複数回答),ハイボール,年代別(男性),男性50代,2004,
好きなお酒(複数回答),ハイボール,年代別(男性),男性50代,2006,
好きなお酒(複数回答),ハイボール,年代別(男性),男性50代,2008,
好きなお酒(複数回答),ハイボール,年代別(男性),男性50代,2010,
好きなお酒(複数回答),ハイボール,年代別(男性),男性50代,2012,
好きなお酒(複数回答),ハイボール,年代別(男性),男性50代,2014,
好きなお酒(複数回答),ハイボール,年代別(男性),男性50代,2016,36.6
好きなお酒(複数回答),ハイボール,年代別(男性),男性50代,2018,40.2
好きなお酒(複数回答),ハイボール,年代別(男性),男性50代,2020,43.7
好きなお酒(複数回答),ハイボール,年代別(男性),男性50代,2022,46.3
好きなお酒(複数回答),ハイボール,年代別(男性),男性50代,2024,47.5
好きなお酒(複数回答),ハイボール,年代別(男性),男性60代,1992,
好きなお酒(複数回答),ハイボール,年代別(男性),男性60代,1994,
好きなお酒(複数回答),ハイボール,年代別(男性),男性60代,1996,
好きなお酒(複数回答),ハイボール,年代別(男性),男性60代,1998,
好きなお酒(複数回答),ハイボール,年代別(男性),男性60代,2000,
好きなお酒(複数回答),ハイボール,年代別(男性),男性60代,2002,
好きなお酒(複数回答),ハイボール,年代別(男性),男性60代,2004,
好きなお酒(複数回答),ハイボール,年代別(男性),男性60代,2006,
好きなお酒(複数回答),ハイボール,年代別(男性),男性60代,2008,
好きなお酒(複数回答),ハイボール,年代別(男性),男性60代,2010,
好きなお酒(複数回答),ハイボール,年代別(男性),男性60代,2012,
好きなお酒(複数回答),ハイボール,年代別(男性),男性60代,2014,
好きなお酒(複数回答),ハイボール,年代別(男性),男性60代,2016,24.2
好きなお酒(複数回答),ハイボール,年代別(男性),男性60代,2018,31.1
好きなお酒(複数回答),ハイボール,年代別(男性),男性60代,2020,36.4
好きなお酒(複数回答),ハイボール,年代別(男性),男性60代,2022,38.2
好きなお酒(複数回答),ハイボール,年代別(男性),男性60代,2024,39.5
好きなお酒(複数回答),ハイボール,年代別(女性),女性20代,1992,
好きなお酒(複数回答),ハイボール,年代別(女性),女性20代,1994,
好きなお酒(複数回答),ハイボール,年代別(女性),女性20代,1996,
好きなお酒(複数回答),ハイボール,年代別(女性),女性20代,1998,
好きなお酒(複数回答),ハイボール,年代別(女性),女性20代,2000,
好きなお酒(複数回答),ハイボール,年代別(女性),女性20代,2002,
好きなお酒(複数回答),ハイボール,年代別(女性),女性20代,2004,
好きなお酒(複数回答),ハイボール,年代別(女性),女性20代,2006,
好きなお酒(複数回答),ハイボール,年代別(女性),女性20代,2008,
好きなお酒(複数回答),ハイボール,年代別(女性),女性20代,2010,
好きなお酒(複数回答),ハイボール,年代別(女性),女性20代,2012,
好きなお酒(複数回答),ハイボール,年代別(女性),女性20代,2014,
好きなお酒(複数回答),ハイボール,年代別(女性),女性20代,2016,28.9
好きなお酒(複数回答),ハイボール,年代別(女性),女性20代,2018,32.1
好きなお酒(複数回答),ハイボール,年代別(女性),女性20代,2020,31.6
好きなお酒(複数回答),ハイボール,年代別(女性),女性20代,2022,27.4
好きなお酒(複数回答),ハイボール,年代別(女性),女性20代,2024,35.4
好きなお酒(複数回答),ハイボール,年代別(女性),女性30代,1992,
好きなお酒(複数回答),ハイボール,年代別(女性),女性30代,1994,
好きなお酒(複数回答),ハイボール,年代別(女性),女性30代,1996,
好きなお酒(複数回答),ハイボール,年代別(女性),女性30代,1998,
好きなお酒(複数回答),ハイボール,年代別(女性),女性30代,2000,
好きなお酒(複数回答),ハイボール,年代別(女性),女性30代,2002,
好きなお酒(複数回答),ハイボール,年代別(女性),女性30代,2004,
好きなお酒(複数回答),ハイボール,年代別(女性),女性30代,2006,
好きなお酒(複数回答),ハイボール,年代別(女性),女性30代,2008,
好きなお酒(複数回答),ハイボール,年代別(女性),女性30代,2010,
好きなお酒(複数回答),ハイボール,年代別(女性),女性30代,2012,
好きなお酒(複数回答),ハイボール,年代別(女性),女性30代,2014,
好きなお酒(複数回答),ハイボール,年代別(女性),女性30代,2016,20.4
好きなお酒(複数回答),ハイボール,年代別(女性),女性30代,2018,22.4
好きなお酒(複数回答),ハイボール,年代別(女性),女性30代,2020,34.8
好きなお酒(複数回答),ハイボール,年代別(女性),女性30代,2022,34.5
好きなお酒(複数回答),ハイボール,年代別(女性),女性30代,2024,27.7
好きなお酒(複数回答),ハイボール,年代別(女性),女性40代,1992,
好きなお酒(複数回答),ハイボール,年代別(女性),女性40代,1994,
好きなお酒(複数回答),ハイボール,年代別(女性),女性40代,1996,
好きなお酒(複数回答),ハイボール,年代別(女性),女性40代,1998,
好きなお酒(複数回答),ハイボール,年代別(女性),女性40代,2000,
好きなお酒(複数回答),ハイボール,年代別(女性),女性40代,2002,
好きなお酒(複数回答),ハイボール,年代別(女性),女性40代,2004,
好きなお酒(複数回答),ハイボール,年代別(女性),女性40代,2006,
好きなお酒(複数回答),ハイボール,年代別(女性),女性40代,2008,
好きなお酒(複数回答),ハイボール,年代別(女性),女性40代,2010,
好きなお酒(複数回答),ハイボール,年代別(女性),女性40代,2012,
好きなお酒(複数回答),ハイボール,年代別(女性),女性40代,2014,
好きなお酒(複数回答),ハイボール,年代別(女性),女性40代,2016,15.5
好きなお酒(複数回答),ハイボール,年代別(女性),女性40代,2018,25.6
好きなお酒(複数回答),ハイボール,年代別(女性),女性40代,2020,28.2
好きなお酒(複数回答),ハイボール,年代別(女性),女性40代,2022,24.3
好きなお酒(複数回答),ハイボール,年代別(女性),女性40代,2024,31.4
好きなお酒(複数回答),ハイボール,年代別(女性),女性50代,1992,
好きなお酒(複数回答),ハイボール,年代別(女性),女性50代,1994,
好きなお酒(複数回答),ハイボール,年代別(女性),女性50代,1996,
好きなお酒(複数回答),ハイボール,年代別(女性),女性50代,1998,
好きなお酒(複数回答),ハイボール,年代別(女性),女性50代,2000,
好きなお酒(複数回答),ハイボール,年代別(女性),女性50代,2002,
好きなお酒(複数回答),ハイボール,年代別(女性),女性50代,2004,
好きなお酒(複数回答),ハイボール,年代別(女性),女性50代,2006,
好きなお酒(複数回答),ハイボール,年代別(女性),女性50代,2008,
好きなお酒(複数回答),ハイボール,年代別(女性),女性50代,2010,
好きなお酒(複数回答),ハイボール,年代別(女性),女性50代,2012,
好きなお酒(複数回答),ハイボール,年代別(女性),女性50代,2014,
好きなお酒(複数回答),ハイボール,年代別(女性),女性50代,2016,15.1
好きなお酒(複数回答),ハイボール,年代別(女性),女性50代,2018,25.7
好きなお酒(複数回答),ハイボール,年代別(女性),女性50代,2020,21.7
好きなお酒(複数回答),ハイボール,年代別(女性),女性50代,2022,23.9
好きなお酒(複数回答),ハイボール,年代別(女性),女性50代,2024,27.6
好きなお酒(複数回答),ハイボール,年代別(女性),女性60代,1992,
好きなお酒(複数回答),ハイボール,年代別(女性),女性60代,1994,
好きなお酒(複数回答),ハイボール,年代別(女性),女性60代,1996,
好きなお酒(複数回答),ハイボール,年代別(女性),女性60代,1998,
好きなお酒(複数回答),ハイボール,年代別(女性),女性60代,2000,
好きなお酒(複数回答),ハイボール,年代別(女性),女性60代,2002,
好きなお酒(複数回答),ハイボール,年代別(女性),女性60代,2004,
好きなお酒(複数回答),ハイボール,年代別(女性),女性60代,2006,
好きなお酒(複数回答),ハイボール,年代別(女性),女性60代,2008,
好きなお酒(複数回答),ハイボール,年代別(女性),女性60代,2010,
好きなお酒(複数回答),ハイボール,年代別(女性),女性60代,2012,
好きなお酒(複数回答),ハイボール,年代別(女性),女性60代,2014,
好きなお酒(複数回答),ハイボール,年代別(女性),女性60代,2016,12.3
好きなお酒(複数回答),ハイボール,年代別(女性),女性60代,2018,16.6
好きなお酒(複数回答),ハイボール,年代別(女性),女性60代,2020,13.7
好きなお酒(複数回答),ハイボール,年代別(女性),女性60代,2022,19.9
好きなお酒(複数回答),ハイボール,年代別(女性),女性60代,2024,25.4
好きなお酒(複数回答),ハイボール,地域別,首都圏,1992,
好きなお酒(複数回答),ハイボール,地域別,首都圏,1994,
好きなお酒(複数回答),ハイボール,地域別,首都圏,1996,
好きなお酒(複数回答),ハイボール,地域別,首都圏,1998,
好きなお酒(複数回答),ハイボール,地域別,首都圏,2000,
好きなお酒(複数回答),ハイボール,地域別,首都圏,2002,
好きなお酒(複数回答),ハイボール,地域別,首都圏,2004,
好きなお酒(複数回答),ハイボール,地域別,首都圏,2006,
好きなお酒(複数回答),ハイボール,地域別,首都圏,2008,
好きなお酒(複数回答),ハイボール,地域別,首都圏,2010,
好きなお酒(複数回答),ハイボール,地域別,首都圏,2012,
好きなお酒(複数回答),ハイボール,地域別,首都圏,2014,
好きなお酒(複数回答),ハイボール,地域別,首都圏,2016,27.2
好きなお酒(複数回答),ハイボール,地域別,首都圏,2018,32.4
好きなお酒(複数回答),ハイボール,地域別,首都圏,2020,37.2
好きなお酒(複数回答),ハイボール,地域別,首都圏,2022,36.3
好きなお酒(複数回答),ハイボール,地域別,首都圏,2024,38.8
好きなお酒(複数回答),ハイボール,地域別,阪神圏,1992,
好きなお酒(複数回答),ハイボール,地域別,阪神圏,1994,
好きなお酒(複数回答),ハイボール,地域別,阪神圏,1996,
好きなお酒(複数回答),ハイボール,地域別,阪神圏,1998,
好きなお酒(複数回答),ハイボール,地域別,阪神圏,2000,
好きなお酒(複数回答),ハイボール,地域別,阪神圏,2002,
好きなお酒(複数回答),ハイボール,地域別,阪神圏,2004,
好きなお酒(複数回答),ハイボール,地域別,阪神圏,2006,
好きなお酒(複数回答),ハイボール,地域別,阪神圏,2008,
好きなお酒(複数回答),ハイボール,地域別,阪神圏,2010,
好きなお酒(複数回答),ハイボール,地域別,阪神圏,2012,
好きなお酒(複数回答),ハイボール,地域別,阪神圏,2014,
好きなお酒(複数回答),ハイボール,地域別,阪神圏,2016,24.2
好きなお酒(複数回答),ハイボール,地域別,阪神圏,2018,31.7
好きなお酒(複数回答),ハイボール,地域別,阪神圏,2020,33.3
好きなお酒(複数回答),ハイボール,地域別,阪神圏,2022,36.5
好きなお酒(複数回答),ハイボール,地域別,阪神圏,2024,38.4
最も好きなお酒(単一回答),ビール・発泡酒・その他のビール系飲料,全体,全体,1992,
最も好きなお酒(単一回答),ビール・発泡酒・その他のビール系飲料,全体,全体,1994,
最も好きなお酒(単一回答),ビール・発泡酒・その他のビール系飲料,全体,全体,1996,
最も好きなお酒(単一回答),ビール・発泡酒・その他のビール系飲料,全体,全体,1998,
最も好きなお酒(単一回答),ビール・発泡酒・その他のビール系飲料,全体,全体,2000,
最も好きなお酒(単一回答),ビール・発泡酒・その他のビール系飲料,全体,全体,2002,
最も好きなお酒(単一回答),ビール・発泡酒・その他のビール系飲料,全体,全体,2004,
最も好きなお酒(単一回答),ビール・発泡酒・その他のビール系飲料,全体,全体,2006,
最も好きなお酒(単一回答),ビール・発泡酒・その他のビール系飲料,全体,全体,2008,
最も好きなお酒(単一回答),ビール・発泡酒・その他のビール系飲料,全体,全体,2010,
最も好きなお酒(単一回答),ビール・発泡酒・その他のビール系飲料,全体,全体,2012,
最も好きなお酒(単一回答),ビール・発泡酒・その他のビール系飲料,全体,全体,2014,
最も好きなお酒(単一回答),ビール・発泡酒・その他のビール系飲料,全体,全体,2016,43.5
最も好きなお酒(単一回答),ビール・発泡酒・その他のビール系飲料,全体,全体,2018,42.3
最も好きなお酒(単一回答),ビール・発泡酒・その他のビール系飲料,全体,全体,2020,38.3
最も好きなお酒(単一回答),ビール・発泡酒・その他のビール系飲料,全体,全体,2022,40.4
最も好きなお酒(単一回答),ビール・発泡酒・その他のビール系飲料,全体,全体,2024,39.5
最も好きなお酒(単一回答),ビール・発泡酒・その他のビール系飲料,男女別,男性,1992,
最も好きなお酒(単一回答),ビール・発泡酒・その他のビール系飲料,男女別,男性,1994,
最も好きなお酒(単一回答),ビール・発泡酒・その他のビール系飲料,男女別,男性,1996,
最も好きなお酒(単一回答),ビール・発泡酒・その他のビール系飲料,男女別,男性,1998,
最も好きなお酒(単一回答),ビール・発泡酒・その他のビール系飲料,男女別,男性,2000,
最も好きなお酒(単一回答),ビール・発泡酒・その他のビール系飲料,男女別,男性,2002,
最も好きなお酒(単一回答),ビール・発泡酒・その他のビール系飲料,男女別,男性,2004,
最も好きなお酒(単一回答),ビール・発泡酒・その他のビール系飲料,男女別,男性,2006,
最も好きなお酒(単一回答),ビール・発泡酒・その他のビール系飲料,男女別,男性,2008,
最も好きなお酒(単一回答),ビール・発泡酒・その他のビール系飲料,男女別,男性,2010,
最も好きなお酒(単一回答),ビール・発泡酒・その他のビール系飲料,男女別,男性,2012,
最も好きなお酒(単一回答),ビール・発泡酒・その他のビール系飲料,男女別,男性,2014,
最も好きなお酒(単一回答),ビール・発泡酒・その他のビール系飲料,男女別,男性,2016,49.4
最も好きなお酒(単一回答),ビール・発泡酒・その他のビール系飲料,男女別,男性,2018,48.0
最も好きなお酒(単一回答),ビール・発泡酒・その他のビール系飲料,男女別,男性,2020,45.4
最も好きなお酒(単一回答),ビール・発泡酒・その他のビール系飲料,男女別,男性,2022,47.2
最も好きなお酒(単一回答),ビール・発泡酒・その他のビール系飲料,男女別,男性,2024,45.9
最も好きなお酒(単一回答),ビール・発泡酒・その他のビール系飲料,男女別,女性,1992,
最も好きなお酒(単一回答),ビール・発泡酒・その他のビール系飲料,男女別,女性,1994,
最も好きなお酒(単一回答),ビール・発泡酒・その他のビール系飲料,男女別,女性,1996,
最も好きなお酒(単一回答),ビール・発泡酒・その他のビール系飲料,男女別,女性,1998,
最も好きなお酒(単一回答),ビール・発泡酒・その他のビール系飲料,男女別,女性,2000,
最も好きなお酒(単一回答),ビール・発泡酒・その他のビール系飲料,男女別,女性,2002,
最も好きなお酒(単一回答),ビール・発泡酒・その他のビール系飲料,男女別,女性,2004,
最も好きなお酒(単一回答),ビール・発泡酒・その他のビール系飲料,男女別,女性,2006,
最も好きなお酒(単一回答),ビール・発泡酒・その他のビール系飲料,男女別,女性,2008,
最も好きなお酒(単一回答),ビール・発泡酒・その他のビール系飲料,男女別,女性,2010,
最も好きなお酒(単一回答),ビール・発泡酒・その他のビール系飲料,男女別,女性,2012,
最も好きなお酒(単一回答),ビール・発泡酒・その他のビール系飲料,男女別,女性,2014,
最も好きなお酒(単一回答),ビール・発泡酒・その他のビール系飲料,男女別,女性,2016,35.4
最も好きなお酒(単一回答),ビール・発泡酒・その他のビール系飲料,男女別,女性,2018,35.0
最も好きなお酒(単一回答),ビール・発泡酒・その他のビール系飲料,男女別,女性,2020,29.6
最も好きなお酒(単一回答),ビール・発泡酒・その他のビール系飲料,男女別,女性,2022,31.6
最も好きなお酒(単一回答),ビール・発泡酒・その他のビール系飲料,男女別,女性,2024,31.3
最も好きなお酒(単一回答),ビール・発泡酒・その他のビール系飲料,年代別,20代,1992,
最も好きなお酒(単一回答),ビール・発泡酒・その他のビール系飲料,年代別,20代,1994,
最も好きなお酒(単一回答),ビール・発泡酒・その他のビール系飲料,年代別,20代,1996,
最も好きなお酒(単一回答),ビール・発泡酒・その他のビール系飲料,年代別,20代,1998,
最も好きなお酒(単一回答),ビール・発泡酒・その他のビール系飲料,年代別,20代,2000,
最も好きなお酒(単一回答),ビール・発泡酒・その他のビール系飲料,年代別,20代,2002,
最も好きなお酒(単一回答),ビール・発泡酒・その他のビール系飲料,年代別,20代,2004,
最も好きなお酒(単一回答),ビール・発泡酒・その他のビール系飲料,年代別,20代,2006,
最も好きなお酒(単一回答),ビール・発泡酒・その他のビール系飲料,年代別,20代,2008,
最も好きなお酒(単一回答),ビール・発泡酒・その他のビール系飲料,年代別,20代,2010,
最も好きなお酒(単一回答),ビール・発泡酒・その他のビール系飲料,年代別,20代,2012,
最も好きなお酒(単一回答),ビール・発泡酒・その他のビール系飲料,年代別,20代,2014,
最も好きなお酒(単一回答),ビール・発泡酒・その他のビール系飲料,年代別,20代,2016,29.8
最も好きなお酒(単一回答),ビール・発泡酒・その他のビール系飲料,年代別,20代,2018,29.7
最も好きなお酒(単一回答),ビール・発泡酒・その他のビール系飲料,年代別,20代,2020,22.2
最も好きなお酒(単一回答),ビール・発泡酒・その他のビール系飲料,年代別,20代,2022,25.2
最も好きなお酒(単一回答),ビール・発泡酒・その他のビール系飲料,年代別,20代,2024,22.1
最も好きなお酒(単一回答),ビール・発泡酒・その他のビール系飲料,年代別,30代,1992,
最も好きなお酒(単一回答),ビール・発泡酒・その他のビール系飲料,年代別,30代,1994,
最も好きなお酒(単一回答),ビール・発泡酒・その他のビール系飲料,年代別,30代,1996,
最も好きなお酒(単一回答),ビール・発泡酒・その他のビール系飲料,年代別,30代,1998,
最も好きなお酒(単一回答),ビール・発泡酒・その他のビール系飲料,年代別,30代,2000,
最も好きなお酒(単一回答),ビール・発泡酒・その他のビール系飲料,年代別,30代,2002,
最も好きなお酒(単一回答),ビール・発泡酒・その他のビール系飲料,年代別,30代,2004,
最も好きなお酒(単一回答),ビール・発泡酒・その他のビール系飲料,年代別,30代,2006,
最も好きなお酒(単一回答),ビール・発泡酒・その他のビール系飲料,年代別,30代,2008,
最も好きなお酒(単一回答),ビール・発泡酒・その他のビール系飲料,年代別,30代,2010,
最も好きなお酒(単一回答),ビール・発泡酒・その他のビール系飲料,年代別,30代,2012,
最も好きなお酒(単一回答),ビール・発泡酒・その他のビール系飲料,年代別,30代,2014,
最も好きなお酒(単一回答),ビール・発泡酒・その他のビール系飲料,年代別,30代,2016,47.4
最も好きなお酒(単一回答),ビール・発泡酒・その他のビール系飲料,年代別,30代,2018,44.9
最も好きなお酒(単一回答),ビール・発泡酒・その他のビール系飲料,年代別,30代,2020,32.9
最も好きなお酒(単一回答),ビール・発泡酒・その他のビール系飲料,年代別,30代,2022,34.4
最も好きなお酒(単一回答),ビール・発泡酒・その他のビール系飲料,年代別,30代,2024,35.4
最も好きなお酒(単一回答),ビール・発泡酒・その他のビール系飲料,年代別,40代,1992,
最も好きなお酒(単一回答),ビール・発泡酒・その他のビール系飲料,年代別,40代,1994,
最も好きなお酒(単一回答),ビール・発泡酒・その他のビール系飲料,年代別,40代,1996,
最も好きなお酒(単一回答),ビール・発泡酒・その他のビール系飲料,年代別,40代,1998,
最も好きなお酒(単一回答),ビール・発泡酒・その他のビール系飲料,年代別,40代,2000,
最も好きなお酒(単一回答),ビール・発泡酒・その他のビール系飲料,年代別,40代,2002,
最も好きなお酒(単一回答),ビール・発泡酒・その他のビール系飲料,年代別,40代,2004,
最も好きなお酒(単一回答),ビール・発泡酒・その他のビール系飲料,年代別,40代,2006,
最も好きなお酒(単一回答),ビール・発泡酒・その他のビール系飲料,年代別,40代,2008,
最も好きなお酒(単一回答),ビール・発泡酒・その他のビール系飲料,年代別,40代,2010,
最も好きなお酒(単一回答),ビール・発泡酒・その他のビール系飲料,年代別,40代,2012,
最も好きなお酒(単一回答),ビール・発泡酒・その他のビール系飲料,年代別,40代,2014,
最も好きなお酒(単一回答),ビール・発泡酒・その他のビール系飲料,年代別,40代,2016,46.2
最も好きなお酒(単一回答),ビール・発泡酒・その他のビール系飲料,年代別,40代,2018,44.2
最も好きなお酒(単一回答),ビール・発泡酒・その他のビール系飲料,年代別,40代,2020,44.1
最も好きなお酒(単一回答),ビール・発泡酒・その他のビール系飲料,年代別,40代,2022,44.7
最も好きなお酒(単一回答),ビール・発泡酒・その他のビール系飲料,年代別,40代,2024,41.9
最も好きなお酒(単一回答),ビール・発泡酒・その他のビール系飲料,年代別,50代,1992,
最も好きなお酒(単一回答),ビール・発泡酒・その他のビール系飲料,年代別,50代,1994,
最も好きなお酒(単一回答),ビール・発泡酒・その他のビール系飲料,年代別,50代,1996,
最も好きなお酒(単一回答),ビール・発泡酒・その他のビール系飲料,年代別,50代,1998,
最も好きなお酒(単一回答),ビール・発泡酒・その他のビール系飲料,年代別,50代,2000,
最も好きなお酒(単一回答),ビール・発泡酒・その他のビール系飲料,年代別,50代,2002,
最も好きなお酒(単一回答),ビール・発泡酒・その他のビール系飲料,年代別,50代,2004,
最も好きなお酒(単一回答),ビール・発泡酒・その他のビール系飲料,年代別,50代,2006,
最も好きなお酒(単一回答),ビール・発泡酒・その他のビール系飲料,年代別,50代,2008,
最も好きなお酒(単一回答),ビール・発泡酒・その他のビール系飲料,年代別,50代,2010,
最も好きなお酒(単一回答),ビール・発泡酒・その他のビール系飲料,年代別,50代,2012,
最も好きなお酒(単一回答),ビール・発泡酒・その他のビール系飲料,年代別,50代,2014,
最も好きなお酒(単一回答),ビール・発泡酒・その他のビール系飲料,年代別,50代,2016,46.4
最も好きなお酒(単一回答),ビール・発泡酒・その他のビール系飲料,年代別,50代,2018,46.2
最も好きなお酒(単一回答),ビール・発泡酒・その他のビール系飲料,年代別,50代,2020,44.5
最も好きなお酒(単一回答),ビール・発泡酒・その他のビール系飲料,年代別,50代,2022,49.2
最も好きなお酒(単一回答),ビール・発泡酒・その他のビール系飲料,年代別,50代,2024,49.9
最も好きなお酒(単一回答),ビール・発泡酒・その他のビール系飲料,年代別,60代,1992,
最も好きなお酒(単一回答),ビール・発泡酒・その他のビール系飲料,年代別,60代,1994,
最も好きなお酒(単一回答),ビール・発泡酒・その他のビール系飲料,年代別,60代,1996,
最も好きなお酒(単一回答),ビール・発泡酒・その他のビール系飲料,年代別,60代,1998,
最も好きなお酒(単一回答),ビール・発泡酒・その他のビール系飲料,年代別,60代,2000,
最も好きなお酒(単一回答),ビール・発泡酒・その他のビール系飲料,年代別,60代,2002,
最も好きなお酒(単一回答),ビール・発泡酒・その他のビール系飲料,年代別,60代,2004,
最も好きなお酒(単一回答),ビール・発泡酒・その他のビール系飲料,年代別,60代,2006,
最も好きなお酒(単一回答),ビール・発泡酒・その他のビール系飲料,年代別,60代,2008,
最も好きなお酒(単一回答),ビール・発泡酒・その他のビール系飲料,年代別,60代,2010,
最も好きなお酒(単一回答),ビール・発泡酒・その他のビール系飲料,年代別,60代,2012,
最も好きなお酒(単一回答),ビール・発泡酒・その他のビール系飲料,年代別,60代,2014,
最も好きなお酒(単一回答),ビール・発泡酒・その他のビール系飲料,年代別,60代,2016,44.2
最も好きなお酒(単一回答),ビール・発泡酒・その他のビール系飲料,年代別,60代,2018,43.9
最も好きなお酒(単一回答),ビール・発泡酒・その他のビール系飲料,年代別,60代,2020,42.7
最も好きなお酒(単一回答),ビール・発泡酒・その他のビール系飲料,年代別,60代,2022,42.9
最も好きなお酒(単一回答),ビール・発泡酒・その他のビール系飲料,年代別,60代,2024,42.8
最も好きなお酒(単一回答),ビール・発泡酒・その他のビール系飲料,年代別(男性),男性20代,1992,
最も好きなお酒(単一回答),ビール・発泡酒・その他のビール系飲料,年代別(男性),男性20代,1994,
最も好きなお酒(単一回答),ビール・発泡酒・その他のビール系飲料,年代別(男性),男性20代,1996,
最も好きなお酒(単一回答),ビール・発泡酒・その他のビール系飲料,年代別(男性),男性20代,1998,
最も好きなお酒(単一回答),ビール・発泡酒・その他のビール系飲料,年代別(男性),男性20代,2000,
最も好きなお酒(単一回答),ビール・発泡酒・その他のビール系飲料,年代別(男性),男性20代,2002,
最も好きなお酒(単一回答),ビール・発泡酒・その他のビール系飲料,年代別(男性),男性20代,2004,
最も好きなお酒(単一回答),ビール・発泡酒・その他のビール系飲料,年代別(男性),男性20代,2006,
最も好きなお酒(単一回答),ビール・発泡酒・その他のビール系飲料,年代別(男性),男性20代,2008,
最も好きなお酒(単一回答),ビール・発泡酒・その他のビール系飲料,年代別(男性),男性20代,2010,
最も好きなお酒(単一回答),ビール・発泡酒・その他のビール系飲料,年代別(男性),男性20代,2012,
最も好きなお酒(単一回答),ビール・発泡酒・その他のビール系飲料,年代別(男性),男性20代,2014,
最も好きなお酒(単一回答),ビール・発泡酒・その他のビール系飲料,年代別(男性),男性20代,2016,40.9
最も好きなお酒(単一回答),ビール・発泡酒・その他のビール系飲料,年代別(男性),男性20代,2018,36.4
最も好きなお酒(単一回答),ビール・発泡酒・その他のビール系飲料,年代別(男性),男性20代,2020,28.1
最も好きなお酒(単一回答),ビール・発泡酒・その他のビール系飲料,年代別(男性),男性20代,2022,33.7
最も好きなお酒(単一回答),ビール・発泡酒・その他のビール系飲料,年代別(男性),男性20代,2024,26.0
最も好きなお酒(単一回答),ビール・発泡酒・その他のビール系飲料,年代別(男性),男性30代,1992,
最も好きなお酒(単一回答),ビール・発泡酒・その他のビール系飲料,年代別(男性),男性30代,1994,
最も好きなお酒(単一回答),ビール・発泡酒・その他のビール系飲料,年代別(男性),男性30代,1996,
最も好きなお酒(単一回答),ビール・発泡酒・その他のビール系飲料,年代別(男性),男性30代,1998,
最も好きなお酒(単一回答),ビール・発泡酒・その他のビール系飲料,年代別(男性),男性30代,2000,
最も好きなお酒(単一回答),ビール・発泡酒・その他のビール系飲料,年代別(男性),男性30代,2002,
最も好きなお酒(単一回答),ビール・発泡酒・その他のビール系飲料,年代別(男性),男性30代,2004,
最も好きなお酒(単一回答),ビール・発泡酒・その他のビール系飲料,年代別(男性),男性30代,2006,
最も好きなお酒(単一回答),ビール・発泡酒・その他のビール系飲料,年代別(男性),男性30代,2008,
最も好きなお酒(単一回答),ビール・発泡酒・その他のビール系飲料,年代別(男性),男性30代,2010,
最も好きなお酒(単一回答),ビール・発泡酒・その他のビール系飲料,年代別(男性),男性30代,2012,
最も好きなお酒(単一回答),ビール・発泡酒・その他のビール系飲料,年代別(男性),男性30代,2014,
最も好きなお酒(単一回答),ビール・発泡酒・その他のビール系飲料,年代別(男性),男性30代,2016,53.2
最も好きなお酒(単一回答),ビール・発泡酒・その他のビール系飲料,年代別(男性),男性30代,2018,51.9
最も好きなお酒(単一回答),ビール・発泡酒・その他のビール系飲料,年代別(男性),男性30代,2020,42.9
最も好きなお酒(単一回答),ビール・発泡酒・その他のビール系飲料,年代別(男性),男性30代,2022,41.4
最も好きなお酒(単一回答),ビール・発泡酒・その他のビール系飲料,年代別(男性),男性30代,2024,44.2
最も好きなお酒(単一回答),ビール・発泡酒・その他のビール系飲料,年代別(男性),男性40代,1992,
最も好きなお酒(単一回答),ビール・発泡酒・その他のビール系飲料,年代別(男性),男性40代,1994,
最も好きなお酒(単一回答),ビール・発泡酒・その他のビール系飲料,年代別(男性),男性40代,1996,
最も好きなお酒(単一回答),ビール・発泡酒・その他のビール系飲料,年代別(男性),男性40代,1998,
最も好きなお酒(単一回答),ビール・発泡酒・その他のビール系飲料,年代別(男性),男性40代,2000,
最も好きなお酒(単一回答),ビール・発泡酒・その他のビール系飲料,年代別(男性),男性40代,2002,
最も好きなお酒(単一回答),ビール・発泡酒・その他のビール系飲料,年代別(男性),男性40代,2004,
最も好きなお酒(単一回答),ビール・発泡酒・その他のビール系飲料,年代別(男性),男性40代,2006,
最も好きなお酒(単一回答),ビール・発泡酒・その他のビール系飲料,年代別(男性),男性40代,2008,
最も好きなお酒(単一回答),ビール・発泡酒・その他のビール系飲料,年代別(男性),男性40代,2010,
最も好きなお酒(単一回答),ビール・発泡酒・その他のビール系飲料,年代別(男性),男性40代,2012,
最も好きなお酒(単一回答),ビール・発泡酒・その他のビール系飲料,年代別(男性),男性40代,2014,
最も好きなお酒(単一回答),ビール・発泡酒・その他のビール系飲料,年代別(男性),男性40代,2016,51.6
最も好きなお酒(単一回答),ビール・発泡酒・その他のビール系飲料,年代別(男性),男性40代,2018,50.3
最も好きなお酒(単一回答),ビール・発泡酒・その他のビール系飲料,年代別(男性),男性40代,2020,54.7
最も好きなお酒(単一回答),ビール・発泡酒・その他のビール系飲料,年代別(男性),男性40代,2022,52.6
最も好きなお酒(単一回答),ビール・発泡酒・その他のビール系飲料,年代別(男性),男性40代,2024,49.3
最も好きなお酒(単一回答),ビール・発泡酒・その他のビール系飲料,年代別(男性),男性50代,1992,
最も好きなお酒(単一回答),ビール・発泡酒・その他のビール系飲料,年代別(男性),男性50代,1994,
最も好きなお酒(単一回答),ビール・発泡酒・その他のビール系飲料,年代別(男性),男性50代,1996,
最も好きなお酒(単一回答),ビール・発泡酒・その他のビール系飲料,年代別(男性),男性50代,1998,
最も好きなお酒(単一回答),ビール・発泡酒・その他のビール系飲料,年代別(男性),男性50代,2000,
最も好きなお酒(単一回答),ビール・発泡酒・その他のビール系飲料,年代別(男性),男性50代,2002,
最も好きなお酒(単一回答),ビール・発泡酒・その他のビール系飲料,年代別(男性),男性50代,2004,
最も好きなお酒(単一回答),ビール・発泡酒・その他のビール系飲料,年代別(男性),男性50代,2006,
最も好きなお酒(単一回答),ビール・発泡酒・その他のビール系飲料,年代別(男性),男性50代,2008,
最も好きなお酒(単一回答),ビール・発泡酒・その他のビール系飲料,年代別(男性),男性50代,2010,
最も好きなお酒(単一回答),ビール・発泡酒・その他のビール系飲料,年代別(男性),男性50代,2012,
最も好きなお酒(単一回答),ビール・発泡酒・その他のビール系飲料,年代別(男性),男性50代,2014,
最も好きなお酒(単一回答),ビール・発泡酒・その他のビール系飲料,年代別(男性),男性50代,2016,52.4
最も好きなお酒(単一回答),ビール・発泡酒・その他のビール系飲料,年代別(男性),男性50代,2018,50.9
最も好きなお酒(単一回答),ビール・発泡酒・その他のビール系飲料,年代別(男性),男性50代,2020,50.0
最も好きなお酒(単一回答),ビール・発泡酒・その他のビール系飲料,年代別(男性),男性50代,2022,56.8
最も好きなお酒(単一回答),ビール・発泡酒・その他のビール系飲料,年代別(男性),男性50代,2024,55.5
最も好きなお酒(単一回答),ビール・発泡酒・その他のビール系飲料,年代別(男性),男性60代,1992,
最も好きなお酒(単一回答),ビール・発泡酒・その他のビール系飲料,年代別(男性),男性60代,1994,
最も好きなお酒(単一回答),ビール・発泡酒・その他のビール系飲料,年代別(男性),男性60代,1996,
最も好きなお酒(単一回答),ビール・発泡酒・その他のビール系飲料,年代別(男性),男性60代,1998,
最も好きなお酒(単一回答),ビール・発泡酒・その他のビール系飲料,年代別(男性),男性60代,2000,
最も好きなお酒(単一回答),ビール・発泡酒・その他のビール系飲料,年代別(男性),男性60代,2002,
最も好きなお酒(単一回答),ビール・発泡酒・その他のビール系飲料,年代別(男性),男性60代,2004,
最も好きなお酒(単一回答),ビール・発泡酒・その他のビール系飲料,年代別(男性),男性60代,2006,
最も好きなお酒(単一回答),ビール・発泡酒・その他のビール系飲料,年代別(男性),男性60代,2008,
最も好きなお酒(単一回答),ビール・発泡酒・その他のビール系飲料,年代別(男性),男性60代,2010,
最も好きなお酒(単一回答),ビール・発泡酒・その他のビール系飲料,年代別(男性),男性60代,2012,
最も好きなお酒(単一回答),ビール・発泡酒・その他のビール系飲料,年代別(男性),男性60代,2014,
最も好きなお酒(単一回答),ビール・発泡酒・その他のビール系飲料,年代別(男性),男性60代,2016,46.4
最も好きなお酒(単一回答),ビール・発泡酒・その他のビール系飲料,年代別(男性),男性60代,2018,46.9
最も好きなお酒(単一回答),ビール・発泡酒・その他のビール系飲料,年代別(男性),男性60代,2020,44.4
最も好きなお酒(単一回答),ビール・発泡酒・その他のビール系飲料,年代別(男性),男性60代,2022,44.1
最も好きなお酒(単一回答),ビール・発泡酒・その他のビール系飲料,年代別(男性),男性60代,2024,48.4
最も好きなお酒(単一回答),ビール・発泡酒・その他のビール系飲料,年代別(女性),女性20代,1992,
最も好きなお酒(単一回答),ビール・発泡酒・その他のビール系飲料,年代別(女性),女性20代,1994,
最も好きなお酒(単一回答),ビール・発泡酒・その他のビール系飲料,年代別(女性),女性20代,1996,
最も好きなお酒(単一回答),ビール・発泡酒・その他のビール系飲料,年代別(女性),女性20代,1998,
最も好きなお酒(単一回答),ビール・発泡酒・その他のビール系飲料,年代別(女性),女性20代,2000,
最も好きなお酒(単一回答),ビール・発泡酒・その他のビール系飲料,年代別(女性),女性20代,2002,
最も好きなお酒(単一回答),ビール・発泡酒・その他のビール系飲料,年代別(女性),女性20代,2004,
最も好きなお酒(単一回答),ビール・発泡酒・その他のビール系飲料,年代別(女性),女性20代,2006,
最も好きなお酒(単一回答),ビール・発泡酒・その他のビール系飲料,年代別(女性),女性20代,2008,
最も好きなお酒(単一回答),ビール・発泡酒・その他のビール系飲料,年代別(女性),女性20代,2010,
最も好きなお酒(単一回答),ビール・発泡酒・その他のビール系飲料,年代別(女性),女性20代,2012,
最も好きなお酒(単一回答),ビール・発泡酒・その他のビール系飲料,年代別(女性),女性20代,2014,
最も好きなお酒(単一回答),ビール・発泡酒・その他のビール系飲料,年代別(女性),女性20代,2016,17.5
最も好きなお酒(単一回答),ビール・発泡酒・その他のビール系飲料,年代別(女性),女性20代,2018,22.0
最も好きなお酒(単一回答),ビール・発泡酒・その他のビール系飲料,年代別(女性),女性20代,2020,15.0
最も好きなお酒(単一回答),ビール・発泡酒・その他のビール系飲料,年代別(女性),女性20代,2022,15.9
最も好きなお酒(単一回答),ビール・発泡酒・その他のビール系飲料,年代別(女性),女性20代,2024,17.3
最も好きなお酒(単一回答),ビール・発泡酒・その他のビール系飲料,年代別(女性),女性30代,1992,
最も好きなお酒(単一回答),ビール・発泡酒・その他のビール系飲料,年代別(女性),女性30代,1994,
最も好きなお酒(単一回答),ビール・発泡酒・その他のビール系飲料,年代別(女性),女性30代,1996,
最も好きなお酒(単一回答),ビール・発泡酒・その他のビール系飲料,年代別(女性),女性30代,1998,
最も好きなお酒(単一回答),ビール・発泡酒・その他のビール系飲料,年代別(女性),女性30代,2000,
最も好きなお酒(単一回答),ビール・発泡酒・その他のビール系飲料,年代別(女性),女性30代,2002,
最も好きなお酒(単一回答),ビール・発泡酒・その他のビール系飲料,年代別(女性),女性30代,2004,
最も好きなお酒(単一回答),ビール・発泡酒・その他のビール系飲料,年代別(女性),女性30代,2006,
最も好きなお酒(単一回答),ビール・発泡酒・その他のビール系飲料,年代別(女性),女性30代,2008,
最も好きなお酒(単一回答),ビール・発泡酒・その他のビール系飲料,年代別(女性),女性30代,2010,
最も好きなお酒(単一回答),ビール・発泡酒・その他のビール系飲料,年代別(女性),女性30代,2012,
最も好きなお酒(単一回答),ビール・発泡酒・その他のビール系飲料,年代別(女性),女性30代,2014,
最も好きなお酒(単一回答),ビール・発泡酒・その他のビール系飲料,年代別(女性),女性30代,2016,39.8
最も好きなお酒(単一回答),ビール・発泡酒・その他のビール系飲料,年代別(女性),女性30代,2018,35.3
最も好きなお酒(単一回答),ビール・発泡酒・その他のビール系飲料,年代別(女性),女性30代,2020,20.0
最も好きなお酒(単一回答),ビール・発泡酒・その他のビール系飲料,年代別(女性),女性30代,2022,25.7
最も好きなお酒(単一回答),ビール・発泡酒・その他のビール系飲料,年代別(女性),女性30代,2024,24.8
最も好きなお酒(単一回答),ビール・発泡酒・その他のビール系飲料,年代別(女性),女性40代,1992,
最も好きなお酒(単一回答),ビール・発泡酒・その他のビール系飲料,年代別(女性),女性40代,1994,
最も好きなお酒(単一回答),ビール・発泡酒・その他のビール系飲料,年代別(女性),女性40代,1996,
最も好きなお酒(単一回答),ビール・発泡酒・その他のビール系飲料,年代別(女性),女性40代,1998,
最も好きなお酒(単一回答),ビール・発泡酒・その他のビール系飲料,年代別(女性),女性40代,2000,
最も好きなお酒(単一回答),ビール・発泡酒・その他のビール系飲料,年代別(女性),女性40代,2002,
最も好きなお酒(単一回答),ビール・発泡酒・その他のビール系飲料,年代別(女性),女性40代,2004,
最も好きなお酒(単一回答),ビール・発泡酒・その他のビール系飲料,年代別(女性),女性40代,2006,
最も好きなお酒(単一回答),ビール・発泡酒・その他のビール系飲料,年代別(女性),女性40代,2008,
最も好きなお酒(単一回答),ビール・発泡酒・その他のビール系飲料,年代別(女性),女性40代,2010,
最も好きなお酒(単一回答),ビール・発泡酒・その他のビール系飲料,年代別(女性),女性40代,2012,
最も好きなお酒(単一回答),ビール・発泡酒・その他のビール系飲料,年代別(女性),女性40代,2014,
最も好きなお酒(単一回答),ビール・発泡酒・その他のビール系飲料,年代別(女性),女性40代,2016,39.3
最も好きなお酒(単一回答),ビール・発泡酒・その他のビール系飲料,年代別(女性),女性40代,2018,36.6
最も好きなお酒(単一回答),ビール・発泡酒・その他のビール系飲料,年代別(女性),女性40代,2020,31.1
最も好きなお酒(単一回答),ビール・発泡酒・その他のビール系飲料,年代別(女性),女性40代,2022,34.5
最も好きなお酒(単一回答),ビール・発泡酒・その他のビール系飲料,年代別(女性),女性40代,2024,32.5
最も好きなお酒(単一回答),ビール・発泡酒・その他のビール系飲料,年代別(女性),女性50代,1992,
最も好きなお酒(単一回答),ビール・発泡酒・その他のビール系飲料,年代別(女性),女性50代,1994,
最も好きなお酒(単一回答),ビール・発泡酒・その他のビール系飲料,年代別(女性),女性50代,1996,
最も好きなお酒(単一回答),ビール・発泡酒・その他のビール系飲料,年代別(女性),女性50代,1998,
最も好きなお酒(単一回答),ビール・発泡酒・その他のビール系飲料,年代別(女性),女性50代,2000,
最も好きなお酒(単一回答),ビール・発泡酒・その他のビール系飲料,年代別(女性),女性50代,2002,
最も好きなお酒(単一回答),ビール・発泡酒・その他のビール系飲料,年代別(女性),女性50代,2004,
最も好きなお酒(単一回答),ビール・発泡酒・その他のビール系飲料,年代別(女性),女性50代,2006,
最も好きなお酒(単一回答),ビール・発泡酒・その他のビール系飲料,年代別(女性),女性50代,2008,
最も好きなお酒(単一回答),ビール・発泡酒・その他のビール系飲料,年代別(女性),女性50代,2010,
最も好きなお酒(単一回答),ビール・発泡酒・その他のビール系飲料,年代別(女性),女性50代,2012,
最も好きなお酒(単一回答),ビール・発泡酒・その他のビール系飲料,年代別(女性),女性50代,2014,
最も好きなお酒(単一回答),ビール・発泡酒・その他のビール系飲料,年代別(女性),女性50代,2016,37.3
最も好きなお酒(単一回答),ビール・発泡酒・その他のビール系飲料,年代別(女性),女性50代,2018,40.0
最も好きなお酒(単一回答),ビール・発泡酒・その他のビール系飲料,年代別(女性),女性50代,2020,37.8
最も好きなお酒(単一回答),ビール・発泡酒・その他のビール系飲料,年代別(女性),女性50代,2022,39.0
最も好きなお酒(単一回答),ビール・発泡酒・その他のビール系飲料,年代別(女性),女性50代,2024,42.5
最も好きなお酒(単一回答),ビール・発泡酒・その他のビール系飲料,年代別(女性),女性60代,1992,
最も好きなお酒(単一回答),ビール・発泡酒・その他のビール系飲料,年代別(女性),女性60代,1994,
最も好きなお酒(単一回答),ビール・発泡酒・その他のビール系飲料,年代別(女性),女性60代,1996,
最も好きなお酒(単一回答),ビール・発泡酒・その他のビール系飲料,年代別(女性),女性60代,1998,
最も好きなお酒(単一回答),ビール・発泡酒・その他のビール系飲料,年代別(女性),女性60代,2000,
最も好きなお酒(単一回答),ビール・発泡酒・その他のビール系飲料,年代別(女性),女性60代,2002,
最も好きなお酒(単一回答),ビール・発泡酒・その他のビール系飲料,年代別(女性),女性60代,2004,
最も好きなお酒(単一回答),ビール・発泡酒・その他のビール系飲料,年代別(女性),女性60代,2006,
最も好きなお酒(単一回答),ビール・発泡酒・その他のビール系飲料,年代別(女性),女性60代,2008,
最も好きなお酒(単一回答),ビール・発泡酒・その他のビール系飲料,年代別(女性),女性60代,2010,
最も好きなお酒(単一回答),ビール・発泡酒・その他のビール系飲料,年代別(女性),女性60代,2012,
最も好きなお酒(単一回答),ビール・発泡酒・その他のビール系飲料,年代別(女性),女性60代,2014,
最も好きなお酒(単一回答),ビール・発泡酒・その他のビール系飲料,年代別(女性),女性60代,2016,40.6
最も好きなお酒(単一回答),ビール・発泡酒・その他のビール系飲料,年代別(女性),女性60代,2018,39.7
最も好きなお酒(単一回答),ビール・発泡酒・その他のビール系飲料,年代別(女性),女性60代,2020,40.5
最も好きなお酒(単一回答),ビール・発泡酒・その他のビール系飲料,年代別(女性),女性60代,2022,41.1
最も好きなお酒(単一回答),ビール・発泡酒・その他のビール系飲料,年代別(女性),女性60代,2024,35.1
最も好きなお酒(単一回答),ビール・発泡酒・その他のビール系飲料,地域別,首都圏,1992,
最も好きなお酒(単一回答),ビール・発泡酒・その他のビール系飲料,地域別,首都圏,1994,
最も好きなお酒(単一回答),ビール・発泡酒・その他のビール系飲料,地域別,首都圏,1996,
最も好きなお酒(単一回答),ビール・発泡酒・その他のビール系飲料,地域別,首都圏,1998,
最も好きなお酒(単一回答),ビール・発泡酒・その他のビール系飲料,地域別,首都圏,2000,
最も好きなお酒(単一回答),ビール・発泡酒・その他のビール系飲料,地域別,首都圏,2002,
最も好きなお酒(単一回答),ビール・発泡酒・その他のビール系飲料,地域別,首都圏,2004,
最も好きなお酒(単一回答),ビール・発泡酒・その他のビール系飲料,地域別,首都圏,2006,
最も好きなお酒(単一回答),ビール・発泡酒・その他のビール系飲料,地域別,首都圏,2008,
最も好きなお酒(単一回答),ビール・発泡酒・その他のビール系飲料,地域別,首都圏,2010,
最も好きなお酒(単一回答),ビール・発泡酒・その他のビール系飲料,地域別,首都圏,2012,
最も好きなお酒(単一回答),ビール・発泡酒・その他のビール系飲料,地域別,首都圏,2014,
最も好きなお酒(単一回答),ビール・発泡酒・その他のビール系飲料,地域別,首都圏,2016,41.3
最も好きなお酒(単一回答),ビール・発泡酒・その他のビール系飲料,地域別,首都圏,2018,41.5
最も好きなお酒(単一回答),ビール・発泡酒・その他のビール系飲料,地域別,首都圏,2020,38.2
最も好きなお酒(単一回答),ビール・発泡酒・その他のビール系飲料,地域別,首都圏,2022,39.7
最も好きなお酒(単一回答),ビール・発泡酒・その他のビール系飲料,地域別,首都圏,2024,38.4
最も好きなお酒(単一回答),ビール・発泡酒・その他のビール系飲料,地域別,阪神圏,1992,
最も好きなお酒(単一回答),ビール・発泡酒・その他のビール系飲料,地域別,阪神圏,1994,
最も好きなお酒(単一回答),ビール・発泡酒・その他のビール系飲料,地域別,阪神圏,1996,
最も好きなお酒(単一回答),ビール・発泡酒・その他のビール系飲料,地域別,阪神圏,1998,
最も好きなお酒(単一回答),ビール・発泡酒・その他のビール系飲料,地域別,阪神圏,2000,
最も好きなお酒(単一回答),ビール・発泡酒・その他のビール系飲料,地域別,阪神圏,2002,
最も好きなお酒(単一回答),ビール・発泡酒・その他のビール系飲料,地域別,阪神圏,2004,
最も好きなお酒(単一回答),ビール・発泡酒・その他のビール系飲料,地域別,阪神圏,2006,
最も好きなお酒(単一回答),ビール・発泡酒・その他のビール系飲料,地域別,阪神圏,2008,
最も好きなお酒(単一回答),ビール・発泡酒・その他のビール系飲料,地域別,阪神圏,2010,
最も好きなお酒(単一回答),ビール・発泡酒・その他のビール系飲料,地域別,阪神圏,2012,
最も好きなお酒(単一回答),ビール・発泡酒・その他のビール系飲料,地域別,阪神圏,2014,
最も好きなお酒(単一回答),ビール・発泡酒・その他のビール系飲料,地域別,阪神圏,2016,49.4
最も好きなお酒(単一回答),ビール・発泡酒・その他のビール系飲料,地域別,阪神圏,2018,44.3
最も好きなお酒(単一回答),ビール・発泡酒・その他のビール系飲料,地域別,阪神圏,2020,38.7
最も好きなお酒(単一回答),ビール・発泡酒・その他のビール系飲料,地域別,阪神圏,2022,42.1
最も好きなお酒(単一回答),ビール・発泡酒・その他のビール系飲料,地域別,阪神圏,2024,42.5
最も好きなお酒(単一回答),ウィスキー,全体,全体,1992,
最も好きなお酒(単一回答),ウィスキー,全体,全体,1994,
最も好きなお酒(単一回答),ウィスキー,全体,全体,1996,
最も好きなお酒(単一回答),ウィスキー,全体,全体,1998,
最も好きなお酒(単一回答),ウィスキー,全体,全体,2000,
最も好きなお酒(単一回答),ウィスキー,全体,全体,2002,
最も好きなお酒(単一回答),ウィスキー,全体,全体,2004,
最も好きなお酒(単一回答),ウィスキー,全体,全体,2006,
最も好きなお酒(単一回答),ウィスキー,全体,全体,2008,
最も好きなお酒(単一回答),ウィスキー,全体,全体,2010,
最も好きなお酒(単一回答),ウィスキー,全体,全体,2012,
最も好きなお酒(単一回答),ウィスキー,全体,全体,2014,
最も好きなお酒(単一回答),ウィスキー,全体,全体,2016,2.8
最も好きなお酒(単一回答),ウィスキー,全体,全体,2018,2.7
最も好きなお酒(単一回答),ウィスキー,全体,全体,2020,2.8
最も好きなお酒(単一回答),ウィスキー,全体,全体,2022,2.6
最も好きなお酒(単一回答),ウィスキー,全体,全体,2024,3.4
最も好きなお酒(単一回答),ウィスキー,男女別,男性,1992,
最も好きなお酒(単一回答),ウィスキー,男女別,男性,1994,
最も好きなお酒(単一回答),ウィスキー,男女別,男性,1996,
最も好きなお酒(単一回答),ウィスキー,男女別,男性,1998,
最も好きなお酒(単一回答),ウィスキー,男女別,男性,2000,
最も好きなお酒(単一回答),ウィスキー,男女別,男性,2002,
最も好きなお酒(単一回答),ウィスキー,男女別,男性,2004,
最も好きなお酒(単一回答),ウィスキー,男女別,男性,2006,
最も好きなお酒(単一回答),ウィスキー,男女別,男性,2008,
最も好きなお酒(単一回答),ウィスキー,男女別,男性,2010,
最も好きなお酒(単一回答),ウィスキー,男女別,男性,2012,
最も好きなお酒(単一回答),ウィスキー,男女別,男性,2014,
最も好きなお酒(単一回答),ウィスキー,男女別,男性,2016,4.5
最も好きなお酒(単一回答),ウィスキー,男女別,男性,2018,4.2
最も好きなお酒(単一回答),ウィスキー,男女別,男性,2020,4.3
最も好きなお酒(単一回答),ウィスキー,男女別,男性,2022,4.3
最も好きなお酒(単一回答),ウィスキー,男女別,男性,2024,5.6
最も好きなお酒(単一回答),ウィスキー,男女別,女性,1992,
最も好きなお酒(単一回答),ウィスキー,男女別,女性,1994,
最も好きなお酒(単一回答),ウィスキー,男女別,女性,1996,
最も好きなお酒(単一回答),ウィスキー,男女別,女性,1998,
最も好きなお酒(単一回答),ウィスキー,男女別,女性,2000,
最も好きなお酒(単一回答),ウィスキー,男女別,女性,2002,
最も好きなお酒(単一回答),ウィスキー,男女別,女性,2004,
最も好きなお酒(単一回答),ウィスキー,男女別,女性,2006,
最も好きなお酒(単一回答),ウィスキー,男女別,女性,2008,
最も好きなお酒(単一回答),ウィスキー,男女別,女性,2010,
最も好きなお酒(単一回答),ウィスキー,男女別,女性,2012,
最も好きなお酒(単一回答),ウィスキー,男女別,女性,2014,
最も好きなお酒(単一回答),ウィスキー,男女別,女性,2016,0.6
最も好きなお酒(単一回答),ウィスキー,男女別,女性,2018,0.9
最も好きなお酒(単一回答),ウィスキー,男女別,女性,2020,1.0
最も好きなお酒(単一回答),ウィスキー,男女別,女性,2022,0.5
最も好きなお酒(単一回答),ウィスキー,男女別,女性,2024,0.7
最も好きなお酒(単一回答),ウィスキー,年代別,20代,1992,
最も好きなお酒(単一回答),ウィスキー,年代別,20代,1994,
最も好きなお酒(単一回答),ウィスキー,年代別,20代,1996,
最も好きなお酒(単一回答),ウィスキー,年代別,20代,1998,
最も好きなお酒(単一回答),ウィスキー,年代別,20代,2000,
最も好きなお酒(単一回答),ウィスキー,年代別,20代,2002,
最も好きなお酒(単一回答),ウィスキー,年代別,20代,2004,
最も好きなお酒(単一回答),ウィスキー,年代別,20代,2006,
最も好きなお酒(単一回答),ウィスキー,年代別,20代,2008,
最も好きなお酒(単一回答),ウィスキー,年代別,20代,2010,
最も好きなお酒(単一回答),ウィスキー,年代別,20代,2012,
最も好きなお酒(単一回答),ウィスキー,年代別,20代,2014,
最も好きなお酒(単一回答),ウィスキー,年代別,20代,2016,2.6
最も好きなお酒(単一回答),ウィスキー,年代別,20代,2018,3.2
最も好きなお酒(単一回答),ウィスキー,年代別,20代,2020,4.1
最も好きなお酒(単一回答),ウィスキー,年代別,20代,2022,2.0
最も好きなお酒(単一回答),ウィスキー,年代別,20代,2024,3.9
最も好きなお酒(単一回答),ウィスキー,年代別,30代,1992,
最も好きなお酒(単一回答),ウィスキー,年代別,30代,1994,
最も好きなお酒(単一回答),ウィスキー,年代別,30代,1996,
最も好きなお酒(単一回答),ウィスキー,年代別,30代,1998,
最も好きなお酒(単一回答),ウィスキー,年代別,30代,2000,
最も好きなお酒(単一回答),ウィスキー,年代別,30代,2002,
最も好きなお酒(単一回答),ウィスキー,年代別,30代,2004,
最も好きなお酒(単一回答),ウィスキー,年代別,30代,2006,
最も好きなお酒(単一回答),ウィスキー,年代別,30代,2008,
最も好きなお酒(単一回答),ウィスキー,年代別,30代,2010,
最も好きなお酒(単一回答),ウィスキー,年代別,30代,2012,
最も好きなお酒(単一回答),ウィスキー,年代別,30代,2014,
最も好きなお酒(単一回答),ウィスキー,年代別,30代,2016,1.8
最も好きなお酒(単一回答),ウィスキー,年代別,30代,2018,1.0
最も好きなお酒(単一回答),ウィスキー,年代別,30代,2020,3.2
最も好きなお酒(単一回答),ウィスキー,年代別,30代,2022,3.1
最も好きなお酒(単一回答),ウィスキー,年代別,30代,2024,3.0
最も好きなお酒(単一回答),ウィスキー,年代別,40代,1992,
最も好きなお酒(単一回答),ウィスキー,年代別,40代,1994,
最も好きなお酒(単一回答),ウィスキー,年代別,40代,1996,
最も好きなお酒(単一回答),ウィスキー,年代別,40代,1998,
最も好きなお酒(単一回答),ウィスキー,年代別,40代,2000,
最も好きなお酒(単一回答),ウィスキー,年代別,40代,2002,
最も好きなお酒(単一回答),ウィスキー,年代別,40代,2004,
最も好きなお酒(単一回答),ウィスキー,年代別,40代,2006,
最も好きなお酒(単一回答),ウィスキー,年代別,40代,2008,
最も好きなお酒(単一回答),ウィスキー,年代別,40代,2010,
最も好きなお酒(単一回答),ウィスキー,年代別,40代,2012,
最も好きなお酒(単一回答),ウィスキー,年代別,40代,2014,
最も好きなお酒(単一回答),ウィスキー,年代別,40代,2016,2.8
最も好きなお酒(単一回答),ウィスキー,年代別,40代,2018,2.5
最も好きなお酒(単一回答),ウィスキー,年代別,40代,2020,2.0
最も好きなお酒(単一回答),ウィスキー,年代別,40代,2022,2.3
最も好きなお酒(単一回答),ウィスキー,年代別,40代,2024,2.4
最も好きなお酒(単一回答),ウィスキー,年代別,50代,1992,
最も好きなお酒(単一回答),ウィスキー,年代別,50代,1994,
最も好きなお酒(単一回答),ウィスキー,年代別,50代,1996,
最も好きなお酒(単一回答),ウィスキー,年代別,50代,1998,
最も好きなお酒(単一回答),ウィスキー,年代別,50代,2000,
最も好きなお酒(単一回答),ウィスキー,年代別,50代,2002,
最も好きなお酒(単一回答),ウィスキー,年代別,50代,2004,
最も好きなお酒(単一回答),ウィスキー,年代別,50代,2006,
最も好きなお酒(単一回答),ウィスキー,年代別,50代,2008,
最も好きなお酒(単一回答),ウィスキー,年代別,50代,2010,
最も好きなお酒(単一回答),ウィスキー,年代別,50代,2012,
最も好きなお酒(単一回答),ウィスキー,年代別,50代,2014,
最も好きなお酒(単一回答),ウィスキー,年代別,50代,2016,3.4
最も好きなお酒(単一回答),ウィスキー,年代別,50代,2018,2.0
最も好きなお酒(単一回答),ウィスキー,年代別,50代,2020,2.7
最も好きなお酒(単一回答),ウィスキー,年代別,50代,2022,3.0
最も好きなお酒(単一回答),ウィスキー,年代別,50代,2024,4.3
最も好きなお酒(単一回答),ウィスキー,年代別,60代,1992,
最も好きなお酒(単一回答),ウィスキー,年代別,60代,1994,
最も好きなお酒(単一回答),ウィスキー,年代別,60代,1996,
最も好きなお酒(単一回答),ウィスキー,年代別,60代,1998,
最も好きなお酒(単一回答),ウィスキー,年代別,60代,2000,
最も好きなお酒(単一回答),ウィスキー,年代別,60代,2002,
最も好きなお酒(単一回答),ウィスキー,年代別,60代,2004,
最も好きなお酒(単一回答),ウィスキー,年代別,60代,2006,
最も好きなお酒(単一回答),ウィスキー,年代別,60代,2008,
最も好きなお酒(単一回答),ウィスキー,年代別,60代,2010,
最も好きなお酒(単一回答),ウィスキー,年代別,60代,2012,
最も好きなお酒(単一回答),ウィスキー,年代別,60代,2014,
最も好きなお酒(単一回答),ウィスキー,年代別,60代,2016,3.7
最も好きなお酒(単一回答),ウィスキー,年代別,60代,2018,5.6
最も好きなお酒(単一回答),ウィスキー,年代別,60代,2020,2.7
最も好きなお酒(単一回答),ウィスキー,年代別,60代,2022,2.6
最も好きなお酒(単一回答),ウィスキー,年代別,60代,2024,3.7
最も好きなお酒(単一回答),ウィスキー,年代別(男性),男性20代,1992,
最も好きなお酒(単一回答),ウィスキー,年代別(男性),男性20代,1994,
最も好きなお酒(単一回答),ウィスキー,年代別(男性),男性20代,1996,
最も好きなお酒(単一回答),ウィスキー,年代別(男性),男性20代,1998,
最も好きなお酒(単一回答),ウィスキー,年代別(男性),男性20代,2000,
最も好きなお酒(単一回答),ウィスキー,年代別(男性),男性20代,2002,
最も好きなお酒(単一回答),ウィスキー,年代別(男性),男性20代,2004,
最も好きなお酒(単一回答),ウィスキー,年代別(男性),男性20代,2006,
最も好きなお酒(単一回答),ウィスキー,年代別(男性),男性20代,2008,
最も好きなお酒(単一回答),ウィスキー,年代別(男性),男性20代,2010,
最も好きなお酒(単一回答),ウィスキー,年代別(男性),男性20代,2012,
最も好きなお酒(単一回答),ウィスキー,年代別(男性),男性20代,2014,
最も好きなお酒(単一回答),ウィスキー,年代別(男性),男性20代,2016,3.8
最も好きなお酒(単一回答),ウィスキー,年代別(男性),男性20代,2018,6.0
最も好きなお酒(単一回答),ウィスキー,年代別(男性),男性20代,2020,6.9
最も好きなお酒(単一回答),ウィスキー,年代別(男性),男性20代,2022,3.9
最も好きなお酒(単一回答),ウィスキー,年代別(男性),男性20代,2024,5.8
最も好きなお酒(単一回答),ウィスキー,年代別(男性),男性30代,1992,
最も好きなお酒(単一回答),ウィスキー,年代別(男性),男性30代,1994,
最も好きなお酒(単一回答),ウィスキー,年代別(男性),男性30代,1996,
最も好きなお酒(単一回答),ウィスキー,年代別(男性),男性30代,1998,
最も好きなお酒(単一回答),ウィスキー,年代別(男性),男性30代,2000,
最も好きなお酒(単一回答),ウィスキー,年代別(男性),男性30代,2002,
最も好きなお酒(単一回答),ウィスキー,年代別(男性),男性30代,2004,
最も好きなお酒(単一回答),ウィスキー,年代別(男性),男性30代,2006,
最も好きなお酒(単一回答),ウィスキー,年代別(男性),男性30代,2008,
最も好きなお酒(単一回答),ウィスキー,年代別(男性),男性30代,2010,
最も好きなお酒(単一回答),ウィスキー,年代別(男性),男性30代,2012,
最も好きなお酒(単一回答),ウィスキー,年代別(男性),男性30代,2014,
最も好きなお酒(単一回答),ウィスキー,年代別(男性),男性30代,2016,3.2
最も好きなお酒(単一回答),ウィスキー,年代別(男性),男性30代,2018,1.7
最も好きなお酒(単一回答),ウィスキー,年代別(男性),男性30代,2020,3.4
最も好きなお酒(単一回答),ウィスキー,年代別(男性),男性30代,2022,5.2
最も好きなお酒(単一回答),ウィスキー,年代別(男性),男性30代,2024,4.8
最も好きなお酒(単一回答),ウィスキー,年代別(男性),男性40代,1992,
最も好きなお酒(単一回答),ウィスキー,年代別(男性),男性40代,1994,
最も好きなお酒(単一回答),ウィスキー,年代別(男性),男性40代,1996,
最も好きなお酒(単一回答),ウィスキー,年代別(男性),男性40代,1998,
最も好きなお酒(単一回答),ウィスキー,年代別(男性),男性40代,2000,
最も好きなお酒(単一回答),ウィスキー,年代別(男性),男性40代,2002,
最も好きなお酒(単一回答),ウィスキー,年代別(男性),男性40代,2004,
最も好きなお酒(単一回答),ウィスキー,年代別(男性),男性40代,2006,
最も好きなお酒(単一回答),ウィスキー,年代別(男性),男性40代,2008,
最も好きなお酒(単一回答),ウィスキー,年代別(男性),男性40代,2010,
最も好きなお酒(単一回答),ウィスキー,年代別(男性),男性40代,2012,
最も好きなお酒(単一回答),ウィスキー,年代別(男性),男性40代,2014,
最も好きなお酒(単一回答),ウィスキー,年代別(男性),男性40代,2016,4.4
最も好きなお酒(単一回答),ウィスキー,年代別(男性),男性40代,2018,3.2
最も好きなお酒(単一回答),ウィスキー,年代別(男性),男性40代,2020,3.1
最も好きなお酒(単一回答),ウィスキー,年代別(男性),男性40代,2022,3.8
最も好きなお酒(単一回答),ウィスキー,年代別(男性),男性40代,2024,3.8
最も好きなお酒(単一回答),ウィスキー,年代別(男性),男性50代,1992,
最も好きなお酒(単一回答),ウィスキー,年代別(男性),男性50代,1994,
最も好きなお酒(単一回答),ウィスキー,年代別(男性),男性50代,1996,
最も好きなお酒(単一回答),ウィスキー,年代別(男性),男性50代,1998,
最も好きなお酒(単一回答),ウィスキー,年代別(男性),男性50代,2000,
最も好きなお酒(単一回答),ウィスキー,年代別(男性),男性50代,2002,
最も好きなお酒(単一回答),ウィスキー,年代別(男性),男性50代,2004,
最も好きなお酒(単一回答),ウィスキー,年代別(男性),男性50代,2006,
最も好きなお酒(単一回答),ウィスキー,年代別(男性),男性50代,2008,
最も好きなお酒(単一回答),ウィスキー,年代別(男性),男性50代,2010,
最も好きなお酒(単一回答),ウィスキー,年代別(男性),男性50代,2012,
最も好きなお酒(単一回答),ウィスキー,年代別(男性),男性50代,2014,
最も好きなお酒(単一回答),ウィスキー,年代別(男性),男性50代,2016,5.3
最も好きなお酒(単一回答),ウィスキー,年代別(男性),男性50代,2018,3.4
最も好きなお酒(単一回答),ウィスキー,年代別(男性),男性50代,2020,4.5
最も好きなお酒(単一回答),ウィスキー,年代別(男性),男性50代,2022,4.6
最も好きなお酒(単一回答),ウィスキー,年代別(男性),男性50代,2024,7.6
最も好きなお酒(単一回答),ウィスキー,年代別(男性),男性60代,1992,
最も好きなお酒(単一回答),ウィスキー,年代別(男性),男性60代,1994,
最も好きなお酒(単一回答),ウィスキー,年代別(男性),男性60代,1996,
最も好きなお酒(単一回答),ウィスキー,年代別(男性),男性60代,1998,
最も好きなお酒(単一回答),ウィスキー,年代別(男性),男性60代,2000,
最も好きなお酒(単一回答),ウィスキー,年代別(男性),男性60代,2002,
最も好きなお酒(単一回答),ウィスキー,年代別(男性),男性60代,2004,
最も好きなお酒(単一回答),ウィスキー,年代別(男性),男性60代,2006,
最も好きなお酒(単一回答),ウィスキー,年代別(男性),男性60代,2008,
最も好きなお酒(単一回答),ウィスキー,年代別(男性),男性60代,2010,
最も好きなお酒(単一回答),ウィスキー,年代別(男性),男性60代,2012,
最も好きなお酒(単一回答),ウィスキー,年代別(男性),男性60代,2014,
最も好きなお酒(単一回答),ウィスキー,年代別(男性),男性60代,2016,5.6
最も好きなお酒(単一回答),ウィスキー,年代別(男性),男性60代,2018,7.7
最も好きなお酒(単一回答),ウィスキー,年代別(男性),男性60代,2020,4.3
最も好きなお酒(単一回答),ウィスキー,年代別(男性),男性60代,2022,3.9
最も好きなお酒(単一回答),ウィスキー,年代別(男性),男性60代,2024,5.7
最も好きなお酒(単一回答),ウィスキー,年代別(女性),女性20代,1992,
最も好きなお酒(単一回答),ウィスキー,年代別(女性),女性20代,1994,
最も好きなお酒(単一回答),ウィスキー,年代別(女性),女性20代,1996,
最も好きなお酒(単一回答),ウィスキー,年代別(女性),女性20代,1998,
最も好きなお酒(単一回答),ウィスキー,年代別(女性),女性20代,2000,
最も好きなお酒(単一回答),ウィスキー,年代別(女性),女性20代,2002,
最も好きなお酒(単一回答),ウィスキー,年代別(女性),女性20代,2004,
最も好きなお酒(単一回答),ウィスキー,年代別(女性),女性20代,2006,
最も好きなお酒(単一回答),ウィスキー,年代別(女性),女性20代,2008,
最も好きなお酒(単一回答),ウィスキー,年代別(女性),女性20代,2010,
最も好きなお酒(単一回答),ウィスキー,年代別(女性),女性20代,2012,
最も好きなお酒(単一回答),ウィスキー,年代別(女性),女性20代,2014,
最も好きなお酒(単一回答),ウィスキー,年代別(女性),女性20代,2016,1.2
最も好きなお酒(単一回答),ウィスキー,年代別(女性),女性20代,2018,0.0
最も好きなお酒(単一回答),ウィスキー,年代別(女性),女性20代,2020,0.8
最も好きなお酒(単一回答),ウィスキー,年代別(女性),女性20代,2022,0.0
最も好きなお酒(単一回答),ウィスキー,年代別(女性),女性20代,2024,1.6
最も好きなお酒(単一回答),ウィスキー,年代別(女性),女性30代,1992,
最も好きなお酒(単一回答),ウィスキー,年代別(女性),女性30代,1994,
最も好きなお酒(単一回答),ウィスキー,年代別(女性),女性30代,1996,
最も好きなお酒(単一回答),ウィスキー,年代別(女性),女性30代,1998,
最も好きなお酒(単一回答),ウィスキー,年代別(女性),女性30代,2000,
最も好きなお酒(単一回答),ウィスキー,年代別(女性),女性30代,2002,
最も好きなお酒(単一回答),ウィスキー,年代別(女性),女性30代,2004,
最も好きなお酒(単一回答),ウィスキー,年代別(女性),女性30代,2006,
最も好きなお酒(単一回答),ウィスキー,年代別(女性),女性30代,2008,
最も好きなお酒(単一回答),ウィスキー,年代別(女性),女性30代,2010,
最も好きなお酒(単一回答),ウィスキー,年代別(女性),女性30代,2012,
最も好きなお酒(単一回答),ウィスキー,年代別(女性),女性30代,2014,
最も好きなお酒(単一回答),ウィスキー,年代別(女性),女性30代,2016,0.0
最も好きなお酒(単一回答),ウィスキー,年代別(女性),女性30代,2018,0.0
最も好きなお酒(単一回答),ウィスキー,年代別(女性),女性30代,2020,3.0
最も好きなお酒(単一回答),ウィスキー,年代別(女性),女性30代,2022,0.6
最も好きなお酒(単一回答),ウィスキー,年代別(女性),女性30代,2024,0.7
最も好きなお酒(単一回答),ウィスキー,年代別(女性),女性40代,1992,
最も好きなお酒(単一回答),ウィスキー,年代別(女性),女性40代,1994,
最も好きなお酒(単一回答),ウィスキー,年代別(女性),女性40代,1996,
最も好きなお酒(単一回答),ウィスキー,年代別(女性),女性40代,1998,
最も好きなお酒(単一回答),ウィスキー,年代別(女性),女性40代,2000,
最も好きなお酒(単一回答),ウィスキー,年代別(女性),女性40代,2002,
最も好きなお酒(単一回答),ウィスキー,年代別(女性),女性40代,2004,
最も好きなお酒(単一回答),ウィスキー,年代別(女性),女性40代,2006,
最も好きなお酒(単一回答),ウィスキー,年代別(女性),女性40代,2008,
最も好きなお酒(単一回答),ウィスキー,年代別(女性),女性40代,2010,
最も好きなお酒(単一回答),ウィスキー,年代別(女性),女性40代,2012,
最も好きなお酒(単一回答),ウィスキー,年代別(女性),女性40代,2014,
最も好きなお酒(単一回答),ウィスキー,年代別(女性),女性40代,2016,0.8
最も好きなお酒(単一回答),ウィスキー,年代別(女性),女性40代,2018,1.6
最も好きなお酒(単一回答),ウィスキー,年代別(女性),女性40代,2020,0.5
最も好きなお酒(単一回答),ウィスキー,年代別(女性),女性40代,2022,0.4
最も好きなお酒(単一回答),ウィスキー,年代別(女性),女性40代,2024,0.6
最も好きなお酒(単一回答),ウィスキー,年代別(女性),女性50代,1992,
最も好きなお酒(単一回答),ウィスキー,年代別(女性),女性50代,1994,
最も好きなお酒(単一回答),ウィスキー,年代別(女性),女性50代,1996,
最も好きなお酒(単一回答),ウィスキー,年代別(女性),女性50代,1998,
最も好きなお酒(単一回答),ウィスキー,年代別(女性),女性50代,2000,
最も好きなお酒(単一回答),ウィスキー,年代別(女性),女性50代,2002,
最も好きなお酒(単一回答),ウィスキー,年代別(女性),女性50代,2004,
最も好きなお酒(単一回答),ウィスキー,年代別(女性),女性50代,2006,
最も好きなお酒(単一回答),ウィスキー,年代別(女性),女性50代,2008,
最も好きなお酒(単一回答),ウィスキー,年代別(女性),女性50代,2010,
最も好きなお酒(単一回答),ウィスキー,年代別(女性),女性50代,2012,
最も好きなお酒(単一回答),ウィスキー,年代別(女性),女性50代,2014,
最も好きなお酒(単一回答),ウィスキー,年代別(女性),女性50代,2016,0.6
最も好きなお酒(単一回答),ウィスキー,年代別(女性),女性50代,2018,0.0
最も好きなお酒(単一回答),ウィスキー,年代別(女性),女性50代,2020,0.6
最も好きなお酒(単一回答),ウィスキー,年代別(女性),女性50代,2022,0.9
最も好きなお酒(単一回答),ウィスキー,年代別(女性),女性50代,2024,0.0
最も好きなお酒(単一回答),ウィスキー,年代別(女性),女性60代,1992,
最も好きなお酒(単一回答),ウィスキー,年代別(女性),女性60代,1994,
最も好きなお酒(単一回答),ウィスキー,年代別(女性),女性60代,1996,
最も好きなお酒(単一回答),ウィスキー,年代別(女性),女性60代,1998,
最も好きなお酒(単一回答),ウィスキー,年代別(女性),女性60代,2000,
最も好きなお酒(単一回答),ウィスキー,年代別(女性),女性60代,2002,
最も好きなお酒(単一回答),ウィスキー,年代別(女性),女性60代,2004,
最も好きなお酒(単一回答),ウィスキー,年代別(女性),女性60代,2006,
最も好きなお酒(単一回答),ウィスキー,年代別(女性),女性60代,2008,
最も好きなお酒(単一回答),ウィスキー,年代別(女性),女性60代,2010,
最も好きなお酒(単一回答),ウィスキー,年代別(女性),女性60代,2012,
最も好きなお酒(単一回答),ウィスキー,年代別(女性),女性60代,2014,
最も好きなお酒(単一回答),ウィスキー,年代別(女性),女性60代,2016,0.6
最も好きなお酒(単一回答),ウィスキー,年代別(女性),女性60代,2018,2.6
最も好きなお酒(単一回答),ウィスキー,年代別(女性),女性60代,2020,0.8
最も好きなお酒(単一回答),ウィスキー,年代別(女性),女性60代,2022,0.7
最も好きなお酒(単一回答),ウィスキー,年代別(女性),女性60代,2024,0.9
最も好きなお酒(単一回答),ウィスキー,地域別,首都圏,1992,
最も好きなお酒(単一回答),ウィスキー,地域別,首都圏,1994,
最も好きなお酒(単一回答),ウィスキー,地域別,首都圏,1996,
最も好きなお酒(単一回答),ウィスキー,地域別,首都圏,1998,
最も好きなお酒(単一回答),ウィスキー,地域別,首都圏,2000,
最も好きなお酒(単一回答),ウィスキー,地域別,首都圏,2002,
最も好きなお酒(単一回答),ウィスキー,地域別,首都圏,2004,
最も好きなお酒(単一回答),ウィスキー,地域別,首都圏,2006,
最も好きなお酒(単一回答),ウィスキー,地域別,首都圏,2008,
最も好きなお酒(単一回答),ウィスキー,地域別,首都圏,2010,
最も好きなお酒(単一回答),ウィスキー,地域別,首都圏,2012,
最も好きなお酒(単一回答),ウィスキー,地域別,首都圏,2014,
最も好きなお酒(単一回答),ウィスキー,地域別,首都圏,2016,2.9
最も好きなお酒(単一回答),ウィスキー,地域別,首都圏,2018,2.5
最も好きなお酒(単一回答),ウィスキー,地域別,首都圏,2020,2.8
最も好きなお酒(単一回答),ウィスキー,地域別,首都圏,2022,2.7
最も好きなお酒(単一回答),ウィスキー,地域別,首都圏,2024,3.7
最も好きなお酒(単一回答),ウィスキー,地域別,阪神圏,1992,
最も好きなお酒(単一回答),ウィスキー,地域別,阪神圏,1994,
最も好きなお酒(単一回答),ウィスキー,地域別,阪神圏,1996,
最も好きなお酒(単一回答),ウィスキー,地域別,阪神圏,1998,
最も好きなお酒(単一回答),ウィスキー,地域別,阪神圏,2000,
最も好きなお酒(単一回答),ウィスキー,地域別,阪神圏,2002,
最も好きなお酒(単一回答),ウィスキー,地域別,阪神圏,2004,
最も好きなお酒(単一回答),ウィスキー,地域別,阪神圏,2006,
最も好きなお酒(単一回答),ウィスキー,地域別,阪神圏,2008,
最も好きなお酒(単一回答),ウィスキー,地域別,阪神圏,2010,
最も好きなお酒(単一回答),ウィスキー,地域別,阪神圏,2012,
最も好きなお酒(単一回答),ウィスキー,地域別,阪神圏,2014,
最も好きなお酒(単一回答),ウィスキー,地域別,阪神圏,2016,2.8
最も好きなお酒(単一回答),ウィスキー,地域別,阪神圏,2018,3.4
最も好きなお酒(単一回答),ウィスキー,地域別,阪神圏,2020,2.9
最も好きなお酒(単一回答),ウィスキー,地域別,阪神圏,2022,2.5
最も好きなお酒(単一回答),ウィスキー,地域別,阪神圏,2024,2.7
最も好きなお酒(単一回答),ブランデー,全体,全体,1992,
最も好きなお酒(単一回答),ブランデー,全体,全体,1994,
最も好きなお酒(単一回答),ブランデー,全体,全体,1996,
最も好きなお酒(単一回答),ブランデー,全体,全体,1998,
最も好きなお酒(単一回答),ブランデー,全体,全体,2000,
最も好きなお酒(単一回答),ブランデー,全体,全体,2002,
最も好きなお酒(単一回答),ブランデー,全体,全体,2004,
最も好きなお酒(単一回答),ブランデー,全体,全体,2006,
最も好きなお酒(単一回答),ブランデー,全体,全体,2008,
最も好きなお酒(単一回答),ブランデー,全体,全体,2010,
最も好きなお酒(単一回答),ブランデー,全体,全体,2012,
最も好きなお酒(単一回答),ブランデー,全体,全体,2014,
最も好きなお酒(単一回答),ブランデー,全体,全体,2016,0.3
最も好きなお酒(単一回答),ブランデー,全体,全体,2018,0.6
最も好きなお酒(単一回答),ブランデー,全体,全体,2020,0.5
最も好きなお酒(単一回答),ブランデー,全体,全体,2022,0.6
最も好きなお酒(単一回答),ブランデー,全体,全体,2024,0.4
最も好きなお酒(単一回答),ブランデー,男女別,男性,1992,
最も好きなお酒(単一回答),ブランデー,男女別,男性,1994,
最も好きなお酒(単一回答),ブランデー,男女別,男性,1996,
最も好きなお酒(単一回答),ブランデー,男女別,男性,1998,
最も好きなお酒(単一回答),ブランデー,男女別,男性,2000,
最も好きなお酒(単一回答),ブランデー,男女別,男性,2002,
最も好きなお酒(単一回答),ブランデー,男女別,男性,2004,
最も好きなお酒(単一回答),ブランデー,男女別,男性,2006,
最も好きなお酒(単一回答),ブランデー,男女別,男性,2008,
最も好きなお酒(単一回答),ブランデー,男女別,男性,2010,
最も好きなお酒(単一回答),ブランデー,男女別,男性,2012,
最も好きなお酒(単一回答),ブランデー,男女別,男性,2014,
最も好きなお酒(単一回答),ブランデー,男女別,男性,2016,0.4
最も好きなお酒(単一回答),ブランデー,男女別,男性,2018,0.7
最も好きなお酒(単一回答),ブランデー,男女別,男性,2020,0.4
最も好きなお酒(単一回答),ブランデー,男女別,男性,2022,0.5
最も好きなお酒(単一回答),ブランデー,男女別,男性,2024,0.5
最も好きなお酒(単一回答),ブランデー,男女別,女性,1992,
最も好きなお酒(単一回答),ブランデー,男女別,女性,1994,
最も好きなお酒(単一回答),ブランデー,男女別,女性,1996,
最も好きなお酒(単一回答),ブランデー,男女別,女性,1998,
最も好きなお酒(単一回答),ブランデー,男女別,女性,2000,
最も好きなお酒(単一回答),ブランデー,男女別,女性,2002,
最も好きなお酒(単一回答),ブランデー,男女別,女性,2004,
最も好きなお酒(単一回答),ブランデー,男女別,女性,2006,
最も好きなお酒(単一回答),ブランデー,男女別,女性,2008,
最も好きなお酒(単一回答),ブランデー,男女別,女性,2010,
最も好きなお酒(単一回答),ブランデー,男女別,女性,2012,
最も好きなお酒(単一回答),ブランデー,男女別,女性,2014,
最も好きなお酒(単一回答),ブランデー,男女別,女性,2016,0.1
最も好きなお酒(単一回答),ブランデー,男女別,女性,2018,0.6
最も好きなお酒(単一回答),ブランデー,男女別,女性,2020,0.5
最も好きなお酒(単一回答),ブランデー,男女別,女性,2022,0.7
最も好きなお酒(単一回答),ブランデー,男女別,女性,2024,0.1
最も好きなお酒(単一回答),ブランデー,年代別,20代,1992,
最も好きなお酒(単一回答),ブランデー,年代別,20代,1994,
最も好きなお酒(単一回答),ブランデー,年代別,20代,1996,
最も好きなお酒(単一回答),ブランデー,年代別,20代,1998,
最も好きなお酒(単一回答),ブランデー,年代別,20代,2000,
最も好きなお酒(単一回答),ブランデー,年代別,20代,2002,
最も好きなお酒(単一回答),ブランデー,年代別,20代,2004,
最も好きなお酒(単一回答),ブランデー,年代別,20代,2006,
最も好きなお酒(単一回答),ブランデー,年代別,20代,2008,
最も好きなお酒(単一回答),ブランデー,年代別,20代,2010,
最も好きなお酒(単一回答),ブランデー,年代別,20代,2012,
最も好きなお酒(単一回答),ブランデー,年代別,20代,2014,
最も好きなお酒(単一回答),ブランデー,年代別,20代,2016,0.0
最も好きなお酒(単一回答),ブランデー,年代別,20代,2018,0.0
最も好きなお酒(単一回答),ブランデー,年代別,20代,2020,0.0
最も好きなお酒(単一回答),ブランデー,年代別,20代,2022,0.0
最も好きなお酒(単一回答),ブランデー,年代別,20代,2024,0.4
最も好きなお酒(単一回答),ブランデー,年代別,30代,1992,
最も好きなお酒(単一回答),ブランデー,年代別,30代,1994,
最も好きなお酒(単一回答),ブランデー,年代別,30代,1996,
最も好きなお酒(単一回答),ブランデー,年代別,30代,1998,
最も好きなお酒(単一回答),ブランデー,年代別,30代,2000,
最も好きなお酒(単一回答),ブランデー,年代別,30代,2002,
最も好きなお酒(単一回答),ブランデー,年代別,30代,2004,
最も好きなお酒(単一回答),ブランデー,年代別,30代,2006,
最も好きなお酒(単一回答),ブランデー,年代別,30代,2008,
最も好きなお酒(単一回答),ブランデー,年代別,30代,2010,
最も好きなお酒(単一回答),ブランデー,年代別,30代,2012,
最も好きなお酒(単一回答),ブランデー,年代別,30代,2014,
最も好きなお酒(単一回答),ブランデー,年代別,30代,2016,0.2
最も好きなお酒(単一回答),ブランデー,年代別,30代,2018,0.2
最も好きなお酒(単一回答),ブランデー,年代別,30代,2020,0.0
最も好きなお酒(単一回答),ブランデー,年代別,30代,2022,0.8
最も好きなお酒(単一回答),ブランデー,年代別,30代,2024,0.7
最も好きなお酒(単一回答),ブランデー,年代別,40代,1992,
最も好きなお酒(単一回答),ブランデー,年代別,40代,1994,
最も好きなお酒(単一回答),ブランデー,年代別,40代,1996,
最も好きなお酒(単一回答),ブランデー,年代別,40代,1998,
最も好きなお酒(単一回答),ブランデー,年代別,40代,2000,
最も好きなお酒(単一回答),ブランデー,年代別,40代,2002,
最も好きなお酒(単一回答),ブランデー,年代別,40代,2004,
最も好きなお酒(単一回答),ブランデー,年代別,40代,2006,
最も好きなお酒(単一回答),ブランデー,年代別,40代,2008,
最も好きなお酒(単一回答),ブランデー,年代別,40代,2010,
最も好きなお酒(単一回答),ブランデー,年代別,40代,2012,
最も好きなお酒(単一回答),ブランデー,年代別,40代,2014,
最も好きなお酒(単一回答),ブランデー,年代別,40代,2016,0.2
最も好きなお酒(単一回答),ブランデー,年代別,40代,2018,0.4
最も好きなお酒(単一回答),ブランデー,年代別,40代,2020,0.4
最も好きなお酒(単一回答),ブランデー,年代別,40代,2022,0.2
最も好きなお酒(単一回答),ブランデー,年代別,40代,2024,0.3
最も好きなお酒(単一回答),ブランデー,年代別,50代,1992,
最も好きなお酒(単一回答),ブランデー,年代別,50代,1994,
最も好きなお酒(単一回答),ブランデー,年代別,50代,1996,
最も好きなお酒(単一回答),ブランデー,年代別,50代,1998,
最も好きなお酒(単一回答),ブランデー,年代別,50代,2000,
最も好きなお酒(単一回答),ブランデー,年代別,50代,2002,
最も好きなお酒(単一回答),ブランデー,年代別,50代,2004,
最も好きなお酒(単一回答),ブランデー,年代別,50代,2006,
最も好きなお酒(単一回答),ブランデー,年代別,50代,2008,
最も好きなお酒(単一回答),ブランデー,年代別,50代,2010,
最も好きなお酒(単一回答),ブランデー,年代別,50代,2012,
最も好きなお酒(単一回答),ブランデー,年代別,50代,2014,
最も好きなお酒(単一回答),ブランデー,年代別,50代,2016,0.5
最も好きなお酒(単一回答),ブランデー,年代別,50代,2018,0.7
最も好きなお酒(単一回答),ブランデー,年代別,50代,2020,0.5
最も好きなお酒(単一回答),ブランデー,年代別,50代,2022,0.6
最も好きなお酒(単一回答),ブランデー,年代別,50代,2024,0.5
最も好きなお酒(単一回答),ブランデー,年代別,60代,1992,
最も好きなお酒(単一回答),ブランデー,年代別,60代,1994,
最も好きなお酒(単一回答),ブランデー,年代別,60代,1996,
最も好きなお酒(単一回答),ブランデー,年代別,60代,1998,
最も好きなお酒(単一回答),ブランデー,年代別,60代,2000,
最も好きなお酒(単一回答),ブランデー,年代別,60代,2002,
最も好きなお酒(単一回答),ブランデー,年代別,60代,2004,
最も好きなお酒(単一回答),ブランデー,年代別,60代,2006,
最も好きなお酒(単一回答),ブランデー,年代別,60代,2008,
最も好きなお酒(単一回答),ブランデー,年代別,60代,2010,
最も好きなお酒(単一回答),ブランデー,年代別,60代,2012,
最も好きなお酒(単一回答),ブランデー,年代別,60代,2014,
最も好きなお酒(単一回答),ブランデー,年代別,60代,2016,0.5
最も好きなお酒(単一回答),ブランデー,年代別,60代,2018,1.9
最も好きなお酒(単一回答),ブランデー,年代別,60代,2020,1.4
最も好きなお酒(単一回答),ブランデー,年代別,60代,2022,1.4
最も好きなお酒(単一回答),ブランデー,年代別,60代,2024,0.0
最も好きなお酒(単一回答),ブランデー,年代別(男性),男性20代,1992,
最も好きなお酒(単一回答),ブランデー,年代別(男性),男性20代,1994,
最も好きなお酒(単一回答),ブランデー,年代別(男性),男性20代,1996,
最も好きなお酒(単一回答),ブランデー,年代別(男性),男性20代,1998,
最も好きなお酒(単一回答),ブランデー,年代別(男性),男性20代,2000,
最も好きなお酒(単一回答),ブランデー,年代別(男性),男性20代,2002,
最も好きなお酒(単一回答),ブランデー,年代別(男性),男性20代,2004,
最も好きなお酒(単一回答),ブランデー,年代別(男性),男性20代,2006,
最も好きなお酒(単一回答),ブランデー,年代別(男性),男性20代,2008,
最も好きなお酒(単一回答),ブランデー,年代別(男性),男性20代,2010,
最も好きなお酒(単一回答),ブランデー,年代別(男性),男性20代,2012,
最も好きなお酒(単一回答),ブランデー,年代別(男性),男性20代,2014,
最も好きなお酒(単一回答),ブランデー,年代別(男性),男性20代,2016,0.0
最も好きなお酒(単一回答),ブランデー,年代別(男性),男性20代,2018,0.0
最も好きなお酒(単一回答),ブランデー,年代別(男性),男性20代,2020,0.0
最も好きなお酒(単一回答),ブランデー,年代別(男性),男性20代,2022,0.0
最も好きなお酒(単一回答),ブランデー,年代別(男性),男性20代,2024,0.6
最も好きなお酒(単一回答),ブランデー,年代別(男性),男性30代,1992,
最も好きなお酒(単一回答),ブランデー,年代別(男性),男性30代,1994,
最も好きなお酒(単一回答),ブランデー,年代別(男性),男性30代,1996,
最も好きなお酒(単一回答),ブランデー,年代別(男性),男性30代,1998,
最も好きなお酒(単一回答),ブランデー,年代別(男性),男性30代,2000,
最も好きなお酒(単一回答),ブランデー,年代別(男性),男性30代,2002,
最も好きなお酒(単一回答),ブランデー,年代別(男性),男性30代,2004,
最も好きなお酒(単一回答),ブランデー,年代別(男性),男性30代,2006,
最も好きなお酒(単一回答),ブランデー,年代別(男性),男性30代,2008,
最も好きなお酒(単一回答),ブランデー,年代別(男性),男性30代,2010,
最も好きなお酒(単一回答),ブランデー,年代別(男性),男性30代,2012,
最も好きなお酒(単一回答),ブランデー,年代別(男性),男性30代,2014,
最も好きなお酒(単一回答),ブランデー,年代別(男性),男性30代,2016,0.4
最も好きなお酒(単一回答),ブランデー,年代別(男性),男性30代,2018,0.4
最も好きなお酒(単一回答),ブランデー,年代別(男性),男性30代,2020,0.0
最も好きなお酒(単一回答),ブランデー,年代別(男性),男性30代,2022,0.5
最も好きなお酒(単一回答),ブランデー,年代別(男性),男性30代,2024,1.2
最も好きなお酒(単一回答),ブランデー,年代別(男性),男性40代,1992,
最も好きなお酒(単一回答),ブランデー,年代別(男性),男性40代,1994,
最も好きなお酒(単一回答),ブランデー,年代別(男性),男性40代,1996,
最も好きなお酒(単一回答),ブランデー,年代別(男性),男性40代,1998,
最も好きなお酒(単一回答),ブランデー,年代別(男性),男性40代,2000,
最も好きなお酒(単一回答),ブランデー,年代別(男性),男性40代,2002,
最も好きなお酒(単一回答),ブランデー,年代別(男性),男性40代,2004,
最も好きなお酒(単一回答),ブランデー,年代別(男性),男性40代,2006,
最も好きなお酒(単一回答),ブランデー,年代別(男性),男性40代,2008,
最も好きなお酒(単一回答),ブランデー,年代別(男性),男性40代,2010,
最も好きなお酒(単一回答),ブランデー,年代別(男性),男性40代,2012,
最も好きなお酒(単一回答),ブランデー,年代別(男性),男性40代,2014,
最も好きなお酒(単一回答),ブランデー,年代別(男性),男性40代,2016,0.3
最も好きなお酒(単一回答),ブランデー,年代別(男性),男性40代,2018,0.3
最も好きなお酒(単一回答),ブランデー,年代別(男性),男性40代,2020,0.4
最も好きなお酒(単一回答),ブランデー,年代別(男性),男性40代,2022,0.0
最も好きなお酒(単一回答),ブランデー,年代別(男性),男性40代,2024,0.0
最も好きなお酒(単一回答),ブランデー,年代別(男性),男性50代,1992,
最も好きなお酒(単一回答),ブランデー,年代別(男性),男性50代,1994,
最も好きなお酒(単一回答),ブランデー,年代別(男性),男性50代,1996,
最も好きなお酒(単一回答),ブランデー,年代別(男性),男性50代,1998,
最も好きなお酒(単一回答),ブランデー,年代別(男性),男性50代,2000,
最も好きなお酒(単一回答),ブランデー,年代別(男性),男性50代,2002,
最も好きなお酒(単一回答),ブランデー,年代別(男性),男性50代,2004,
最も好きなお酒(単一回答),ブランデー,年代別(男性),男性50代,2006,
最も好きなお酒(単一回答),ブランデー,年代別(男性),男性50代,2008,
最も好きなお酒(単一回答),ブランデー,年代別(男性),男性50代,2010,
最も好きなお酒(単一回答),ブランデー,年代別(男性),男性50代,2012,
最も好きなお酒(単一回答),ブランデー,年代別(男性),男性50代,2014,
最も好きなお酒(単一回答),ブランデー,年代別(男性),男性50代,2016,0.8
最も好きなお酒(単一回答),ブランデー,年代別(男性),男性50代,2018,0.4
最も好きなお酒(単一回答),ブランデー,年代別(男性),男性50代,2020,0.0
最も好きなお酒(単一回答),ブランデー,年代別(男性),男性50代,2022,0.4
最も好きなお酒(単一回答),ブランデー,年代別(男性),男性50代,2024,0.8
最も好きなお酒(単一回答),ブランデー,年代別(男性),男性60代,1992,
最も好きなお酒(単一回答),ブランデー,年代別(男性),男性60代,1994,
最も好きなお酒(単一回答),ブランデー,年代別(男性),男性60代,1996,
最も好きなお酒(単一回答),ブランデー,年代別(男性),男性60代,1998,
最も好きなお酒(単一回答),ブランデー,年代別(男性),男性60代,2000,
最も好きなお酒(単一回答),ブランデー,年代別(男性),男性60代,2002,
最も好きなお酒(単一回答),ブランデー,年代別(男性),男性60代,2004,
最も好きなお酒(単一回答),ブランデー,年代別(男性),男性60代,2006,
最も好きなお酒(単一回答),ブランデー,年代別(男性),男性60代,2008,
最も好きなお酒(単一回答),ブランデー,年代別(男性),男性60代,2010,
最も好きなお酒(単一回答),ブランデー,年代別(男性),男性60代,2012,
最も好きなお酒(単一回答),ブランデー,年代別(男性),男性60代,2014,
最も好きなお酒(単一回答),ブランデー,年代別(男性),男性60代,2016,0.4
最も好きなお酒(単一回答),ブランデー,年代別(男性),男性60代,2018,2.4
最も好きなお酒(単一回答),ブランデー,年代別(男性),男性60代,2020,1.9
最も好きなお酒(単一回答),ブランデー,年代別(男性),男性60代,2022,2.0
最も好きなお酒(単一回答),ブランデー,年代別(男性),男性60代,2024,0.0
最も好きなお酒(単一回答),ブランデー,年代別(女性),女性20代,1992,
最も好きなお酒(単一回答),ブランデー,年代別(女性),女性20代,1994,
最も好きなお酒(単一回答),ブランデー,年代別(女性),女性20代,1996,
最も好きなお酒(単一回答),ブランデー,年代別(女性),女性20代,1998,
最も好きなお酒(単一回答),ブランデー,年代別(女性),女性20代,2000,
最も好きなお酒(単一回答),ブランデー,年代別(女性),女性20代,2002,
最も好きなお酒(単一回答),ブランデー,年代別(女性),女性20代,2004,
最も好きなお酒(単一回答),ブランデー,年代別(女性),女性20代,2006,
最も好きなお酒(単一回答),ブランデー,年代別(女性),女性20代,2008,
最も好きなお酒(単一回答),ブランデー,年代別(女性),女性20代,2010,
最も好きなお酒(単一回答),ブランデー,年代別(女性),女性20代,2012,
最も好きなお酒(単一回答),ブランデー,年代別(女性),女性20代,2014,
最も好きなお酒(単一回答),ブランデー,年代別(女性),女性20代,2016,0.0
最も好きなお酒(単一回答),ブランデー,年代別(女性),女性20代,2018,0.0
最も好きなお酒(単一回答),ブランデー,年代別(女性),女性20代,2020,0.0
最も好きなお酒(単一回答),ブランデー,年代別(女性),女性20代,2022,0.0
最も好きなお酒(単一回答),ブランデー,年代別(女性),女性20代,2024,0.0
最も好きなお酒(単一回答),ブランデー,年代別(女性),女性30代,1992,
最も好きなお酒(単一回答),ブランデー,年代別(女性),女性30代,1994,
最も好きなお酒(単一回答),ブランデー,年代別(女性),女性30代,1996,
最も好きなお酒(単一回答),ブランデー,年代別(女性),女性30代,1998,
最も好きなお酒(単一回答),ブランデー,年代別(女性),女性30代,2000,
最も好きなお酒(単一回答),ブランデー,年代別(女性),女性30代,2002,
最も好きなお酒(単一回答),ブランデー,年代別(女性),女性30代,2004,
最も好きなお酒(単一回答),ブランデー,年代別(女性),女性30代,2006,
最も好きなお酒(単一回答),ブランデー,年代別(女性),女性30代,2008,
最も好きなお酒(単一回答),ブランデー,年代別(女性),女性30代,2010,
最も好きなお酒(単一回答),ブランデー,年代別(女性),女性30代,2012,
最も好きなお酒(単一回答),ブランデー,年代別(女性),女性30代,2014,
最も好きなお酒(単一回答),ブランデー,年代別(女性),女性30代,2016,0.0
最も好きなお酒(単一回答),ブランデー,年代別(女性),女性30代,2018,0.0
最も好きなお酒(単一回答),ブランデー,年代別(女性),女性30代,2020,0.0
最も好きなお酒(単一回答),ブランデー,年代別(女性),女性30代,2022,1.2
最も好きなお酒(単一回答),ブランデー,年代別(女性),女性30代,2024,0.0
最も好きなお酒(単一回答),ブランデー,年代別(女性),女性40代,1992,
最も好きなお酒(単一回答),ブランデー,年代別(女性),女性40代,1994,
最も好きなお酒(単一回答),ブランデー,年代別(女性),女性40代,1996,
最も好きなお酒(単一回答),ブランデー,年代別(女性),女性40代,1998,
最も好きなお酒(単一回答),ブランデー,年代別(女性),女性40代,2000,
最も好きなお酒(単一回答),ブランデー,年代別(女性),女性40代,2002,
最も好きなお酒(単一回答),ブランデー,年代別(女性),女性40代,2004,
最も好きなお酒(単一回答),ブランデー,年代別(女性),女性40代,2006,
最も好きなお酒(単一回答),ブランデー,年代別(女性),女性40代,2008,
最も好きなお酒(単一回答),ブランデー,年代別(女性),女性40代,2010,
最も好きなお酒(単一回答),ブランデー,年代別(女性),女性40代,2012,
最も好きなお酒(単一回答),ブランデー,年代別(女性),女性40代,2014,
最も好きなお酒(単一回答),ブランデー,年代別(女性),女性40代,2016,0.0
最も好きなお酒(単一回答),ブランデー,年代別(女性),女性40代,2018,0.4
最も好きなお酒(単一回答),ブランデー,年代別(女性),女性40代,2020,0.5
最も好きなお酒(単一回答),ブランデー,年代別(女性),女性40代,2022,0.4
最も好きなお酒(単一回答),ブランデー,年代別(女性),女性40代,2024,0.6
最も好きなお酒(単一回答),ブランデー,年代別(女性),女性50代,1992,
最も好きなお酒(単一回答),ブランデー,年代別(女性),女性50代,1994,
最も好きなお酒(単一回答),ブランデー,年代別(女性),女性50代,1996,
最も好きなお酒(単一回答),ブランデー,年代別(女性),女性50代,1998,
最も好きなお酒(単一回答),ブランデー,年代別(女性),女性50代,2000,
最も好きなお酒(単一回答),ブランデー,年代別(女性),女性50代,2002,
最も好きなお酒(単一回答),ブランデー,年代別(女性),女性50代,2004,
最も好きなお酒(単一回答),ブランデー,年代別(女性),女性50代,2006,
最も好きなお酒(単一回答),ブランデー,年代別(女性),女性50代,2008,
最も好きなお酒(単一回答),ブランデー,年代別(女性),女性50代,2010,
最も好きなお酒(単一回答),ブランデー,年代別(女性),女性50代,2012,
最も好きなお酒(単一回答),ブランデー,年代別(女性),女性50代,2014,
最も好きなお酒(単一回答),ブランデー,年代別(女性),女性50代,2016,0.0
最も好きなお酒(単一回答),ブランデー,年代別(女性),女性50代,2018,1.1
最も好きなお酒(単一回答),ブランデー,年代別(女性),女性50代,2020,1.1
最も好きなお酒(単一回答),ブランデー,年代別(女性),女性50代,2022,0.9
最も好きなお酒(単一回答),ブランデー,年代別(女性),女性50代,2024,0.0
最も好きなお酒(単一回答),ブランデー,年代別(女性),女性60代,1992,
最も好きなお酒(単一回答),ブランデー,年代別(女性),女性60代,1994,
最も好きなお酒(単一回答),ブランデー,年代別(女性),女性60代,1996,
最も好きなお酒(単一回答),ブランデー,年代別(女性),女性60代,1998,
最も好きなお酒(単一回答),ブランデー,年代別(女性),女性60代,2000,
最も好きなお酒(単一回答),ブランデー,年代別(女性),女性60代,2002,
最も好きなお酒(単一回答),ブランデー,年代別(女性),女性60代,2004,
最も好きなお酒(単一回答),ブランデー,年代別(女性),女性60代,2006,
最も好きなお酒(単一回答),ブランデー,年代別(女性),女性60代,2008,
最も好きなお酒(単一回答),ブランデー,年代別(女性),女性60代,2010,
最も好きなお酒(単一回答),ブランデー,年代別(女性),女性60代,2012,
最も好きなお酒(単一回答),ブランデー,年代別(女性),女性60代,2014,
最も好きなお酒(単一回答),ブランデー,年代別(女性),女性60代,2016,0.6
最も好きなお酒(単一回答),ブランデー,年代別(女性),女性60代,2018,1.3
最も好きなお酒(単一回答),ブランデー,年代別(女性),女性60代,2020,0.8
最も好きなお酒(単一回答),ブランデー,年代別(女性),女性60代,2022,0.7
最も好きなお酒(単一回答),ブランデー,年代別(女性),女性60代,2024,0.0
最も好きなお酒(単一回答),ブランデー,地域別,首都圏,1992,
最も好きなお酒(単一回答),ブランデー,地域別,首都圏,1994,
最も好きなお酒(単一回答),ブランデー,地域別,首都圏,1996,
最も好きなお酒(単一回答),ブランデー,地域別,首都圏,1998,
最も好きなお酒(単一回答),ブランデー,地域別,首都圏,2000,
最も好きなお酒(単一回答),ブランデー,地域別,首都圏,2002,
最も好きなお酒(単一回答),ブランデー,地域別,首都圏,2004,
最も好きなお酒(単一回答),ブランデー,地域別,首都圏,2006,
最も好きなお酒(単一回答),ブランデー,地域別,首都圏,2008,
最も好きなお酒(単一回答),ブランデー,地域別,首都圏,2010,
最も好きなお酒(単一回答),ブランデー,地域別,首都圏,2012,
最も好きなお酒(単一回答),ブランデー,地域別,首都圏,2014,
最も好きなお酒(単一回答),ブランデー,地域別,首都圏,2016,0.2
最も好きなお酒(単一回答),ブランデー,地域別,首都圏,2018,0.4
最も好きなお酒(単一回答),ブランデー,地域別,首都圏,2020,0.5
最も好きなお酒(単一回答),ブランデー,地域別,首都圏,2022,0.5
最も好きなお酒(単一回答),ブランデー,地域別,首都圏,2024,0.5
最も好きなお酒(単一回答),ブランデー,地域別,阪神圏,1992,
最も好きなお酒(単一回答),ブランデー,地域別,阪神圏,1994,
最も好きなお酒(単一回答),ブランデー,地域別,阪神圏,1996,
最も好きなお酒(単一回答),ブランデー,地域別,阪神圏,1998,
最も好きなお酒(単一回答),ブランデー,地域別,阪神圏,2000,
最も好きなお酒(単一回答),ブランデー,地域別,阪神圏,2002,
最も好きなお酒(単一回答),ブランデー,地域別,阪神圏,2004,
最も好きなお酒(単一回答),ブランデー,地域別,阪神圏,2006,
最も好きなお酒(単一回答),ブランデー,地域別,阪神圏,2008,
最も好きなお酒(単一回答),ブランデー,地域別,阪神圏,2010,
最も好きなお酒(単一回答),ブランデー,地域別,阪神圏,2012,
最も好きなお酒(単一回答),ブランデー,地域別,阪神圏,2014,
最も好きなお酒(単一回答),ブランデー,地域別,阪神圏,2016,0.3
最も好きなお酒(単一回答),ブランデー,地域別,阪神圏,2018,1.2
最も好きなお酒(単一回答),ブランデー,地域別,阪神圏,2020,0.4
最も好きなお酒(単一回答),ブランデー,地域別,阪神圏,2022,0.9
最も好きなお酒(単一回答),ブランデー,地域別,阪神圏,2024,0.0
最も好きなお酒(単一回答),ワイン,全体,全体,1992,
最も好きなお酒(単一回答),ワイン,全体,全体,1994,
最も好きなお酒(単一回答),ワイン,全体,全体,1996,
最も好きなお酒(単一回答),ワイン,全体,全体,1998,
最も好きなお酒(単一回答),ワイン,全体,全体,2000,
最も好きなお酒(単一回答),ワイン,全体,全体,2002,
最も好きなお酒(単一回答),ワイン,全体,全体,2004,
最も好きなお酒(単一回答),ワイン,全体,全体,2006,
最も好きなお酒(単一回答),ワイン,全体,全体,2008,
最も好きなお酒(単一回答),ワイン,全体,全体,2010,
最も好きなお酒(単一回答),ワイン,全体,全体,2012,
最も好きなお酒(単一回答),ワイン,全体,全体,2014,
最も好きなお酒(単一回答),ワイン,全体,全体,2016,7.7
最も好きなお酒(単一回答),ワイン,全体,全体,2018,8.4
最も好きなお酒(単一回答),ワイン,全体,全体,2020,8.5
最も好きなお酒(単一回答),ワイン,全体,全体,2022,7.7
最も好きなお酒(単一回答),ワイン,全体,全体,2024,6.6
最も好きなお酒(単一回答),ワイン,男女別,男性,1992,
最も好きなお酒(単一回答),ワイン,男女別,男性,1994,
最も好きなお酒(単一回答),ワイン,男女別,男性,1996,
最も好きなお酒(単一回答),ワイン,男女別,男性,1998,
最も好きなお酒(単一回答),ワイン,男女別,男性,2000,
最も好きなお酒(単一回答),ワイン,男女別,男性,2002,
最も好きなお酒(単一回答),ワイン,男女別,男性,2004,
最も好きなお酒(単一回答),ワイン,男女別,男性,2006,
最も好きなお酒(単一回答),ワイン,男女別,男性,2008,
最も好きなお酒(単一回答),ワイン,男女別,男性,2010,
最も好きなお酒(単一回答),ワイン,男女別,男性,2012,
最も好きなお酒(単一回答),ワイン,男女別,男性,2014,
最も好きなお酒(単一回答),ワイン,男女別,男性,2016,4.4
最も好きなお酒(単一回答),ワイン,男女別,男性,2018,5.4
最も好きなお酒(単一回答),ワイン,男女別,男性,2020,5.5
最も好きなお酒(単一回答),ワイン,男女別,男性,2022,5.0
最も好きなお酒(単一回答),ワイン,男女別,男性,2024,3.8
最も好きなお酒(単一回答),ワイン,男女別,女性,1992,
最も好きなお酒(単一回答),ワイン,男女別,女性,1994,
最も好きなお酒(単一回答),ワイン,男女別,女性,1996,
最も好きなお酒(単一回答),ワイン,男女別,女性,1998,
最も好きなお酒(単一回答),ワイン,男女別,女性,2000,
最も好きなお酒(単一回答),ワイン,男女別,女性,2002,
最も好きなお酒(単一回答),ワイン,男女別,女性,2004,
最も好きなお酒(単一回答),ワイン,男女別,女性,2006,
最も好きなお酒(単一回答),ワイン,男女別,女性,2008,
最も好きなお酒(単一回答),ワイン,男女別,女性,2010,
最も好きなお酒(単一回答),ワイン,男女別,女性,2012,
最も好きなお酒(単一回答),ワイン,男女別,女性,2014,
最も好きなお酒(単一回答),ワイン,男女別,女性,2016,12.2
最も好きなお酒(単一回答),ワイン,男女別,女性,2018,12.2
最も好きなお酒(単一回答),ワイン,男女別,女性,2020,12.1
最も好きなお酒(単一回答),ワイン,男女別,女性,2022,11.1
最も好きなお酒(単一回答),ワイン,男女別,女性,2024,10.2
最も好きなお酒(単一回答),ワイン,年代別,20代,1992,
最も好きなお酒(単一回答),ワイン,年代別,20代,1994,
最も好きなお酒(単一回答),ワイン,年代別,20代,1996,
最も好きなお酒(単一回答),ワイン,年代別,20代,1998,
最も好きなお酒(単一回答),ワイン,年代別,20代,2000,
最も好きなお酒(単一回答),ワイン,年代別,20代,2002,
最も好きなお酒(単一回答),ワイン,年代別,20代,2004,
最も好きなお酒(単一回答),ワイン,年代別,20代,2006,
最も好きなお酒(単一回答),ワイン,年代別,20代,2008,
最も好きなお酒(単一回答),ワイン,年代別,20代,2010,
最も好きなお酒(単一回答),ワイン,年代別,20代,2012,
最も好きなお酒(単一回答),ワイン,年代別,20代,2014,
最も好きなお酒(単一回答),ワイン,年代別,20代,2016,4.8
最も好きなお酒(単一回答),ワイン,年代別,20代,2018,3.8
最も好きなお酒(単一回答),ワイン,年代別,20代,2020,3.4
最も好きなお酒(単一回答),ワイン,年代別,20代,2022,5.2
最も好きなお酒(単一回答),ワイン,年代別,20代,2024,2.1
最も好きなお酒(単一回答),ワイン,年代別,30代,1992,
最も好きなお酒(単一回答),ワイン,年代別,30代,1994,
最も好きなお酒(単一回答),ワイン,年代別,30代,1996,
最も好きなお酒(単一回答),ワイン,年代別,30代,1998,
最も好きなお酒(単一回答),ワイン,年代別,30代,2000,
最も好きなお酒(単一回答),ワイン,年代別,30代,2002,
最も好きなお酒(単一回答),ワイン,年代別,30代,2004,
最も好きなお酒(単一回答),ワイン,年代別,30代,2006,
最も好きなお酒(単一回答),ワイン,年代別,30代,2008,
最も好きなお酒(単一回答),ワイン,年代別,30代,2010,
最も好きなお酒(単一回答),ワイン,年代別,30代,2012,
最も好きなお酒(単一回答),ワイン,年代別,30代,2014,
最も好きなお酒(単一回答),ワイン,年代別,30代,2016,7.2
最も好きなお酒(単一回答),ワイン,年代別,30代,2018,6.5
最も好きなお酒(単一回答),ワイン,年代別,30代,2020,7.4
最も好きなお酒(単一回答),ワイン,年代別,30代,2022,8.7
最も好きなお酒(単一回答),ワイン,年代別,30代,2024,4.0
最も好きなお酒(単一回答),ワイン,年代別,40代,1992,
最も好きなお酒(単一回答),ワイン,年代別,40代,1994,
最も好きなお酒(単一回答),ワイン,年代別,40代,1996,
最も好きなお酒(単一回答),ワイン,年代別,40代,1998,
最も好きなお酒(単一回答),ワイン,年代別,40代,2000,
最も好きなお酒(単一回答),ワイン,年代別,40代,2002,
最も好きなお酒(単一回答),ワイン,年代別,40代,2004,
最も好きなお酒(単一回答),ワイン,年代別,40代,2006,
最も好きなお酒(単一回答),ワイン,年代別,40代,2008,
最も好きなお酒(単一回答),ワイン,年代別,40代,2010,
最も好きなお酒(単一回答),ワイン,年代別,40代,2012,
最も好きなお酒(単一回答),ワイン,年代別,40代,2014,
最も好きなお酒(単一回答),ワイン,年代別,40代,2016,8.4
最も好きなお酒(単一回答),ワイン,年代別,40代,2018,10.0
最も好きなお酒(単一回答),ワイン,年代別,40代,2020,9.3
最も好きなお酒(単一回答),ワイン,年代別,40代,2022,7.8
最も好きなお酒(単一回答),ワイン,年代別,40代,2024,8.4
最も好きなお酒(単一回答),ワイン,年代別,50代,1992,
最も好きなお酒(単一回答),ワイン,年代別,50代,1994,
最も好きなお酒(単一回答),ワイン,年代別,50代,1996,
最も好きなお酒(単一回答),ワイン,年代別,50代,1998,
最も好きなお酒(単一回答),ワイン,年代別,50代,2000,
最も好きなお酒(単一回答),ワイン,年代別,50代,2002,
最も好きなお酒(単一回答),ワイン,年代別,50代,2004,
最も好きなお酒(単一回答),ワイン,年代別,50代,2006,
最も好きなお酒(単一回答),ワイン,年代別,50代,2008,
最も好きなお酒(単一回答),ワイン,年代別,50代,2010,
最も好きなお酒(単一回答),ワイン,年代別,50代,2012,
最も好きなお酒(単一回答),ワイン,年代別,50代,2014,
最も好きなお酒(単一回答),ワイン,年代別,50代,2016,9.5
最も好きなお酒(単一回答),ワイン,年代別,50代,2018,10.3
最も好きなお酒(単一回答),ワイン,年代別,50代,2020,10.4
最も好きなお酒(単一回答),ワイン,年代別,50代,2022,8.4
最も好きなお酒(単一回答),ワイン,年代別,50代,2024,6.2
最も好きなお酒(単一回答),ワイン,年代別,60代,1992,
最も好きなお酒(単一回答),ワイン,年代別,60代,1994,
最も好きなお酒(単一回答),ワイン,年代別,60代,1996,
最も好きなお酒(単一回答),ワイン,年代別,60代,1998,
最も好きなお酒(単一回答),ワイン,年代別,60代,2000,
最も好きなお酒(単一回答),ワイン,年代別,60代,2002,
最も好きなお酒(単一回答),ワイン,年代別,60代,2004,
最も好きなお酒(単一回答),ワイン,年代別,60代,2006,
最も好きなお酒(単一回答),ワイン,年代別,60代,2008,
最も好きなお酒(単一回答),ワイン,年代別,60代,2010,
最も好きなお酒(単一回答),ワイン,年代別,60代,2012,
最も好きなお酒(単一回答),ワイン,年代別,60代,2014,
最も好きなお酒(単一回答),ワイン,年代別,60代,2016,7.9
最も好きなお酒(単一回答),ワイン,年代別,60代,2018,10.3
最も好きなお酒(単一回答),ワイン,年代別,60代,2020,10.6
最も好きなお酒(単一回答),ワイン,年代別,60代,2022,7.7
最も好きなお酒(単一回答),ワイン,年代別,60代,2024,12.2
最も好きなお酒(単一回答),ワイン,年代別(男性),男性20代,1992,
最も好きなお酒(単一回答),ワイン,年代別(男性),男性20代,1994,
最も好きなお酒(単一回答),ワイン,年代別(男性),男性20代,1996,
最も好きなお酒(単一回答),ワイン,年代別(男性),男性20代,1998,
最も好きなお酒(単一回答),ワイン,年代別(男性),男性20代,2000,
最も好きなお酒(単一回答),ワイン,年代別(男性),男性20代,2002,
最も好きなお酒(単一回答),ワイン,年代別(男性),男性20代,2004,
最も好きなお酒(単一回答),ワイン,年代別(男性),男性20代,2006,
最も好きなお酒(単一回答),ワイン,年代別(男性),男性20代,2008,
最も好きなお酒(単一回答),ワイン,年代別(男性),男性20代,2010,
最も好きなお酒(単一回答),ワイン,年代別(男性),男性20代,2012,
最も好きなお酒(単一回答),ワイン,年代別(男性),男性20代,2014,
最も好きなお酒(単一回答),ワイン,年代別(男性),男性20代,2016,3.8
最も好きなお酒(単一回答),ワイン,年代別(男性),男性20代,2018,2.7
最も好きなお酒(単一回答),ワイン,年代別(男性),男性20代,2020,3.1
最も好きなお酒(単一回答),ワイン,年代別(男性),男性20代,2022,4.4
最も好きなお酒(単一回答),ワイン,年代別(男性),男性20代,2024,3.9
最も好きなお酒(単一回答),ワイン,年代別(男性),男性30代,1992,
最も好きなお酒(単一回答),ワイン,年代別(男性),男性30代,1994,
最も好きなお酒(単一回答),ワイン,年代別(男性),男性30代,1996,
最も好きなお酒(単一回答),ワイン,年代別(男性),男性30代,1998,
最も好きなお酒(単一回答),ワイン,年代別(男性),男性30代,2000,
最も好きなお酒(単一回答),ワイン,年代別(男性),男性30代,2002,
最も好きなお酒(単一回答),ワイン,年代別(男性),男性30代,2004,
最も好きなお酒(単一回答),ワイン,年代別(男性),男性30代,2006,
最も好きなお酒(単一回答),ワイン,年代別(男性),男性30代,2008,
最も好きなお酒(単一回答),ワイン,年代別(男性),男性30代,2010,
最も好きなお酒(単一回答),ワイン,年代別(男性),男性30代,2012,
最も好きなお酒(単一回答),ワイン,年代別(男性),男性30代,2014,
最も好きなお酒(単一回答),ワイン,年代別(男性),男性30代,2016,4.0
最も好きなお酒(単一回答),ワイン,年代別(男性),男性30代,2018,3.4
最も好きなお酒(単一回答),ワイン,年代別(男性),男性30代,2020,2.3
最も好きなお酒(単一回答),ワイン,年代別(男性),男性30代,2022,3.8
最も好きなお酒(単一回答),ワイン,年代別(男性),男性30代,2024,0.6
最も好きなお酒(単一回答),ワイン,年代別(男性),男性40代,1992,
最も好きなお酒(単一回答),ワイン,年代別(男性),男性40代,1994,
最も好きなお酒(単一回答),ワイン,年代別(男性),男性40代,1996,
最も好きなお酒(単一回答),ワイン,年代別(男性),男性40代,1998,
最も好きなお酒(単一回答),ワイン,年代別(男性),男性40代,2000,
最も好きなお酒(単一回答),ワイン,年代別(男性),男性40代,2002,
最も好きなお酒(単一回答),ワイン,年代別(男性),男性40代,2004,
最も好きなお酒(単一回答),ワイン,年代別(男性),男性40代,2006,
最も好きなお酒(単一回答),ワイン,年代別(男性),男性40代,2008,
最も好きなお酒(単一回答),ワイン,年代別(男性),男性40代,2010,
最も好きなお酒(単一回答),ワイン,年代別(男性),男性40代,2012,
最も好きなお酒(単一回答),ワイン,年代別(男性),男性40代,2014,
最も好きなお酒(単一回答),ワイン,年代別(男性),男性40代,2016,4.7
最も好きなお酒(単一回答),ワイン,年代別(男性),男性40代,2018,5.7
最も好きなお酒(単一回答),ワイン,年代別(男性),男性40代,2020,6.3
最も好きなお酒(単一回答),ワイン,年代別(男性),男性40代,2022,5.2
最も好きなお酒(単一回答),ワイン,年代別(男性),男性40代,2024,5.6
最も好きなお酒(単一回答),ワイン,年代別(男性),男性50代,1992,
最も好きなお酒(単一回答),ワイン,年代別(男性),男性50代,1994,
最も好きなお酒(単一回答),ワイン,年代別(男性),男性50代,1996,
最も好きなお酒(単一回答),ワイン,年代別(男性),男性50代,1998,
最も好きなお酒(単一回答),ワイン,年代別(男性),男性50代,2000,
最も好きなお酒(単一回答),ワイン,年代別(男性),男性50代,2002,
最も好きなお酒(単一回答),ワイン,年代別(男性),男性50代,2004,
最も好きなお酒(単一回答),ワイン,年代別(男性),男性50代,2006,
最も好きなお酒(単一回答),ワイン,年代別(男性),男性50代,2008,
最も好きなお酒(単一回答),ワイン,年代別(男性),男性50代,2010,
最も好きなお酒(単一回答),ワイン,年代別(男性),男性50代,2012,
最も好きなお酒(単一回答),ワイン,年代別(男性),男性50代,2014,
最も好きなお酒(単一回答),ワイン,年代別(男性),男性50代,2016,6.5
最も好きなお酒(単一回答),ワイン,年代別(男性),男性50代,2018,9.4
最も好きなお酒(単一回答),ワイン,年代別(男性),男性50代,2020,8.1
最も好きなお酒(単一回答),ワイン,年代別(男性),男性50代,2022,5.6
最も好きなお酒(単一回答),ワイン,年代別(男性),男性50代,2024,2.5
最も好きなお酒(単一回答),ワイン,年代別(男性),男性60代,1992,
最も好きなお酒(単一回答),ワイン,年代別(男性),男性60代,1994,
最も好きなお酒(単一回答),ワイン,年代別(男性),男性60代,1996,
最も好きなお酒(単一回答),ワイン,年代別(男性),男性60代,1998,
最も好きなお酒(単一回答),ワイン,年代別(男性),男性60代,2000,
最も好きなお酒(単一回答),ワイン,年代別(男性),男性60代,2002,
最も好きなお酒(単一回答),ワイン,年代別(男性),男性60代,2004,
最も好きなお酒(単一回答),ワイン,年代別(男性),男性60代,2006,
最も好きなお酒(単一回答),ワイン,年代別(男性),男性60代,2008,
最も好きなお酒(単一回答),ワイン,年代別(男性),男性60代,2010,
最も好きなお酒(単一回答),ワイン,年代別(男性),男性60代,2012,
最も好きなお酒(単一回答),ワイン,年代別(男性),男性60代,2014,
最も好きなお酒(単一回答),ワイン,年代別(男性),男性60代,2016,2.8
最も好きなお酒(単一回答),ワイン,年代別(男性),男性60代,2018,5.3
最も好きなお酒(単一回答),ワイン,年代別(男性),男性60代,2020,6.8
最も好きなお酒(単一回答),ワイン,年代別(男性),男性60代,2022,5.4
最も好きなお酒(単一回答),ワイン,年代別(男性),男性60代,2024,6.4
最も好きなお酒(単一回答),ワイン,年代別(女性),女性20代,1992,
最も好きなお酒(単一回答),ワイン,年代別(女性),女性20代,1994,
最も好きなお酒(単一回答),ワイン,年代別(女性),女性20代,1996,
最も好きなお酒(単一回答),ワイン,年代別(女性),女性20代,1998,
最も好きなお酒(単一回答),ワイン,年代別(女性),女性20代,2000,
最も好きなお酒(単一回答),ワイン,年代別(女性),女性20代,2002,
最も好きなお酒(単一回答),ワイン,年代別(女性),女性20代,2004,
最も好きなお酒(単一回答),ワイン,年代別(女性),女性20代,2006,
最も好きなお酒(単一回答),ワイン,年代別(女性),女性20代,2008,
最も好きなお酒(単一回答),ワイン,年代別(女性),女性20代,2010,
最も好きなお酒(単一回答),ワイン,年代別(女性),女性20代,2012,
最も好きなお酒(単一回答),ワイン,年代別(女性),女性20代,2014,
最も好きなお酒(単一回答),ワイン,年代別(女性),女性20代,2016,6.0
最も好きなお酒(単一回答),ワイン,年代別(女性),女性20代,2018,5.0
最も好きなお酒(単一回答),ワイン,年代別(女性),女性20代,2020,3.8
最も好きなお酒(単一回答),ワイン,年代別(女性),女性20代,2022,6.1
最も好きなお酒(単一回答),ワイン,年代別(女性),女性20代,2024,0.0
最も好きなお酒(単一回答),ワイン,年代別(女性),女性30代,1992,
最も好きなお酒(単一回答),ワイン,年代別(女性),女性30代,1994,
最も好きなお酒(単一回答),ワイン,年代別(女性),女性30代,1996,
最も好きなお酒(単一回答),ワイン,年代別(女性),女性30代,1998,
最も好きなお酒(単一回答),ワイン,年代別(女性),女性30代,2000,
最も好きなお酒(単一回答),ワイン,年代別(女性),女性30代,2002,
最も好きなお酒(単一回答),ワイン,年代別(女性),女性30代,2004,
最も好きなお酒(単一回答),ワイン,年代別(女性),女性30代,2006,
最も好きなお酒(単一回答),ワイン,年代別(女性),女性30代,2008,
最も好きなお酒(単一回答),ワイン,年代別(女性),女性30代,2010,
最も好きなお酒(単一回答),ワイン,年代別(女性),女性30代,2012,
最も好きなお酒(単一回答),ワイン,年代別(女性),女性30代,2014,
最も好きなお酒(単一回答),ワイン,年代別(女性),女性30代,2016,11.5
最も好きなお酒(単一回答),ワイン,年代別(女性),女性30代,2018,10.6
最も好きなお酒(単一回答),ワイン,年代別(女性),女性30代,2020,14.1
最も好きなお酒(単一回答),ワイン,年代別(女性),女性30代,2022,14.6
最も好きなお酒(単一回答),ワイン,年代別(女性),女性30代,2024,8.0
最も好きなお酒(単一回答),ワイン,年代別(女性),女性40代,1992,
最も好きなお酒(単一回答),ワイン,年代別(女性),女性40代,1994,
最も好きなお酒(単一回答),ワイン,年代別(女性),女性40代,1996,
最も好きなお酒(単一回答),ワイン,年代別(女性),女性40代,1998,
最も好きなお酒(単一回答),ワイン,年代別(女性),女性40代,2000,
最も好きなお酒(単一回答),ワイン,年代別(女性),女性40代,2002,
最も好きなお酒(単一回答),ワイン,年代別(女性),女性40代,2004,
最も好きなお酒(単一回答),ワイン,年代別(女性),女性40代,2006,
最も好きなお酒(単一回答),ワイン,年代別(女性),女性40代,2008,
最も好きなお酒(単一回答),ワイン,年代別(女性),女性40代,2010,
最も好きなお酒(単一回答),ワイン,年代別(女性),女性40代,2012,
最も好きなお酒(単一回答),ワイン,年代別(女性),女性40代,2014,
最も好きなお酒(単一回答),ワイン,年代別(女性),女性40代,2016,13.1
最も好きなお酒(単一回答),ワイン,年代別(女性),女性40代,2018,15.4
最も好きなお酒(単一回答),ワイン,年代別(女性),女性40代,2020,13.1
最も好きなお酒(単一回答),ワイン,年代別(女性),女性40代,2022,11.1
最も好きなお酒(単一回答),ワイン,年代別(女性),女性40代,2024,11.8
最も好きなお酒(単一回答),ワイン,年代別(女性),女性50代,1992,
最も好きなお酒(単一回答),ワイン,年代別(女性),女性50代,1994,
最も好きなお酒(単一回答),ワイン,年代別(女性),女性50代,1996,
最も好きなお酒(単一回答),ワイン,年代別(女性),女性50代,1998,
最も好きなお酒(単一回答),ワイン,年代別(女性),女性50代,2000,
最も好きなお酒(単一回答),ワイン,年代別(女性),女性50代,2002,
最も好きなお酒(単一回答),ワイン,年代別(女性),女性50代,2004,
最も好きなお酒(単一回答),ワイン,年代別(女性),女性50代,2006,
最も好きなお酒(単一回答),ワイン,年代別(女性),女性50代,2008,
最も好きなお酒(単一回答),ワイン,年代別(女性),女性50代,2010,
最も好きなお酒(単一回答),ワイン,年代別(女性),女性50代,2012,
最も好きなお酒(単一回答),ワイン,年代別(女性),女性50代,2014,
最も好きなお酒(単一回答),ワイン,年代別(女性),女性50代,2016,13.9
最も好きなお酒(単一回答),ワイン,年代別(女性),女性50代,2018,11.4
最も好きなお酒(単一回答),ワイン,年代別(女性),女性50代,2020,13.3
最も好きなお酒(単一回答),ワイン,年代別(女性),女性50代,2022,12.2
最も好きなお酒(単一回答),ワイン,年代別(女性),女性50代,2024,11.0
最も好きなお酒(単一回答),ワイン,年代別(女性),女性60代,1992,
最も好きなお酒(単一回答),ワイン,年代別(女性),女性60代,1994,
最も好きなお酒(単一回答),ワイン,年代別(女性),女性60代,1996,
最も好きなお酒(単一回答),ワイン,年代別(女性),女性60代,1998,
最も好きなお酒(単一回答),ワイン,年代別(女性),女性60代,2000,
最も好きなお酒(単一回答),ワイン,年代別(女性),女性60代,2002,
最も好きなお酒(単一回答),ワイン,年代別(女性),女性60代,2004,
最も好きなお酒(単一回答),ワイン,年代別(女性),女性60代,2006,
最も好きなお酒(単一回答),ワイン,年代別(女性),女性60代,2008,
最も好きなお酒(単一回答),ワイン,年代別(女性),女性60代,2010,
最も好きなお酒(単一回答),ワイン,年代別(女性),女性60代,2012,
最も好きなお酒(単一回答),ワイン,年代別(女性),女性60代,2014,
最も好きなお酒(単一回答),ワイン,年代別(女性),女性60代,2016,16.1
最も好きなお酒(単一回答),ワイン,年代別(女性),女性60代,2018,17.2
最も好きなお酒(単一回答),ワイン,年代別(女性),女性60代,2020,15.3
最も好きなお酒(単一回答),ワイン,年代別(女性),女性60代,2022,11.0
最も好きなお酒(単一回答),ワイン,年代別(女性),女性60代,2024,20.2
最も好きなお酒(単一回答),ワイン,地域別,首都圏,1992,
最も好きなお酒(単一回答),ワイン,地域別,首都圏,1994,
最も好きなお酒(単一回答),ワイン,地域別,首都圏,1996,
最も好きなお酒(単一回答),ワイン,地域別,首都圏,1998,
最も好きなお酒(単一回答),ワイン,地域別,首都圏,2000,
最も好きなお酒(単一回答),ワイン,地域別,首都圏,2002,
最も好きなお酒(単一回答),ワイン,地域別,首都圏,2004,
最も好きなお酒(単一回答),ワイン,地域別,首都圏,2006,
最も好きなお酒(単一回答),ワイン,地域別,首都圏,2008,
最も好きなお酒(単一回答),ワイン,地域別,首都圏,2010,
最も好きなお酒(単一回答),ワイン,地域別,首都圏,2012,
最も好きなお酒(単一回答),ワイン,地域別,首都圏,2014,
最も好きなお酒(単一回答),ワイン,地域別,首都圏,2016,8.9
最も好きなお酒(単一回答),ワイン,地域別,首都圏,2018,9.9
最も好きなお酒(単一回答),ワイン,地域別,首都圏,2020,9.5
最も好きなお酒(単一回答),ワイン,地域別,首都圏,2022,8.5
最も好きなお酒(単一回答),ワイン,地域別,首都圏,2024,6.6
最も好きなお酒(単一回答),ワイン,地域別,阪神圏,1992,
最も好きなお酒(単一回答),ワイン,地域別,阪神圏,1994,
最も好きなお酒(単一回答),ワイン,地域別,阪神圏,1996,
最も好きなお酒(単一回答),ワイン,地域別,阪神圏,1998,
最も好きなお酒(単一回答),ワイン,地域別,阪神圏,2000,
最も好きなお酒(単一回答),ワイン,地域別,阪神圏,2002,
最も好きなお酒(単一回答),ワイン,地域別,阪神圏,2004,
最も好きなお酒(単一回答),ワイン,地域別,阪神圏,2006,
最も好きなお酒(単一回答),ワイン,地域別,阪神圏,2008,
最も好きなお酒(単一回答),ワイン,地域別,阪神圏,2010,
最も好きなお酒(単一回答),ワイン,地域別,阪神圏,2012,
最も好きなお酒(単一回答),ワイン,地域別,阪神圏,2014,
最も好きなお酒(単一回答),ワイン,地域別,阪神圏,2016,4.3
最も好きなお酒(単一回答),ワイン,地域別,阪神圏,2018,4.5
最も好きなお酒(単一回答),ワイン,地域別,阪神圏,2020,5.9
最も好きなお酒(単一回答),ワイン,地域別,阪神圏,2022,5.2
最も好きなお酒(単一回答),ワイン,地域別,阪神圏,2024,6.5
最も好きなお酒(単一回答),日本酒,全体,全体,1992,
最も好きなお酒(単一回答),日本酒,全体,全体,1994,
最も好きなお酒(単一回答),日本酒,全体,全体,1996,
最も好きなお酒(単一回答),日本酒,全体,全体,1998,
最も好きなお酒(単一回答),日本酒,全体,全体,2000,
最も好きなお酒(単一回答),日本酒,全体,全体,2002,
最も好きなお酒(単一回答),日本酒,全体,全体,2004,
最も好きなお酒(単一回答),日本酒,全体,全体,2006,
最も好きなお酒(単一回答),日本酒,全体,全体,2008,
最も好きなお酒(単一回答),日本酒,全体,全体,2010,
最も好きなお酒(単一回答),日本酒,全体,全体,2012,
最も好きなお酒(単一回答),日本酒,全体,全体,2014,
最も好きなお酒(単一回答),日本酒,全体,全体,2016,10.1
最も好きなお酒(単一回答),日本酒,全体,全体,2018,8.6
最も好きなお酒(単一回答),日本酒,全体,全体,2020,8.5
最も好きなお酒(単一回答),日本酒,全体,全体,2022,7.2
最も好きなお酒(単一回答),日本酒,全体,全体,2024,7.1
最も好きなお酒(単一回答),日本酒,男女別,男性,1992,
最も好きなお酒(単一回答),日本酒,男女別,男性,1994,
最も好きなお酒(単一回答),日本酒,男女別,男性,1996,
最も好きなお酒(単一回答),日本酒,男女別,男性,1998,
最も好きなお酒(単一回答),日本酒,男女別,男性,2000,
最も好きなお酒(単一回答),日本酒,男女別,男性,2002,
最も好きなお酒(単一回答),日本酒,男女別,男性,2004,
最も好きなお酒(単一回答),日本酒,男女別,男性,2006,
最も好きなお酒(単一回答),日本酒,男女別,男性,2008,
最も好きなお酒(単一回答),日本酒,男女別,男性,2010,
最も好きなお酒(単一回答),日本酒,男女別,男性,2012,
最も好きなお酒(単一回答),日本酒,男女別,男性,2014,
最も好きなお酒(単一回答),日本酒,男女別,男性,2016,12.3
最も好きなお酒(単一回答),日本酒,男女別,男性,2018,10.8
最も好きなお酒(単一回答),日本酒,男女別,男性,2020,10.2
最も好きなお酒(単一回答),日本酒,男女別,男性,2022,8.0
最も好きなお酒(単一回答),日本酒,男女別,男性,2024,8.4
最も好きなお酒(単一回答),日本酒,男女別,女性,1992,
最も好きなお酒(単一回答),日本酒,男女別,女性,1994,
最も好きなお酒(単一回答),日本酒,男女別,女性,1996,
最も好きなお酒(単一回答),日本酒,男女別,女性,1998,
最も好きなお酒(単一回答),日本酒,男女別,女性,2000,
最も好きなお酒(単一回答),日本酒,男女別,女性,2002,
最も好きなお酒(単一回答),日本酒,男女別,女性,2004,
最も好きなお酒(単一回答),日本酒,男女別,女性,2006,
最も好きなお酒(単一回答),日本酒,男女別,女性,2008,
最も好きなお酒(単一回答),日本酒,男女別,女性,2010,
最も好きなお酒(単一回答),日本酒,男女別,女性,2012,
最も好きなお酒(単一回答),日本酒,男女別,女性,2014,
最も好きなお酒(単一回答),日本酒,男女別,女性,2016,7.1
最も好きなお酒(単一回答),日本酒,男女別,女性,2018,5.7
最も好きなお酒(単一回答),日本酒,男女別,女性,2020,6.4
最も好きなお酒(単一回答),日本酒,男女別,女性,2022,6.2
最も好きなお酒(単一回答),日本酒,男女別,女性,2024,5.4
最も好きなお酒(単一回答),日本酒,年代別,20代,1992,
最も好きなお酒(単一回答),日本酒,年代別,20代,1994,
最も好きなお酒(単一回答),日本酒,年代別,20代,1996,
最も好きなお酒(単一回答),日本酒,年代別,20代,1998,
最も好きなお酒(単一回答),日本酒,年代別,20代,2000,
最も好きなお酒(単一回答),日本酒,年代別,20代,2002,
最も好きなお酒(単一回答),日本酒,年代別,20代,2004,
最も好きなお酒(単一回答),日本酒,年代別,20代,2006,
最も好きなお酒(単一回答),日本酒,年代別,20代,2008,
最も好きなお酒(単一回答),日本酒,年代別,20代,2010,
最も好きなお酒(単一回答),日本酒,年代別,20代,2012,
最も好きなお酒(単一回答),日本酒,年代別,20代,2014,
最も好きなお酒(単一回答),日本酒,年代別,20代,2016,5.7
最も好きなお酒(単一回答),日本酒,年代別,20代,2018,8.2
最も好きなお酒(単一回答),日本酒,年代別,20代,2020,5.1
最も好きなお酒(単一回答),日本酒,年代別,20代,2022,4.6
最も好きなお酒(単一回答),日本酒,年代別,20代,2024,5.7
最も好きなお酒(単一回答),日本酒,年代別,30代,1992,
最も好きなお酒(単一回答),日本酒,年代別,30代,1994,
最も好きなお酒(単一回答),日本酒,年代別,30代,1996,
最も好きなお酒(単一回答),日本酒,年代別,30代,1998,
最も好きなお酒(単一回答),日本酒,年代別,30代,2000,
最も好きなお酒(単一回答),日本酒,年代別,30代,2002,
最も好きなお酒(単一回答),日本酒,年代別,30代,2004,
最も好きなお酒(単一回答),日本酒,年代別,30代,2006,
最も好きなお酒(単一回答),日本酒,年代別,30代,2008,
最も好きなお酒(単一回答),日本酒,年代別,30代,2010,
最も好きなお酒(単一回答),日本酒,年代別,30代,2012,
最も好きなお酒(単一回答),日本酒,年代別,30代,2014,
最も好きなお酒(単一回答),日本酒,年代別,30代,2016,8.4
最も好きなお酒(単一回答),日本酒,年代別,30代,2018,7.7
最も好きなお酒(単一回答),日本酒,年代別,30代,2020,10.3
最も好きなお酒(単一回答),日本酒,年代別,30代,2022,5.2
最も好きなお酒(単一回答),日本酒,年代別,30代,2024,7.0
最も好きなお酒(単一回答),日本酒,年代別,40代,1992,
最も好きなお酒(単一回答),日本酒,年代別,40代,1994,
最も好きなお酒(単一回答),日本酒,年代別,40代,1996,
最も好きなお酒(単一回答),日本酒,年代別,40代,1998,
最も好きなお酒(単一回答),日本酒,年代別,40代,2000,
最も好きなお酒(単一回答),日本酒,年代別,40代,2002,
最も好きなお酒(単一回答),日本酒,年代別,40代,2004,
最も好きなお酒(単一回答),日本酒,年代別,40代,2006,
最も好きなお酒(単一回答),日本酒,年代別,40代,2008,
最も好きなお酒(単一回答),日本酒,年代別,40代,2010,
最も好きなお酒(単一回答),日本酒,年代別,40代,2012,
最も好きなお酒(単一回答),日本酒,年代別,40代,2014,
最も好きなお酒(単一回答),日本酒,年代別,40代,2016,5.9
最も好きなお酒(単一回答),日本酒,年代別,40代,2018,6.5
最も好きなお酒(単一回答),日本酒,年代別,40代,2020,6.5
最も好きなお酒(単一回答),日本酒,年代別,40代,2022,8.3
最も好きなお酒(単一回答),日本酒,年代別,40代,2024,6.0
最も好きなお酒(単一回答),日本酒,年代別,50代,1992,
最も好きなお酒(単一回答),日本酒,年代別,50代,1994,
最も好きなお酒(単一回答),日本酒,年代別,50代,1996,
最も好きなお酒(単一回答),日本酒,年代別,50代,1998,
最も好きなお酒(単一回答),日本酒,年代別,50代,2000,
最も好きなお酒(単一回答),日本酒,年代別,50代,2002,
最も好きなお酒(単一回答),日本酒,年代別,50代,2004,
最も好きなお酒(単一回答),日本酒,年代別,50代,2006,
最も好きなお酒(単一回答),日本酒,年代別,50代,2008,
最も好きなお酒(単一回答),日本酒,年代別,50代,2010,
最も好きなお酒(単一回答),日本酒,年代別,50代,2012,
最も好きなお酒(単一回答),日本酒,年代別,50代,2014,
最も好きなお酒(単一回答),日本酒,年代別,50代,2016,11.2
最も好きなお酒(単一回答),日本酒,年代別,50代,2018,8.1
最も好きなお酒(単一回答),日本酒,年代別,50代,2020,7.5
最も好きなお酒(単一回答),日本酒,年代別,50代,2022,7.6
最も好きなお酒(単一回答),日本酒,年代別,50代,2024,6.2
最も好きなお酒(単一回答),日本酒,年代別,60代,1992,
最も好きなお酒(単一回答),日本酒,年代別,60代,1994,
最も好きなお酒(単一回答),日本酒,年代別,60代,1996,
最も好きなお酒(単一回答),日本酒,年代別,60代,1998,
最も好きなお酒(単一回答),日本酒,年代別,60代,2000,
最も好きなお酒(単一回答),日本酒,年代別,60代,2002,
最も好きなお酒(単一回答),日本酒,年代別,60代,2004,
最も好きなお酒(単一回答),日本酒,年代別,60代,2006,
最も好きなお酒(単一回答),日本酒,年代別,60代,2008,
最も好きなお酒(単一回答),日本酒,年代別,60代,2010,
最も好きなお酒(単一回答),日本酒,年代別,60代,2012,
最も好きなお酒(単一回答),日本酒,年代別,60代,2014,
最も好きなお酒(単一回答),日本酒,年代別,60代,2016,20.4
最も好きなお酒(単一回答),日本酒,年代別,60代,2018,13.9
最も好きなお酒(単一回答),日本酒,年代別,60代,2020,14.3
最も好きなお酒(単一回答),日本酒,年代別,60代,2022,9.7
最も好きなお酒(単一回答),日本酒,年代別,60代,2024,11.4
最も好きなお酒(単一回答),日本酒,年代別(男性),男性20代,1992,
最も好きなお酒(単一回答),日本酒,年代別(男性),男性20代,1994,
最も好きなお酒(単一回答),日本酒,年代別(男性),男性20代,1996,
最も好きなお酒(単一回答),日本酒,年代別(男性),男性20代,1998,
最も好きなお酒(単一回答),日本酒,年代別(男性),男性20代,2000,
最も好きなお酒(単一回答),日本酒,年代別(男性),男性20代,2002,
最も好きなお酒(単一回答),日本酒,年代別(男性),男性20代,2004,
最も好きなお酒(単一回答),日本酒,年代別(男性),男性20代,2006,
最も好きなお酒(単一回答),日本酒,年代別(男性),男性20代,2008,
最も好きなお酒(単一回答),日本酒,年代別(男性),男性20代,2010,
最も好きなお酒(単一回答),日本酒,年代別(男性),男性20代,2012,
最も好きなお酒(単一回答),日本酒,年代別(男性),男性20代,2014,
最も好きなお酒(単一回答),日本酒,年代別(男性),男性20代,2016,7.0
最も好きなお酒(単一回答),日本酒,年代別(男性),男性20代,2018,10.9
最も好きなお酒(単一回答),日本酒,年代別(男性),男性20代,2020,5.6
最も好きなお酒(単一回答),日本酒,年代別(男性),男性20代,2022,5.5
最も好きなお酒(単一回答),日本酒,年代別(男性),男性20代,2024,4.5
最も好きなお酒(単一回答),日本酒,年代別(男性),男性30代,1992,
最も好きなお酒(単一回答),日本酒,年代別(男性),男性30代,1994,
最も好きなお酒(単一回答),日本酒,年代別(男性),男性30代,1996,
最も好きなお酒(単一回答),日本酒,年代別(男性),男性30代,1998,
最も好きなお酒(単一回答),日本酒,年代別(男性),男性30代,2000,
最も好きなお酒(単一回答),日本酒,年代別(男性),男性30代,2002,
最も好きなお酒(単一回答),日本酒,年代別(男性),男性30代,2004,
最も好きなお酒(単一回答),日本酒,年代別(男性),男性30代,2006,
最も好きなお酒(単一回答),日本酒,年代別(男性),男性30代,2008,
最も好きなお酒(単一回答),日本酒,年代別(男性),男性30代,2010,
最も好きなお酒(単一回答),日本酒,年代別(男性),男性30代,2012,
最も好きなお酒(単一回答),日本酒,年代別(男性),男性30代,2014,
最も好きなお酒(単一回答),日本酒,年代別(男性),男性30代,2016,11.1
最も好きなお酒(単一回答),日本酒,年代別(男性),男性30代,2018,10.3
最も好きなお酒(単一回答),日本酒,年代別(男性),男性30代,2020,12.0
最も好きなお酒(単一回答),日本酒,年代別(男性),男性30代,2022,5.7
最も好きなお酒(単一回答),日本酒,年代別(男性),男性30代,2024,7.3
最も好きなお酒(単一回答),日本酒,年代別(男性),男性40代,1992,
最も好きなお酒(単一回答),日本酒,年代別(男性),男性40代,1994,
最も好きなお酒(単一回答),日本酒,年代別(男性),男性40代,1996,
最も好きなお酒(単一回答),日本酒,年代別(男性),男性40代,1998,
最も好きなお酒(単一回答),日本酒,年代別(男性),男性40代,2000,
最も好きなお酒(単一回答),日本酒,年代別(男性),男性40代,2002,
最も好きなお酒(単一回答),日本酒,年代別(男性),男性40代,2004,
最も好きなお酒(単一回答),日本酒,年代別(男性),男性40代,2006,
最も好きなお酒(単一回答),日本酒,年代別(男性),男性40代,2008,
最も好きなお酒(単一回答),日本酒,年代別(男性),男性40代,2010,
最も好きなお酒(単一回答),日本酒,年代別(男性),男性40代,2012,
最も好きなお酒(単一回答),日本酒,年代別(男性),男性40代,2014,
最も好きなお酒(単一回答),日本酒,年代別(男性),男性40代,2016,7.5
最も好きなお酒(単一回答),日本酒,年代別(男性),男性40代,2018,8.9
最も好きなお酒(単一回答),日本酒,年代別(男性),男性40代,2020,7.5
最も好きなお酒(単一回答),日本酒,年代別(男性),男性40代,2022,9.7
最も好きなお酒(単一回答),日本酒,年代別(男性),男性40代,2024,7.5
最も好きなお酒(単一回答),日本酒,年代別(男性),男性50代,1992,
最も好きなお酒(単一回答),日本酒,年代別(男性),男性50代,1994,
最も好きなお酒(単一回答),日本酒,年代別(男性),男性50代,1996,
最も好きなお酒(単一回答),日本酒,年代別(男性),男性50代,1998,
最も好きなお酒(単一回答),日本酒,年代別(男性),男性50代,2000,
最も好きなお酒(単一回答),日本酒,年代別(男性),男性50代,2002,
最も好きなお酒(単一回答),日本酒,年代別(男性),男性50代,2004,
最も好きなお酒(単一回答),日本酒,年代別(男性),男性50代,2006,
最も好きなお酒(単一回答),日本酒,年代別(男性),男性50代,2008,
最も好きなお酒(単一回答),日本酒,年代別(男性),男性50代,2010,
最も好きなお酒(単一回答),日本酒,年代別(男性),男性50代,2012,
最も好きなお酒(単一回答),日本酒,年代別(男性),男性50代,2014,
最も好きなお酒(単一回答),日本酒,年代別(男性),男性50代,2016,13.0
最も好きなお酒(単一回答),日本酒,年代別(男性),男性50代,2018,8.5
最も好きなお酒(単一回答),日本酒,年代別(男性),男性50代,2020,9.9
最も好きなお酒(単一回答),日本酒,年代別(男性),男性50代,2022,6.7
最も好きなお酒(単一回答),日本酒,年代別(男性),男性50代,2024,8.1
最も好きなお酒(単一回答),日本酒,年代別(男性),男性60代,1992,
最も好きなお酒(単一回答),日本酒,年代別(男性),男性60代,1994,
最も好きなお酒(単一回答),日本酒,年代別(男性),男性60代,1996,
最も好きなお酒(単一回答),日本酒,年代別(男性),男性60代,1998,
最も好きなお酒(単一回答),日本酒,年代別(男性),男性60代,2000,
最も好きなお酒(単一回答),日本酒,年代別(男性),男性60代,2002,
最も好きなお酒(単一回答),日本酒,年代別(男性),男性60代,2004,
最も好きなお酒(単一回答),日本酒,年代別(男性),男性60代,2006,
最も好きなお酒(単一回答),日本酒,年代別(男性),男性60代,2008,
最も好きなお酒(単一回答),日本酒,年代別(男性),男性60代,2010,
最も好きなお酒(単一回答),日本酒,年代別(男性),男性60代,2012,
最も好きなお酒(単一回答),日本酒,年代別(男性),男性60代,2014,
最も好きなお酒(単一回答),日本酒,年代別(男性),男性60代,2016,22.6
最も好きなお酒(単一回答),日本酒,年代別(男性),男性60代,2018,16.7
最も好きなお酒(単一回答),日本酒,年代別(男性),男性60代,2020,17.3
最も好きなお酒(単一回答),日本酒,年代別(男性),男性60代,2022,12.3
最も好きなお酒(単一回答),日本酒,年代別(男性),男性60代,2024,15.3
最も好きなお酒(単一回答),日本酒,年代別(女性),女性20代,1992,
最も好きなお酒(単一回答),日本酒,年代別(女性),女性20代,1994,
最も好きなお酒(単一回答),日本酒,年代別(女性),女性20代,1996,
最も好きなお酒(単一回答),日本酒,年代別(女性),女性20代,1998,
最も好きなお酒(単一回答),日本酒,年代別(女性),女性20代,2000,
最も好きなお酒(単一回答),日本酒,年代別(女性),女性20代,2002,
最も好きなお酒(単一回答),日本酒,年代別(女性),女性20代,2004,
最も好きなお酒(単一回答),日本酒,年代別(女性),女性20代,2006,
最も好きなお酒(単一回答),日本酒,年代別(女性),女性20代,2008,
最も好きなお酒(単一回答),日本酒,年代別(女性),女性20代,2010,
最も好きなお酒(単一回答),日本酒,年代別(女性),女性20代,2012,
最も好きなお酒(単一回答),日本酒,年代別(女性),女性20代,2014,
最も好きなお酒(単一回答),日本酒,年代別(女性),女性20代,2016,4.2
最も好きなお酒(単一回答),日本酒,年代別(女性),女性20代,2018,5.0
最も好きなお酒(単一回答),日本酒,年代別(女性),女性20代,2020,4.5
最も好きなお酒(単一回答),日本酒,年代別(女性),女性20代,2022,3.7
最も好きなお酒(単一回答),日本酒,年代別(女性),女性20代,2024,7.1
最も好きなお酒(単一回答),日本酒,年代別(女性),女性30代,1992,
最も好きなお酒(単一回答),日本酒,年代別(女性),女性30代,1994,
最も好きなお酒(単一回答),日本酒,年代別(女性),女性30代,1996,
最も好きなお酒(単一回答),日本酒,年代別(女性),女性30代,1998,
最も好きなお酒(単一回答),日本酒,年代別(女性),女性30代,2000,
最も好きなお酒(単一回答),日本酒,年代別(女性),女性30代,2002,
最も好きなお酒(単一回答),日本酒,年代別(女性),女性30代,2004,
最も好きなお酒(単一回答),日本酒,年代別(女性),女性30代,2006,
最も好きなお酒(単一回答),日本酒,年代別(女性),女性30代,2008,
最も好きなお酒(単一回答),日本酒,年代別(女性),女性30代,2010,
最も好きなお酒(単一回答),日本酒,年代別(女性),女性30代,2012,
最も好きなお酒(単一回答),日本酒,年代別(女性),女性30代,2014,
最も好きなお酒(単一回答),日本酒,年代別(女性),女性30代,2016,4.7
最も好きなお酒(単一回答),日本酒,年代別(女性),女性30代,2018,4.1
最も好きなお酒(単一回答),日本酒,年代別(女性),女性30代,2020,8.1
最も好きなお酒(単一回答),日本酒,年代別(女性),女性30代,2022,4.7
最も好きなお酒(単一回答),日本酒,年代別(女性),女性30代,2024,6.6
最も好きなお酒(単一回答),日本酒,年代別(女性),女性40代,1992,
最も好きなお酒(単一回答),日本酒,年代別(女性),女性40代,1994,
最も好きなお酒(単一回答),日本酒,年代別(女性),女性40代,1996,
最も好きなお酒(単一回答),日本酒,年代別(女性),女性40代,1998,
最も好きなお酒(単一回答),日本酒,年代別(女性),女性40代,2000,
最も好きなお酒(単一回答),日本酒,年代別(女性),女性40代,2002,
最も好きなお酒(単一回答),日本酒,年代別(女性),女性40代,2004,
最も好きなお酒(単一回答),日本酒,年代別(女性),女性40代,2006,
最も好きなお酒(単一回答),日本酒,年代別(女性),女性40代,2008,
最も好きなお酒(単一回答),日本酒,年代別(女性),女性40代,2010,
最も好きなお酒(単一回答),日本酒,年代別(女性),女性40代,2012,
最も好きなお酒(単一回答),日本酒,年代別(女性),女性40代,2014,
最も好きなお酒(単一回答),日本酒,年代別(女性),女性40代,2016,4.0
最も好きなお酒(単一回答),日本酒,年代別(女性),女性40代,2018,3.5
最も好きなお酒(単一回答),日本酒,年代別(女性),女性40代,2020,5.3
最も好きなお酒(単一回答),日本酒,年代別(女性),女性40代,2022,6.6
最も好きなお酒(単一回答),日本酒,年代別(女性),女性40代,2024,4.1
最も好きなお酒(単一回答),日本酒,年代別(女性),女性50代,1992,
最も好きなお酒(単一回答),日本酒,年代別(女性),女性50代,1994,
最も好きなお酒(単一回答),日本酒,年代別(女性),女性50代,1996,
最も好きなお酒(単一回答),日本酒,年代別(女性),女性50代,1998,
最も好きなお酒(単一回答),日本酒,年代別(女性),女性50代,2000,
最も好きなお酒(単一回答),日本酒,年代別(女性),女性50代,2002,
最も好きなお酒(単一回答),日本酒,年代別(女性),女性50代,2004,
最も好きなお酒(単一回答),日本酒,年代別(女性),女性50代,2006,
最も好きなお酒(単一回答),日本酒,年代別(女性),女性50代,2008,
最も好きなお酒(単一回答),日本酒,年代別(女性),女性50代,2010,
最も好きなお酒(単一回答),日本酒,年代別(女性),女性50代,2012,
最も好きなお酒(単一回答),日本酒,年代別(女性),女性50代,2014,
最も好きなお酒(単一回答),日本酒,年代別(女性),女性50代,2016,8.4
最も好きなお酒(単一回答),日本酒,年代別(女性),女性50代,2018,7.4
最も好きなお酒(単一回答),日本酒,年代別(女性),女性50代,2020,4.4
最も好きなお酒(単一回答),日本酒,年代別(女性),女性50代,2022,8.9
最も好きなお酒(単一回答),日本酒,年代別(女性),女性50代,2024,3.9
最も好きなお酒(単一回答),日本酒,年代別(女性),女性60代,1992,
最も好きなお酒(単一回答),日本酒,年代別(女性),女性60代,1994,
最も好きなお酒(単一回答),日本酒,年代別(女性),女性60代,1996,
最も好きなお酒(単一回答),日本酒,年代別(女性),女性60代,1998,
最も好きなお酒(単一回答),日本酒,年代別(女性),女性60代,2000,
最も好きなお酒(単一回答),日本酒,年代別(女性),女性60代,2002,
最も好きなお酒(単一回答),日本酒,年代別(女性),女性60代,2004,
最も好きなお酒(単一回答),日本酒,年代別(女性),女性60代,2006,
最も好きなお酒(単一回答),日本酒,年代別(女性),女性60代,2008,
最も好きなお酒(単一回答),日本酒,年代別(女性),女性60代,2010,
最も好きなお酒(単一回答),日本酒,年代別(女性),女性60代,2012,
最も好きなお酒(単一回答),日本酒,年代別(女性),女性60代,2014,
最も好きなお酒(単一回答),日本酒,年代別(女性),女性60代,2016,16.8
最も好きなお酒(単一回答),日本酒,年代別(女性),女性60代,2018,9.9
最も好きなお酒(単一回答),日本酒,年代別(女性),女性60代,2020,10.7
最も好きなお酒(単一回答),日本酒,年代別(女性),女性60代,2022,6.2
最も好きなお酒(単一回答),日本酒,年代別(女性),女性60代,2024,6.1
最も好きなお酒(単一回答),日本酒,地域別,首都圏,1992,
最も好きなお酒(単一回答),日本酒,地域別,首都圏,1994,
最も好きなお酒(単一回答),日本酒,地域別,首都圏,1996,
最も好きなお酒(単一回答),日本酒,地域別,首都圏,1998,
最も好きなお酒(単一回答),日本酒,地域別,首都圏,2000,
最も好きなお酒(単一回答),日本酒,地域別,首都圏,2002,
最も好きなお酒(単一回答),日本酒,地域別,首都圏,2004,
最も好きなお酒(単一回答),日本酒,地域別,首都圏,2006,
最も好きなお酒(単一回答),日本酒,地域別,首都圏,2008,
最も好きなお酒(単一回答),日本酒,地域別,首都圏,2010,
最も好きなお酒(単一回答),日本酒,地域別,首都圏,2012,
最も好きなお酒(単一回答),日本酒,地域別,首都圏,2014,
最も好きなお酒(単一回答),日本酒,地域別,首都圏,2016,10.6
最も好きなお酒(単一回答),日本酒,地域別,首都圏,2018,8.4
最も好きなお酒(単一回答),日本酒,地域別,首都圏,2020,8.4
最も好きなお酒(単一回答),日本酒,地域別,首都圏,2022,7.3
最も好きなお酒(単一回答),日本酒,地域別,首都圏,2024,7.9
最も好きなお酒(単一回答),日本酒,地域別,阪神圏,1992,
最も好きなお酒(単一回答),日本酒,地域別,阪神圏,1994,
最も好きなお酒(単一回答),日本酒,地域別,阪神圏,1996,
最も好きなお酒(単一回答),日本酒,地域別,阪神圏,1998,
最も好きなお酒(単一回答),日本酒,地域別,阪神圏,2000,
最も好きなお酒(単一回答),日本酒,地域別,阪神圏,2002,
最も好きなお酒(単一回答),日本酒,地域別,阪神圏,2004,
最も好きなお酒(単一回答),日本酒,地域別,阪神圏,2006,
最も好きなお酒(単一回答),日本酒,地域別,阪神圏,2008,
最も好きなお酒(単一回答),日本酒,地域別,阪神圏,2010,
最も好きなお酒(単一回答),日本酒,地域別,阪神圏,2012,
最も好きなお酒(単一回答),日本酒,地域別,阪神圏,2014,
最も好きなお酒(単一回答),日本酒,地域別,阪神圏,2016,8.6
最も好きなお酒(単一回答),日本酒,地域別,阪神圏,2018,9.1
最も好きなお酒(単一回答),日本酒,地域別,阪神圏,2020,8.6
最も好きなお酒(単一回答),日本酒,地域別,阪神圏,2022,7.0
最も好きなお酒(単一回答),日本酒,地域別,阪神圏,2024,4.7
最も好きなお酒(単一回答),焼酎,全体,全体,1992,
最も好きなお酒(単一回答),焼酎,全体,全体,1994,
最も好きなお酒(単一回答),焼酎,全体,全体,1996,
最も好きなお酒(単一回答),焼酎,全体,全体,1998,
最も好きなお酒(単一回答),焼酎,全体,全体,2000,
最も好きなお酒(単一回答),焼酎,全体,全体,2002,
最も好きなお酒(単一回答),焼酎,全体,全体,2004,
最も好きなお酒(単一回答),焼酎,全体,全体,2006,
最も好きなお酒(単一回答),焼酎,全体,全体,2008,
最も好きなお酒(単一回答),焼酎,全体,全体,2010,
最も好きなお酒(単一回答),焼酎,全体,全体,2012,
最も好きなお酒(単一回答),焼酎,全体,全体,2014,
最も好きなお酒(単一回答),焼酎,全体,全体,2016,8.1
最も好きなお酒(単一回答),焼酎,全体,全体,2018,7.6
最も好きなお酒(単一回答),焼酎,全体,全体,2020,6.8
最も好きなお酒(単一回答),焼酎,全体,全体,2022,6.8
最も好きなお酒(単一回答),焼酎,全体,全体,2024,5.6
最も好きなお酒(単一回答),焼酎,男女別,男性,1992,
最も好きなお酒(単一回答),焼酎,男女別,男性,1994,
最も好きなお酒(単一回答),焼酎,男女別,男性,1996,
最も好きなお酒(単一回答),焼酎,男女別,男性,1998,
最も好きなお酒(単一回答),焼酎,男女別,男性,2000,
最も好きなお酒(単一回答),焼酎,男女別,男性,2002,
最も好きなお酒(単一回答),焼酎,男女別,男性,2004,
最も好きなお酒(単一回答),焼酎,男女別,男性,2006,
最も好きなお酒(単一回答),焼酎,男女別,男性,2008,
最も好きなお酒(単一回答),焼酎,男女別,男性,2010,
最も好きなお酒(単一回答),焼酎,男女別,男性,2012,
最も好きなお酒(単一回答),焼酎,男女別,男性,2014,
最も好きなお酒(単一回答),焼酎,男女別,男性,2016,10.9
最も好きなお酒(単一回答),焼酎,男女別,男性,2018,10.4
最も好きなお酒(単一回答),焼酎,男女別,男性,2020,9.1
最も好きなお酒(単一回答),焼酎,男女別,男性,2022,9.2
最も好きなお酒(単一回答),焼酎,男女別,男性,2024,6.9
最も好きなお酒(単一回答),焼酎,男女別,女性,1992,
最も好きなお酒(単一回答),焼酎,男女別,女性,1994,
最も好きなお酒(単一回答),焼酎,男女別,女性,1996,
最も好きなお酒(単一回答),焼酎,男女別,女性,1998,
最も好きなお酒(単一回答),焼酎,男女別,女性,2000,
最も好きなお酒(単一回答),焼酎,男女別,女性,2002,
最も好きなお酒(単一回答),焼酎,男女別,女性,2004,
最も好きなお酒(単一回答),焼酎,男女別,女性,2006,
最も好きなお酒(単一回答),焼酎,男女別,女性,2008,
最も好きなお酒(単一回答),焼酎,男女別,女性,2010,
最も好きなお酒(単一回答),焼酎,男女別,女性,2012,
最も好きなお酒(単一回答),焼酎,男女別,女性,2014,
最も好きなお酒(単一回答),焼酎,男女別,女性,2016,4.4
最も好きなお酒(単一回答),焼酎,男女別,女性,2018,4.0
最も好きなお酒(単一回答),焼酎,男女別,女性,2020,3.9
最も好きなお酒(単一回答),焼酎,男女別,女性,2022,3.9
最も好きなお酒(単一回答),焼酎,男女別,女性,2024,4.0
最も好きなお酒(単一回答),焼酎,年代別,20代,1992,
最も好きなお酒(単一回答),焼酎,年代別,20代,1994,
最も好きなお酒(単一回答),焼酎,年代別,20代,1996,
最も好きなお酒(単一回答),焼酎,年代別,20代,1998,
最も好きなお酒(単一回答),焼酎,年代別,20代,2000,
最も好きなお酒(単一回答),焼酎,年代別,20代,2002,
最も好きなお酒(単一回答),焼酎,年代別,20代,2004,
最も好きなお酒(単一回答),焼酎,年代別,20代,2006,
最も好きなお酒(単一回答),焼酎,年代別,20代,2008,
最も好きなお酒(単一回答),焼酎,年代別,20代,2010,
最も好きなお酒(単一回答),焼酎,年代別,20代,2012,
最も好きなお酒(単一回答),焼酎,年代別,20代,2014,
最も好きなお酒(単一回答),焼酎,年代別,20代,2016,4.0
最も好きなお酒(単一回答),焼酎,年代別,20代,2018,3.8
最も好きなお酒(単一回答),焼酎,年代別,20代,2020,2.7
最も好きなお酒(単一回答),焼酎,年代別,20代,2022,1.7
最も好きなお酒(単一回答),焼酎,年代別,20代,2024,3.2
最も好きなお酒(単一回答),焼酎,年代別,30代,1992,
最も好きなお酒(単一回答),焼酎,年代別,30代,1994,
最も好きなお酒(単一回答),焼酎,年代別,30代,1996,
最も好きなお酒(単一回答),焼酎,年代別,30代,1998,
最も好きなお酒(単一回答),焼酎,年代別,30代,2000,
最も好きなお酒(単一回答),焼酎,年代別,30代,2002,
最も好きなお酒(単一回答),焼酎,年代別,30代,2004,
最も好きなお酒(単一回答),焼酎,年代別,30代,2006,
最も好きなお酒(単一回答),焼酎,年代別,30代,2008,
最も好きなお酒(単一回答),焼酎,年代別,30代,2010,
最も好きなお酒(単一回答),焼酎,年代別,30代,2012,
最も好きなお酒(単一回答),焼酎,年代別,30代,2014,
最も好きなお酒(単一回答),焼酎,年代別,30代,2016,5.4
最も好きなお酒(単一回答),焼酎,年代別,30代,2018,6.2
最も好きなお酒(単一回答),焼酎,年代別,30代,2020,5.8
最も好きなお酒(単一回答),焼酎,年代別,30代,2022,7.1
最も好きなお酒(単一回答),焼酎,年代別,30代,2024,2.0
最も好きなお酒(単一回答),焼酎,年代別,40代,1992,
最も好きなお酒(単一回答),焼酎,年代別,40代,1994,
最も好きなお酒(単一回答),焼酎,年代別,40代,1996,
最も好きなお酒(単一回答),焼酎,年代別,40代,1998,
最も好きなお酒(単一回答),焼酎,年代別,40代,2000,
最も好きなお酒(単一回答),焼酎,年代別,40代,2002,
最も好きなお酒(単一回答),焼酎,年代別,40代,2004,
最も好きなお酒(単一回答),焼酎,年代別,40代,2006,
最も好きなお酒(単一回答),焼酎,年代別,40代,2008,
最も好きなお酒(単一回答),焼酎,年代別,40代,2010,
最も好きなお酒(単一回答),焼酎,年代別,40代,2012,
最も好きなお酒(単一回答),焼酎,年代別,40代,2014,
最も好きなお酒(単一回答),焼酎,年代別,40代,2016,9.4
最も好きなお酒(単一回答),焼酎,年代別,40代,2018,7.0
最も好きなお酒(単一回答),焼酎,年代別,40代,2020,6.3
最も好きなお酒(単一回答),焼酎,年代別,40代,2022,5.8
最も好きなお酒(単一回答),焼酎,年代別,40代,2024,5.5
最も好きなお酒(単一回答),焼酎,年代別,50代,1992,
最も好きなお酒(単一回答),焼酎,年代別,50代,1994,
最も好きなお酒(単一回答),焼酎,年代別,50代,1996,
最も好きなお酒(単一回答),焼酎,年代別,50代,1998,
最も好きなお酒(単一回答),焼酎,年代別,50代,2000,
最も好きなお酒(単一回答),焼酎,年代別,50代,2002,
最も好きなお酒(単一回答),焼酎,年代別,50代,2004,
最も好きなお酒(単一回答),焼酎,年代別,50代,2006,
最も好きなお酒(単一回答),焼酎,年代別,50代,2008,
最も好きなお酒(単一回答),焼酎,年代別,50代,2010,
最も好きなお酒(単一回答),焼酎,年代別,50代,2012,
最も好きなお酒(単一回答),焼酎,年代別,50代,2014,
最も好きなお酒(単一回答),焼酎,年代別,50代,2016,8.5
最も好きなお酒(単一回答),焼酎,年代別,50代,2018,9.0
最も好きなお酒(単一回答),焼酎,年代別,50代,2020,8.2
最も好きなお酒(単一回答),焼酎,年代別,50代,2022,6.8
最も好きなお酒(単一回答),焼酎,年代別,50代,2024,6.0
最も好きなお酒(単一回答),焼酎,年代別,60代,1992,
最も好きなお酒(単一回答),焼酎,年代別,60代,1994,
最も好きなお酒(単一回答),焼酎,年代別,60代,1996,
最も好きなお酒(単一回答),焼酎,年代別,60代,1998,
最も好きなお酒(単一回答),焼酎,年代別,60代,2000,
最も好きなお酒(単一回答),焼酎,年代別,60代,2002,
最も好きなお酒(単一回答),焼酎,年代別,60代,2004,
最も好きなお酒(単一回答),焼酎,年代別,60代,2006,
最も好きなお酒(単一回答),焼酎,年代別,60代,2008,
最も好きなお酒(単一回答),焼酎,年代別,60代,2010,
最も好きなお酒(単一回答),焼酎,年代別,60代,2012,
最も好きなお酒(単一回答),焼酎,年代別,60代,2014,
最も好きなお酒(単一回答),焼酎,年代別,60代,2016,12.5
最も好きなお酒(単一回答),焼酎,年代別,60代,2018,11.9
最も好きなお酒(単一回答),焼酎,年代別,60代,2020,10.9
最も好きなお酒(単一回答),焼酎,年代別,60代,2022,13.1
最も好きなお酒(単一回答),焼酎,年代別,60代,2024,11.8
最も好きなお酒(単一回答),焼酎,年代別(男性),男性20代,1992,
最も好きなお酒(単一回答),焼酎,年代別(男性),男性20代,1994,
最も好きなお酒(単一回答),焼酎,年代別(男性),男性20代,1996,
最も好きなお酒(単一回答),焼酎,年代別(男性),男性20代,1998,
最も好きなお酒(単一回答),焼酎,年代別(男性),男性20代,2000,
最も好きなお酒(単一回答),焼酎,年代別(男性),男性20代,2002,
最も好きなお酒(単一回答),焼酎,年代別(男性),男性20代,2004,
最も好きなお酒(単一回答),焼酎,年代別(男性),男性20代,2006,
最も好きなお酒(単一回答),焼酎,年代別(男性),男性20代,2008,
最も好きなお酒(単一回答),焼酎,年代別(男性),男性20代,2010,
最も好きなお酒(単一回答),焼酎,年代別(男性),男性20代,2012,
最も好きなお酒(単一回答),焼酎,年代別(男性),男性20代,2014,
最も好きなお酒(単一回答),焼酎,年代別(男性),男性20代,2016,4.8
最も好きなお酒(単一回答),焼酎,年代別(男性),男性20代,2018,4.3
最も好きなお酒(単一回答),焼酎,年代別(男性),男性20代,2020,5.0
最も好きなお酒(単一回答),焼酎,年代別(男性),男性20代,2022,1.7
最も好きなお酒(単一回答),焼酎,年代別(男性),男性20代,2024,2.6
最も好きなお酒(単一回答),焼酎,年代別(男性),男性30代,1992,
最も好きなお酒(単一回答),焼酎,年代別(男性),男性30代,1994,
最も好きなお酒(単一回答),焼酎,年代別(男性),男性30代,1996,
最も好きなお酒(単一回答),焼酎,年代別(男性),男性30代,1998,
最も好きなお酒(単一回答),焼酎,年代別(男性),男性30代,2000,
最も好きなお酒(単一回答),焼酎,年代別(男性),男性30代,2002,
最も好きなお酒(単一回答),焼酎,年代別(男性),男性30代,2004,
最も好きなお酒(単一回答),焼酎,年代別(男性),男性30代,2006,
最も好きなお酒(単一回答),焼酎,年代別(男性),男性30代,2008,
最も好きなお酒(単一回答),焼酎,年代別(男性),男性30代,2010,
最も好きなお酒(単一回答),焼酎,年代別(男性),男性30代,2012,
最も好きなお酒(単一回答),焼酎,年代別(男性),男性30代,2014,
最も好きなお酒(単一回答),焼酎,年代別(男性),男性30代,2016,5.6
最も好きなお酒(単一回答),焼酎,年代別(男性),男性30代,2018,9.0
最も好きなお酒(単一回答),焼酎,年代別(男性),男性30代,2020,6.3
最も好きなお酒(単一回答),焼酎,年代別(男性),男性30代,2022,10.0
最も好きなお酒(単一回答),焼酎,年代別(男性),男性30代,2024,1.8
最も好きなお酒(単一回答),焼酎,年代別(男性),男性40代,1992,
最も好きなお酒(単一回答),焼酎,年代別(男性),男性40代,1994,
最も好きなお酒(単一回答),焼酎,年代別(男性),男性40代,1996,
最も好きなお酒(単一回答),焼酎,年代別(男性),男性40代,1998,
最も好きなお酒(単一回答),焼酎,年代別(男性),男性40代,2000,
最も好きなお酒(単一回答),焼酎,年代別(男性),男性40代,2002,
最も好きなお酒(単一回答),焼酎,年代別(男性),男性40代,2004,
最も好きなお酒(単一回答),焼酎,年代別(男性),男性40代,2006,
最も好きなお酒(単一回答),焼酎,年代別(男性),男性40代,2008,
最も好きなお酒(単一回答),焼酎,年代別(男性),男性40代,2010,
最も好きなお酒(単一回答),焼酎,年代別(男性),男性40代,2012,
最も好きなお酒(単一回答),焼酎,年代別(男性),男性40代,2014,
最も好きなお酒(単一回答),焼酎,年代別(男性),男性40代,2016,13.4
最も好きなお酒(単一回答),焼酎,年代別(男性),男性40代,2018,9.8
最も好きなお酒(単一回答),焼酎,年代別(男性),男性40代,2020,8.7
最も好きなお酒(単一回答),焼酎,年代別(男性),男性40代,2022,6.6
最も好きなお酒(単一回答),焼酎,年代別(男性),男性40代,2024,7.0
最も好きなお酒(単一回答),焼酎,年代別(男性),男性50代,1992,
最も好きなお酒(単一回答),焼酎,年代別(男性),男性50代,1994,
最も好きなお酒(単一回答),焼酎,年代別(男性),男性50代,1996,
最も好きなお酒(単一回答),焼酎,年代別(男性),男性50代,1998,
最も好きなお酒(単一回答),焼酎,年代別(男性),男性50代,2000,
最も好きなお酒(単一回答),焼酎,年代別(男性),男性50代,2002,
最も好きなお酒(単一回答),焼酎,年代別(男性),男性50代,2004,
最も好きなお酒(単一回答),焼酎,年代別(男性),男性50代,2006,
最も好きなお酒(単一回答),焼酎,年代別(男性),男性50代,2008,
最も好きなお酒(単一回答),焼酎,年代別(男性),男性50代,2010,
最も好きなお酒(単一回答),焼酎,年代別(男性),男性50代,2012,
最も好きなお酒(単一回答),焼酎,年代別(男性),男性50代,2014,
最も好きなお酒(単一回答),焼酎,年代別(男性),男性50代,2016,10.6
最も好きなお酒(単一回答),焼酎,年代別(男性),男性50代,2018,14.1
最も好きなお酒(単一回答),焼酎,年代別(男性),男性50代,2020,11.3
最も好きなお酒(単一回答),焼酎,年代別(男性),男性50代,2022,9.5
最も好きなお酒(単一回答),焼酎,年代別(男性),男性50代,2024,8.5
最も好きなお酒(単一回答),焼酎,年代別(男性),男性60代,1992,
最も好きなお酒(単一回答),焼酎,年代別(男性),男性60代,1994,
最も好きなお酒(単一回答),焼酎,年代別(男性),男性60代,1996,
最も好きなお酒(単一回答),焼酎,年代別(男性),男性60代,1998,
最も好きなお酒(単一回答),焼酎,年代別(男性),男性60代,2000,
最も好きなお酒(単一回答),焼酎,年代別(男性),男性60代,2002,
最も好きなお酒(単一回答),焼酎,年代別(男性),男性60代,2004,
最も好きなお酒(単一回答),焼酎,年代別(男性),男性60代,2006,
最も好きなお酒(単一回答),焼酎,年代別(男性),男性60代,2008,
最も好きなお酒(単一回答),焼酎,年代別(男性),男性60代,2010,
最も好きなお酒(単一回答),焼酎,年代別(男性),男性60代,2012,
最も好きなお酒(単一回答),焼酎,年代別(男性),男性60代,2014,
最も好きなお酒(単一回答),焼酎,年代別(男性),男性60代,2016,17.9
最も好きなお酒(単一回答),焼酎,年代別(男性),男性60代,2018,13.9
最も好きなお酒(単一回答),焼酎,年代別(男性),男性60代,2020,14.2
最も好きなお酒(単一回答),焼酎,年代別(男性),男性60代,2022,18.1
最も好きなお酒(単一回答),焼酎,年代別(男性),男性60代,2024,14.0
最も好きなお酒(単一回答),焼酎,年代別(女性),女性20代,1992,
最も好きなお酒(単一回答),焼酎,年代別(女性),女性20代,1994,
最も好きなお酒(単一回答),焼酎,年代別(女性),女性20代,1996,
最も好きなお酒(単一回答),焼酎,年代別(女性),女性20代,1998,
最も好きなお酒(単一回答),焼酎,年代別(女性),女性20代,2000,
最も好きなお酒(単一回答),焼酎,年代別(女性),女性20代,2002,
最も好きなお酒(単一回答),焼酎,年代別(女性),女性20代,2004,
最も好きなお酒(単一回答),焼酎,年代別(女性),女性20代,2006,
最も好きなお酒(単一回答),焼酎,年代別(女性),女性20代,2008,
最も好きなお酒(単一回答),焼酎,年代別(女性),女性20代,2010,
最も好きなお酒(単一回答),焼酎,年代別(女性),女性20代,2012,
最も好きなお酒(単一回答),焼酎,年代別(女性),女性20代,2014,
最も好きなお酒(単一回答),焼酎,年代別(女性),女性20代,2016,3.0
最も好きなお酒(単一回答),焼酎,年代別(女性),女性20代,2018,3.1
最も好きなお酒(単一回答),焼酎,年代別(女性),女性20代,2020,0.0
最も好きなお酒(単一回答),焼酎,年代別(女性),女性20代,2022,1.8
最も好きなお酒(単一回答),焼酎,年代別(女性),女性20代,2024,3.9
最も好きなお酒(単一回答),焼酎,年代別(女性),女性30代,1992,
最も好きなお酒(単一回答),焼酎,年代別(女性),女性30代,1994,
最も好きなお酒(単一回答),焼酎,年代別(女性),女性30代,1996,
最も好きなお酒(単一回答),焼酎,年代別(女性),女性30代,1998,
最も好きなお酒(単一回答),焼酎,年代別(女性),女性30代,2000,
最も好きなお酒(単一回答),焼酎,年代別(女性),女性30代,2002,
最も好きなお酒(単一回答),焼酎,年代別(女性),女性30代,2004,
最も好きなお酒(単一回答),焼酎,年代別(女性),女性30代,2006,
最も好きなお酒(単一回答),焼酎,年代別(女性),女性30代,2008,
最も好きなお酒(単一回答),焼酎,年代別(女性),女性30代,2010,
最も好きなお酒(単一回答),焼酎,年代別(女性),女性30代,2012,
最も好きなお酒(単一回答),焼酎,年代別(女性),女性30代,2014,
最も好きなお酒(単一回答),焼酎,年代別(女性),女性30代,2016,5.2
最も好きなお酒(単一回答),焼酎,年代別(女性),女性30代,2018,2.4
最も好きなお酒(単一回答),焼酎,年代別(女性),女性30代,2020,5.2
最も好きなお酒(単一回答),焼酎,年代別(女性),女性30代,2022,3.5
最も好きなお酒(単一回答),焼酎,年代別(女性),女性30代,2024,2.2
最も好きなお酒(単一回答),焼酎,年代別(女性),女性40代,1992,
最も好きなお酒(単一回答),焼酎,年代別(女性),女性40代,1994,
最も好きなお酒(単一回答),焼酎,年代別(女性),女性40代,1996,
最も好きなお酒(単一回答),焼酎,年代別(女性),女性40代,1998,
最も好きなお酒(単一回答),焼酎,年代別(女性),女性40代,2000,
最も好きなお酒(単一回答),焼酎,年代別(女性),女性40代,2002,
最も好きなお酒(単一回答),焼酎,年代別(女性),女性40代,2004,
最も好きなお酒(単一回答),焼酎,年代別(女性),女性40代,2006,
最も好きなお酒(単一回答),焼酎,年代別(女性),女性40代,2008,
最も好きなお酒(単一回答),焼酎,年代別(女性),女性40代,2010,
最も好きなお酒(単一回答),焼酎,年代別(女性),女性40代,2012,
最も好きなお酒(単一回答),焼酎,年代別(女性),女性40代,2014,
最も好きなお酒(単一回答),焼酎,年代別(女性),女性40代,2016,4.4
最も好きなお酒(単一回答),焼酎,年代別(女性),女性40代,2018,3.5
最も好きなお酒(単一回答),焼酎,年代別(女性),女性40代,2020,3.4
最も好きなお酒(単一回答),焼酎,年代別(女性),女性40代,2022,4.9
最も好きなお酒(単一回答),焼酎,年代別(女性),女性40代,2024,3.6
最も好きなお酒(単一回答),焼酎,年代別(女性),女性50代,1992,
最も好きなお酒(単一回答),焼酎,年代別(女性),女性50代,1994,
最も好きなお酒(単一回答),焼酎,年代別(女性),女性50代,1996,
最も好きなお酒(単一回答),焼酎,年代別(女性),女性50代,1998,
最も好きなお酒(単一回答),焼酎,年代別(女性),女性50代,2000,
最も好きなお酒(単一回答),焼酎,年代別(女性),女性50代,2002,
最も好きなお酒(単一回答),焼酎,年代別(女性),女性50代,2004,
最も好きなお酒(単一回答),焼酎,年代別(女性),女性50代,2006,
最も好きなお酒(単一回答),焼酎,年代別(女性),女性50代,2008,
最も好きなお酒(単一回答),焼酎,年代別(女性),女性50代,2010,
最も好きなお酒(単一回答),焼酎,年代別(女性),女性50代,2012,
最も好きなお酒(単一回答),焼酎,年代別(女性),女性50代,2014,
最も好きなお酒(単一回答),焼酎,年代別(女性),女性50代,2016,5.4
最も好きなお酒(単一回答),焼酎,年代別(女性),女性50代,2018,2.3
最も好きなお酒(単一回答),焼酎,年代別(女性),女性50代,2020,4.4
最も好きなお酒(単一回答),焼酎,年代別(女性),女性50代,2022,3.3
最も好きなお酒(単一回答),焼酎,年代別(女性),女性50代,2024,2.8
最も好きなお酒(単一回答),焼酎,年代別(女性),女性60代,1992,
最も好きなお酒(単一回答),焼酎,年代別(女性),女性60代,1994,
最も好きなお酒(単一回答),焼酎,年代別(女性),女性60代,1996,
最も好きなお酒(単一回答),焼酎,年代別(女性),女性60代,1998,
最も好きなお酒(単一回答),焼酎,年代別(女性),女性60代,2000,
最も好きなお酒(単一回答),焼酎,年代別(女性),女性60代,2002,
最も好きなお酒(単一回答),焼酎,年代別(女性),女性60代,2004,
最も好きなお酒(単一回答),焼酎,年代別(女性),女性60代,2006,
最も好きなお酒(単一回答),焼酎,年代別(女性),女性60代,2008,
最も好きなお酒(単一回答),焼酎,年代別(女性),女性60代,2010,
最も好きなお酒(単一回答),焼酎,年代別(女性),女性60代,2012,
最も好きなお酒(単一回答),焼酎,年代別(女性),女性60代,2014,
最も好きなお酒(単一回答),焼酎,年代別(女性),女性60代,2016,3.9
最も好きなお酒(単一回答),焼酎,年代別(女性),女性60代,2018,9.3
最も好きなお酒(単一回答),焼酎,年代別(女性),女性60代,2020,6.9
最も好きなお酒(単一回答),焼酎,年代別(女性),女性60代,2022,6.2
最も好きなお酒(単一回答),焼酎,年代別(女性),女性60代,2024,8.8
最も好きなお酒(単一回答),焼酎,地域別,首都圏,1992,
最も好きなお酒(単一回答),焼酎,地域別,首都圏,1994,
最も好きなお酒(単一回答),焼酎,地域別,首都圏,1996,
最も好きなお酒(単一回答),焼酎,地域別,首都圏,1998,
最も好きなお酒(単一回答),焼酎,地域別,首都圏,2000,
最も好きなお酒(単一回答),焼酎,地域別,首都圏,2002,
最も好きなお酒(単一回答),焼酎,地域別,首都圏,2004,
最も好きなお酒(単一回答),焼酎,地域別,首都圏,2006,
最も好きなお酒(単一回答),焼酎,地域別,首都圏,2008,
最も好きなお酒(単一回答),焼酎,地域別,首都圏,2010,
最も好きなお酒(単一回答),焼酎,地域別,首都圏,2012,
最も好きなお酒(単一回答),焼酎,地域別,首都圏,2014,
最も好きなお酒(単一回答),焼酎,地域別,首都圏,2016,8.5
最も好きなお酒(単一回答),焼酎,地域別,首都圏,2018,8.3
最も好きなお酒(単一回答),焼酎,地域別,首都圏,2020,6.6
最も好きなお酒(単一回答),焼酎,地域別,首都圏,2022,7.4
最も好きなお酒(単一回答),焼酎,地域別,首都圏,2024,5.9
最も好きなお酒(単一回答),焼酎,地域別,阪神圏,1992,
最も好きなお酒(単一回答),焼酎,地域別,阪神圏,1994,
最も好きなお酒(単一回答),焼酎,地域別,阪神圏,1996,
最も好きなお酒(単一回答),焼酎,地域別,阪神圏,1998,
最も好きなお酒(単一回答),焼酎,地域別,阪神圏,2000,
最も好きなお酒(単一回答),焼酎,地域別,阪神圏,2002,
最も好きなお酒(単一回答),焼酎,地域別,阪神圏,2004,
最も好きなお酒(単一回答),焼酎,地域別,阪神圏,2006,
最も好きなお酒(単一回答),焼酎,地域別,阪神圏,2008,
最も好きなお酒(単一回答),焼酎,地域別,阪神圏,2010,
最も好きなお酒(単一回答),焼酎,地域別,阪神圏,2012,
最も好きなお酒(単一回答),焼酎,地域別,阪神圏,2014,
最も好きなお酒(単一回答),焼酎,地域別,阪神圏,2016,7.1
最も好きなお酒(単一回答),焼酎,地域別,阪神圏,2018,5.7
最も好きなお酒(単一回答),焼酎,地域別,阪神圏,2020,7.5
最も好きなお酒(単一回答),焼酎,地域別,阪神圏,2022,5.4
最も好きなお酒(単一回答),焼酎,地域別,阪神圏,2024,4.9
最も好きなお酒(単一回答),チューハイ・サワー,全体,全体,1992,
最も好きなお酒(単一回答),チューハイ・サワー,全体,全体,1994,
最も好きなお酒(単一回答),チューハイ・サワー,全体,全体,1996,
最も好きなお酒(単一回答),チューハイ・サワー,全体,全体,1998,
最も好きなお酒(単一回答),チューハイ・サワー,全体,全体,2000,
最も好きなお酒(単一回答),チューハイ・サワー,全体,全体,2002,
最も好きなお酒(単一回答),チューハイ・サワー,全体,全体,2004,
最も好きなお酒(単一回答),チューハイ・サワー,全体,全体,2006,
最も好きなお酒(単一回答),チューハイ・サワー,全体,全体,2008,
最も好きなお酒(単一回答),チューハイ・サワー,全体,全体,2010,
最も好きなお酒(単一回答),チューハイ・サワー,全体,全体,2012,
最も好きなお酒(単一回答),チューハイ・サワー,全体,全体,2014,
最も好きなお酒(単一回答),チューハイ・サワー,全体,全体,2016,10.6
最も好きなお酒(単一回答),チューハイ・サワー,全体,全体,2018,13.0
最も好きなお酒(単一回答),チューハイ・サワー,全体,全体,2020,15.2
最も好きなお酒(単一回答),チューハイ・サワー,全体,全体,2022,17.1
最も好きなお酒(単一回答),チューハイ・サワー,全体,全体,2024,18.2
最も好きなお酒(単一回答),チューハイ・サワー,男女別,男性,1992,
最も好きなお酒(単一回答),チューハイ・サワー,男女別,男性,1994,
最も好きなお酒(単一回答),チューハイ・サワー,男女別,男性,1996,
最も好きなお酒(単一回答),チューハイ・サワー,男女別,男性,1998,
最も好きなお酒(単一回答),チューハイ・サワー,男女別,男性,2000,
最も好きなお酒(単一回答),チューハイ・サワー,男女別,男性,2002,
最も好きなお酒(単一回答),チューハイ・サワー,男女別,男性,2004,
最も好きなお酒(単一回答),チューハイ・サワー,男女別,男性,2006,
最も好きなお酒(単一回答),チューハイ・サワー,男女別,男性,2008,
最も好きなお酒(単一回答),チューハイ・サワー,男女別,男性,2010,
最も好きなお酒(単一回答),チューハイ・サワー,男女別,男性,2012,
最も好きなお酒(単一回答),チューハイ・サワー,男女別,男性,2014,
最も好きなお酒(単一回答),チューハイ・サワー,男女別,男性,2016,8.7
最も好きなお酒(単一回答),チューハイ・サワー,男女別,男性,2018,9.4
最も好きなお酒(単一回答),チューハイ・サワー,男女別,男性,2020,11.5
最も好きなお酒(単一回答),チューハイ・サワー,男女別,男性,2022,13.1
最も好きなお酒(単一回答),チューハイ・サワー,男女別,男性,2024,13.9
最も好きなお酒(単一回答),チューハイ・サワー,男女別,女性,1992,
最も好きなお酒(単一回答),チューハイ・サワー,男女別,女性,1994,
最も好きなお酒(単一回答),チューハイ・サワー,男女別,女性,1996,
最も好きなお酒(単一回答),チューハイ・サワー,男女別,女性,1998,
最も好きなお酒(単一回答),チューハイ・サワー,男女別,女性,2000,
最も好きなお酒(単一回答),チューハイ・サワー,男女別,女性,2002,
最も好きなお酒(単一回答),チューハイ・サワー,男女別,女性,2004,
最も好きなお酒(単一回答),チューハイ・サワー,男女別,女性,2006,
最も好きなお酒(単一回答),チューハイ・サワー,男女別,女性,2008,
最も好きなお酒(単一回答),チューハイ・サワー,男女別,女性,2010,
最も好きなお酒(単一回答),チューハイ・サワー,男女別,女性,2012,
最も好きなお酒(単一回答),チューハイ・サワー,男女別,女性,2014,
最も好きなお酒(単一回答),チューハイ・サワー,男女別,女性,2016,13.2
最も好きなお酒(単一回答),チューハイ・サワー,男女別,女性,2018,17.7
最も好きなお酒(単一回答),チューハイ・サワー,男女別,女性,2020,19.7
最も好きなお酒(単一回答),チューハイ・サワー,男女別,女性,2022,22.3
最も好きなお酒(単一回答),チューハイ・サワー,男女別,女性,2024,23.6
最も好きなお酒(単一回答),チューハイ・サワー,年代別,20代,1992,
最も好きなお酒(単一回答),チューハイ・サワー,年代別,20代,1994,
最も好きなお酒(単一回答),チューハイ・サワー,年代別,20代,1996,
最も好きなお酒(単一回答),チューハイ・サワー,年代別,20代,1998,
最も好きなお酒(単一回答),チューハイ・サワー,年代別,20代,2000,
最も好きなお酒(単一回答),チューハイ・サワー,年代別,20代,2002,
最も好きなお酒(単一回答),チューハイ・サワー,年代別,20代,2004,
最も好きなお酒(単一回答),チューハイ・サワー,年代別,20代,2006,
最も好きなお酒(単一回答),チューハイ・サワー,年代別,20代,2008,
最も好きなお酒(単一回答),チューハイ・サワー,年代別,20代,2010,
最も好きなお酒(単一回答),チューハイ・サワー,年代別,20代,2012,
最も好きなお酒(単一回答),チューハイ・サワー,年代別,20代,2014,
最も好きなお酒(単一回答),チューハイ・サワー,年代別,20代,2016,18.5
最も好きなお酒(単一回答),チューハイ・サワー,年代別,20代,2018,20.7
最も好きなお酒(単一回答),チューハイ・サワー,年代別,20代,2020,25.9
最も好きなお酒(単一回答),チューハイ・サワー,年代別,20代,2022,29.0
最も好きなお酒(単一回答),チューハイ・サワー,年代別,20代,2024,30.2
最も好きなお酒(単一回答),チューハイ・サワー,年代別,30代,1992,
最も好きなお酒(単一回答),チューハイ・サワー,年代別,30代,1994,
最も好きなお酒(単一回答),チューハイ・サワー,年代別,30代,1996,
最も好きなお酒(単一回答),チューハイ・サワー,年代別,30代,1998,
最も好きなお酒(単一回答),チューハイ・サワー,年代別,30代,2000,
最も好きなお酒(単一回答),チューハイ・サワー,年代別,30代,2002,
最も好きなお酒(単一回答),チューハイ・サワー,年代別,30代,2004,
最も好きなお酒(単一回答),チューハイ・サワー,年代別,30代,2006,
最も好きなお酒(単一回答),チューハイ・サワー,年代別,30代,2008,
最も好きなお酒(単一回答),チューハイ・サワー,年代別,30代,2010,
最も好きなお酒(単一回答),チューハイ・サワー,年代別,30代,2012,
最も好きなお酒(単一回答),チューハイ・サワー,年代別,30代,2014,
最も好きなお酒(単一回答),チューハイ・サワー,年代別,30代,2016,12.4
最も好きなお酒(単一回答),チューハイ・サワー,年代別,30代,2018,14.6
最も好きなお酒(単一回答),チューハイ・サワー,年代別,30代,2020,20.3
最も好きなお酒(単一回答),チューハイ・サワー,年代別,30代,2022,20.5
最も好きなお酒(単一回答),チューハイ・サワー,年代別,30代,2024,24.8
最も好きなお酒(単一回答),チューハイ・サワー,年代別,40代,1992,
最も好きなお酒(単一回答),チューハイ・サワー,年代別,40代,1994,
最も好きなお酒(単一回答),チューハイ・サワー,年代別,40代,1996,
最も好きなお酒(単一回答),チューハイ・サワー,年代別,40代,1998,
最も好きなお酒(単一回答),チューハイ・サワー,年代別,40代,2000,
最も好きなお酒(単一回答),チューハイ・サワー,年代別,40代,2002,
最も好きなお酒(単一回答),チューハイ・サワー,年代別,40代,2004,
最も好きなお酒(単一回答),チューハイ・サワー,年代別,40代,2006,
最も好きなお酒(単一回答),チューハイ・サワー,年代別,40代,2008,
最も好きなお酒(単一回答),チューハイ・サワー,年代別,40代,2010,
最も好きなお酒(単一回答),チューハイ・サワー,年代別,40代,2012,
最も好きなお酒(単一回答),チューハイ・サワー,年代別,40代,2014,
最も好きなお酒(単一回答),チューハイ・サワー,年代別,40代,2016,11.0
最も好きなお酒(単一回答),チューハイ・サワー,年代別,40代,2018,13.7
最も好きなお酒(単一回答),チューハイ・サワー,年代別,40代,2020,14.1
最も好きなお酒(単一回答),チューハイ・サワー,年代別,40代,2022,14.6
最も好きなお酒(単一回答),チューハイ・サワー,年代別,40代,2024,15.2
最も好きなお酒(単一回答),チューハイ・サワー,年代別,50代,1992,
最も好きなお酒(単一回答),チューハイ・サワー,年代別,50代,1994,
最も好きなお酒(単一回答),チューハイ・サワー,年代別,50代,1996,
最も好きなお酒(単一回答),チューハイ・サワー,年代別,50代,1998,
最も好きなお酒(単一回答),チューハイ・サワー,年代別,50代,2000,
最も好きなお酒(単一回答),チューハイ・サワー,年代別,50代,2002,
最も好きなお酒(単一回答),チューハイ・サワー,年代別,50代,2004,
最も好きなお酒(単一回答),チューハイ・サワー,年代別,50代,2006,
最も好きなお酒(単一回答),チューハイ・サワー,年代別,50代,2008,
最も好きなお酒(単一回答),チューハイ・サワー,年代別,50代,2010,
最も好きなお酒(単一回答),チューハイ・サワー,年代別,50代,2012,
最も好きなお酒(単一回答),チューハイ・サワー,年代別,50代,2014,
最も好きなお酒(単一回答),チューハイ・サワー,年代別,50代,2016,6.8
最も好きなお酒(単一回答),チューハイ・サワー,年代別,50代,2018,10.0
最も好きなお酒(単一回答),チューハイ・サワー,年代別,50代,2020,10.9
最も好きなお酒(単一回答),チューハイ・サワー,年代別,50代,2022,13.9
最も好きなお酒(単一回答),チューハイ・サワー,年代別,50代,2024,12.5
最も好きなお酒(単一回答),チューハイ・サワー,年代別,60代,1992,
最も好きなお酒(単一回答),チューハイ・サワー,年代別,60代,1994,
最も好きなお酒(単一回答),チューハイ・サワー,年代別,60代,1996,
最も好きなお酒(単一回答),チューハイ・サワー,年代別,60代,1998,
最も好きなお酒(単一回答),チューハイ・サワー,年代別,60代,2000,
最も好きなお酒(単一回答),チューハイ・サワー,年代別,60代,2002,
最も好きなお酒(単一回答),チューハイ・サワー,年代別,60代,2004,
最も好きなお酒(単一回答),チューハイ・サワー,年代別,60代,2006,
最も好きなお酒(単一回答),チューハイ・サワー,年代別,60代,2008,
最も好きなお酒(単一回答),チューハイ・サワー,年代別,60代,2010,
最も好きなお酒(単一回答),チューハイ・サワー,年代別,60代,2012,
最も好きなお酒(単一回答),チューハイ・サワー,年代別,60代,2014,
最も好きなお酒(単一回答),チューハイ・サワー,年代別,60代,2016,5.2
最も好きなお酒(単一回答),チューハイ・サワー,年代別,60代,2018,6.1
最も好きなお酒(単一回答),チューハイ・サワー,年代別,60代,2020,6.5
最も好きなお酒(単一回答),チューハイ・サワー,年代別,60代,2022,10.3
最も好きなお酒(単一回答),チューハイ・サワー,年代別,60代,2024,11.4
最も好きなお酒(単一回答),チューハイ・サワー,年代別(男性),男性20代,1992,
最も好きなお酒(単一回答),チューハイ・サワー,年代別(男性),男性20代,1994,
最も好きなお酒(単一回答),チューハイ・サワー,年代別(男性),男性20代,1996,
最も好きなお酒(単一回答),チューハイ・サワー,年代別(男性),男性20代,1998,
最も好きなお酒(単一回答),チューハイ・サワー,年代別(男性),男性20代,2000,
最も好きなお酒(単一回答),チューハイ・サワー,年代別(男性),男性20代,2002,
最も好きなお酒(単一回答),チューハイ・サワー,年代別(男性),男性20代,2004,
最も好きなお酒(単一回答),チューハイ・サワー,年代別(男性),男性20代,2006,
最も好きなお酒(単一回答),チューハイ・サワー,年代別(男性),男性20代,2008,
最も好きなお酒(単一回答),チューハイ・サワー,年代別(男性),男性20代,2010,
最も好きなお酒(単一回答),チューハイ・サワー,年代別(男性),男性20代,2012,
最も好きなお酒(単一回答),チューハイ・サワー,年代別(男性),男性20代,2014,
最も好きなお酒(単一回答),チューハイ・サワー,年代別(男性),男性20代,2016,18.8
最も好きなお酒(単一回答),チューハイ・サワー,年代別(男性),男性20代,2018,19.0
最も好きなお酒(単一回答),チューハイ・サワー,年代別(男性),男性20代,2020,24.4
最も好きなお酒(単一回答),チューハイ・サワー,年代別(男性),男性20代,2022,26.5
最も好きなお酒(単一回答),チューハイ・サワー,年代別(男性),男性20代,2024,29.9
最も好きなお酒(単一回答),チューハイ・サワー,年代別(男性),男性30代,1992,
最も好きなお酒(単一回答),チューハイ・サワー,年代別(男性),男性30代,1994,
最も好きなお酒(単一回答),チューハイ・サワー,年代別(男性),男性30代,1996,
最も好きなお酒(単一回答),チューハイ・サワー,年代別(男性),男性30代,1998,
最も好きなお酒(単一回答),チューハイ・サワー,年代別(男性),男性30代,2000,
最も好きなお酒(単一回答),チューハイ・サワー,年代別(男性),男性30代,2002,
最も好きなお酒(単一回答),チューハイ・サワー,年代別(男性),男性30代,2004,
最も好きなお酒(単一回答),チューハイ・サワー,年代別(男性),男性30代,2006,
最も好きなお酒(単一回答),チューハイ・サワー,年代別(男性),男性30代,2008,
最も好きなお酒(単一回答),チューハイ・サワー,年代別(男性),男性30代,2010,
最も好きなお酒(単一回答),チューハイ・サワー,年代別(男性),男性30代,2012,
最も好きなお酒(単一回答),チューハイ・サワー,年代別(男性),男性30代,2014,
最も好きなお酒(単一回答),チューハイ・サワー,年代別(男性),男性30代,2016,12.3
最も好きなお酒(単一回答),チューハイ・サワー,年代別(男性),男性30代,2018,7.7
最も好きなお酒(単一回答),チューハイ・サワー,年代別(男性),男性30代,2020,18.9
最も好きなお酒(単一回答),チューハイ・サワー,年代別(男性),男性30代,2022,18.1
最も好きなお酒(単一回答),チューハイ・サワー,年代別(男性),男性30代,2024,20.0
最も好きなお酒(単一回答),チューハイ・サワー,年代別(男性),男性40代,1992,
最も好きなお酒(単一回答),チューハイ・サワー,年代別(男性),男性40代,1994,
最も好きなお酒(単一回答),チューハイ・サワー,年代別(男性),男性40代,1996,
最も好きなお酒(単一回答),チューハイ・サワー,年代別(男性),男性40代,1998,
最も好きなお酒(単一回答),チューハイ・サワー,年代別(男性),男性40代,2000,
最も好きなお酒(単一回答),チューハイ・サワー,年代別(男性),男性40代,2002,
最も好きなお酒(単一回答),チューハイ・サワー,年代別(男性),男性40代,2004,
最も好きなお酒(単一回答),チューハイ・サワー,年代別(男性),男性40代,2006,
最も好きなお酒(単一回答),チューハイ・サワー,年代別(男性),男性40代,2008,
最も好きなお酒(単一回答),チューハイ・サワー,年代別(男性),男性40代,2010,
最も好きなお酒(単一回答),チューハイ・サワー,年代別(男性),男性40代,2012,
最も好きなお酒(単一回答),チューハイ・サワー,年代別(男性),男性40代,2014,
最も好きなお酒(単一回答),チューハイ・サワー,年代別(男性),男性40代,2016,8.1
最も好きなお酒(単一回答),チューハイ・サワー,年代別(男性),男性40代,2018,10.8
最も好きなお酒(単一回答),チューハイ・サワー,年代別(男性),男性40代,2020,8.3
最も好きなお酒(単一回答),チューハイ・サワー,年代別(男性),男性40代,2022,11.1
最も好きなお酒(単一回答),チューハイ・サワー,年代別(男性),男性40代,2024,9.9
最も好きなお酒(単一回答),チューハイ・サワー,年代別(男性),男性50代,1992,
最も好きなお酒(単一回答),チューハイ・サワー,年代別(男性),男性50代,1994,
最も好きなお酒(単一回答),チューハイ・サワー,年代別(男性),男性50代,1996,
最も好きなお酒(単一回答),チューハイ・サワー,年代別(男性),男性50代,1998,
最も好きなお酒(単一回答),チューハイ・サワー,年代別(男性),男性50代,2000,
最も好きなお酒(単一回答),チューハイ・サワー,年代別(男性),男性50代,2002,
最も好きなお酒(単一回答),チューハイ・サワー,年代別(男性),男性50代,2004,
最も好きなお酒(単一回答),チューハイ・サワー,年代別(男性),男性50代,2006,
最も好きなお酒(単一回答),チューハイ・サワー,年代別(男性),男性50代,2008,
最も好きなお酒(単一回答),チューハイ・サワー,年代別(男性),男性50代,2010,
最も好きなお酒(単一回答),チューハイ・サワー,年代別(男性),男性50代,2012,
最も好きなお酒(単一回答),チューハイ・サワー,年代別(男性),男性50代,2014,
最も好きなお酒(単一回答),チューハイ・サワー,年代別(男性),男性50代,2016,3.7
最も好きなお酒(単一回答),チューハイ・サワー,年代別(男性),男性50代,2018,6.4
最も好きなお酒(単一回答),チューハイ・サワー,年代別(男性),男性50代,2020,5.9
最も好きなお酒(単一回答),チューハイ・サワー,年代別(男性),男性50代,2022,8.8
最も好きなお酒(単一回答),チューハイ・サワー,年代別(男性),男性50代,2024,8.5
最も好きなお酒(単一回答),チューハイ・サワー,年代別(男性),男性60代,1992,
最も好きなお酒(単一回答),チューハイ・サワー,年代別(男性),男性60代,1994,
最も好きなお酒(単一回答),チューハイ・サワー,年代別(男性),男性60代,1996,
最も好きなお酒(単一回答),チューハイ・サワー,年代別(男性),男性60代,1998,
最も好きなお酒(単一回答),チューハイ・サワー,年代別(男性),男性60代,2000,
最も好きなお酒(単一回答),チューハイ・サワー,年代別(男性),男性60代,2002,
最も好きなお酒(単一回答),チューハイ・サワー,年代別(男性),男性60代,2004,
最も好きなお酒(単一回答),チューハイ・サワー,年代別(男性),男性60代,2006,
最も好きなお酒(単一回答),チューハイ・サワー,年代別(男性),男性60代,2008,
最も好きなお酒(単一回答),チューハイ・サワー,年代別(男性),男性60代,2010,
最も好きなお酒(単一回答),チューハイ・サワー,年代別(男性),男性60代,2012,
最も好きなお酒(単一回答),チューハイ・サワー,年代別(男性),男性60代,2014,
最も好きなお酒(単一回答),チューハイ・サワー,年代別(男性),男性60代,2016,3.2
最も好きなお酒(単一回答),チューハイ・サワー,年代別(男性),男性60代,2018,3.8
最も好きなお酒(単一回答),チューハイ・サワー,年代別(男性),男性60代,2020,3.7
最も好きなお酒(単一回答),チューハイ・サワー,年代別(男性),男性60代,2022,4.9
最も好きなお酒(単一回答),チューハイ・サワー,年代別(男性),男性60代,2024,5.7
最も好きなお酒(単一回答),チューハイ・サワー,年代別(女性),女性20代,1992,
最も好きなお酒(単一回答),チューハイ・サワー,年代別(女性),女性20代,1994,
最も好きなお酒(単一回答),チューハイ・サワー,年代別(女性),女性20代,1996,
最も好きなお酒(単一回答),チューハイ・サワー,年代別(女性),女性20代,1998,
最も好きなお酒(単一回答),チューハイ・サワー,年代別(女性),女性20代,2000,
最も好きなお酒(単一回答),チューハイ・サワー,年代別(女性),女性20代,2002,
最も好きなお酒(単一回答),チューハイ・サワー,年代別(女性),女性20代,2004,
最も好きなお酒(単一回答),チューハイ・サワー,年代別(女性),女性20代,2006,
最も好きなお酒(単一回答),チューハイ・サワー,年代別(女性),女性20代,2008,
最も好きなお酒(単一回答),チューハイ・サワー,年代別(女性),女性20代,2010,
最も好きなお酒(単一回答),チューハイ・サワー,年代別(女性),女性20代,2012,
最も好きなお酒(単一回答),チューハイ・サワー,年代別(女性),女性20代,2014,
最も好きなお酒(単一回答),チューハイ・サワー,年代別(女性),女性20代,2016,18.1
最も好きなお酒(単一回答),チューハイ・サワー,年代別(女性),女性20代,2018,22.6
最も好きなお酒(単一回答),チューハイ・サワー,年代別(女性),女性20代,2020,27.8
最も好きなお酒(単一回答),チューハイ・サワー,年代別(女性),女性20代,2022,31.7
最も好きなお酒(単一回答),チューハイ・サワー,年代別(女性),女性20代,2024,30.7
最も好きなお酒(単一回答),チューハイ・サワー,年代別(女性),女性30代,1992,
最も好きなお酒(単一回答),チューハイ・サワー,年代別(女性),女性30代,1994,
最も好きなお酒(単一回答),チューハイ・サワー,年代別(女性),女性30代,1996,
最も好きなお酒(単一回答),チューハイ・サワー,年代別(女性),女性30代,1998,
最も好きなお酒(単一回答),チューハイ・サワー,年代別(女性),女性30代,2000,
最も好きなお酒(単一回答),チューハイ・サワー,年代別(女性),女性30代,2002,
最も好きなお酒(単一回答),チューハイ・サワー,年代別(女性),女性30代,2004,
最も好きなお酒(単一回答),チューハイ・サワー,年代別(女性),女性30代,2006,
最も好きなお酒(単一回答),チューハイ・サワー,年代別(女性),女性30代,2008,
最も好きなお酒(単一回答),チューハイ・サワー,年代別(女性),女性30代,2010,
最も好きなお酒(単一回答),チューハイ・サワー,年代別(女性),女性30代,2012,
最も好きなお酒(単一回答),チューハイ・サワー,年代別(女性),女性30代,2014,
最も好きなお酒(単一回答),チューハイ・サワー,年代別(女性),女性30代,2016,12.6
最も好きなお酒(単一回答),チューハイ・サワー,年代別(女性),女性30代,2018,24.1
最も好きなお酒(単一回答),チューハイ・サワー,年代別(女性),女性30代,2020,22.2
最も好きなお酒(単一回答),チューハイ・サワー,年代別(女性),女性30代,2022,23.4
最も好きなお酒(単一回答),チューハイ・サワー,年代別(女性),女性30代,2024,30.7
最も好きなお酒(単一回答),チューハイ・サワー,年代別(女性),女性40代,1992,
最も好きなお酒(単一回答),チューハイ・サワー,年代別(女性),女性40代,1994,
最も好きなお酒(単一回答),チューハイ・サワー,年代別(女性),女性40代,1996,
最も好きなお酒(単一回答),チューハイ・サワー,年代別(女性),女性40代,1998,
最も好きなお酒(単一回答),チューハイ・サワー,年代別(女性),女性40代,2000,
最も好きなお酒(単一回答),チューハイ・サワー,年代別(女性),女性40代,2002,
最も好きなお酒(単一回答),チューハイ・サワー,年代別(女性),女性40代,2004,
最も好きなお酒(単一回答),チューハイ・サワー,年代別(女性),女性40代,2006,
最も好きなお酒(単一回答),チューハイ・サワー,年代別(女性),女性40代,2008,
最も好きなお酒(単一回答),チューハイ・サワー,年代別(女性),女性40代,2010,
最も好きなお酒(単一回答),チューハイ・サワー,年代別(女性),女性40代,2012,
最も好きなお酒(単一回答),チューハイ・サワー,年代別(女性),女性40代,2014,
最も好きなお酒(単一回答),チューハイ・サワー,年代別(女性),女性40代,2016,14.7
最も好きなお酒(単一回答),チューハイ・サワー,年代別(女性),女性40代,2018,17.3
最も好きなお酒(単一回答),チューハイ・サワー,年代別(女性),女性40代,2020,21.4
最も好きなお酒(単一回答),チューハイ・サワー,年代別(女性),女性40代,2022,19.0
最も好きなお酒(単一回答),チューハイ・サワー,年代別(女性),女性40代,2024,21.9
最も好きなお酒(単一回答),チューハイ・サワー,年代別(女性),女性50代,1992,
最も好きなお酒(単一回答),チューハイ・サワー,年代別(女性),女性50代,1994,
最も好きなお酒(単一回答),チューハイ・サワー,年代別(女性),女性50代,1996,
最も好きなお酒(単一回答),チューハイ・サワー,年代別(女性),女性50代,1998,
最も好きなお酒(単一回答),チューハイ・サワー,年代別(女性),女性50代,2000,
最も好きなお酒(単一回答),チューハイ・サワー,年代別(女性),女性50代,2002,
最も好きなお酒(単一回答),チューハイ・サワー,年代別(女性),女性50代,2004,
最も好きなお酒(単一回答),チューハイ・サワー,年代別(女性),女性50代,2006,
最も好きなお酒(単一回答),チューハイ・サワー,年代別(女性),女性50代,2008,
最も好きなお酒(単一回答),チューハイ・サワー,年代別(女性),女性50代,2010,
最も好きなお酒(単一回答),チューハイ・サワー,年代別(女性),女性50代,2012,
最も好きなお酒(単一回答),チューハイ・サワー,年代別(女性),女性50代,2014,
最も好きなお酒(単一回答),チューハイ・サワー,年代別(女性),女性50代,2016,11.4
最も好きなお酒(単一回答),チューハイ・サワー,年代別(女性),女性50代,2018,14.9
最も好きなお酒(単一回答),チューハイ・サワー,年代別(女性),女性50代,2020,17.2
最も好きなお酒(単一回答),チューハイ・サワー,年代別(女性),女性50代,2022,20.7
最も好きなお酒(単一回答),チューハイ・サワー,年代別(女性),女性50代,2024,17.7
最も好きなお酒(単一回答),チューハイ・サワー,年代別(女性),女性60代,1992,
最も好きなお酒(単一回答),チューハイ・サワー,年代別(女性),女性60代,1994,
最も好きなお酒(単一回答),チューハイ・サワー,年代別(女性),女性60代,1996,
最も好きなお酒(単一回答),チューハイ・サワー,年代別(女性),女性60代,1998,
最も好きなお酒(単一回答),チューハイ・サワー,年代別(女性),女性60代,2000,
最も好きなお酒(単一回答),チューハイ・サワー,年代別(女性),女性60代,2002,
最も好きなお酒(単一回答),チューハイ・サワー,年代別(女性),女性60代,2004,
最も好きなお酒(単一回答),チューハイ・サワー,年代別(女性),女性60代,2006,
最も好きなお酒(単一回答),チューハイ・サワー,年代別(女性),女性60代,2008,
最も好きなお酒(単一回答),チューハイ・サワー,年代別(女性),女性60代,2010,
最も好きなお酒(単一回答),チューハイ・サワー,年代別(女性),女性60代,2012,
最も好きなお酒(単一回答),チューハイ・サワー,年代別(女性),女性60代,2014,
最も好きなお酒(単一回答),チューハイ・サワー,年代別(女性),女性60代,2016,8.4
最も好きなお酒(単一回答),チューハイ・サワー,年代別(女性),女性60代,2018,9.3
最も好きなお酒(単一回答),チューハイ・サワー,年代別(女性),女性60代,2020,9.9
最も好きなお酒(単一回答),チューハイ・サワー,年代別(女性),女性60代,2022,17.8
最も好きなお酒(単一回答),チューハイ・サワー,年代別(女性),女性60代,2024,19.3
最も好きなお酒(単一回答),チューハイ・サワー,地域別,首都圏,1992,
最も好きなお酒(単一回答),チューハイ・サワー,地域別,首都圏,1994,
最も好きなお酒(単一回答),チューハイ・サワー,地域別,首都圏,1996,
最も好きなお酒(単一回答),チューハイ・サワー,地域別,首都圏,1998,
最も好きなお酒(単一回答),チューハイ・サワー,地域別,首都圏,2000,
最も好きなお酒(単一回答),チューハイ・サワー,地域別,首都圏,2002,
最も好きなお酒(単一回答),チューハイ・サワー,地域別,首都圏,2004,
最も好きなお酒(単一回答),チューハイ・サワー,地域別,首都圏,2006,
最も好きなお酒(単一回答),チューハイ・サワー,地域別,首都圏,2008,
最も好きなお酒(単一回答),チューハイ・サワー,地域別,首都圏,2010,
最も好きなお酒(単一回答),チューハイ・サワー,地域別,首都圏,2012,
最も好きなお酒(単一回答),チューハイ・サワー,地域別,首都圏,2014,
最も好きなお酒(単一回答),チューハイ・サワー,地域別,首都圏,2016,10.3
最も好きなお酒(単一回答),チューハイ・サワー,地域別,首都圏,2018,12.7
最も好きなお酒(単一回答),チューハイ・サワー,地域別,首都圏,2020,15.5
最も好きなお酒(単一回答),チューハイ・サワー,地域別,首都圏,2022,17.2
最も好きなお酒(単一回答),チューハイ・サワー,地域別,首都圏,2024,17.9
最も好きなお酒(単一回答),チューハイ・サワー,地域別,阪神圏,1992,
最も好きなお酒(単一回答),チューハイ・サワー,地域別,阪神圏,1994,
最も好きなお酒(単一回答),チューハイ・サワー,地域別,阪神圏,1996,
最も好きなお酒(単一回答),チューハイ・サワー,地域別,阪神圏,1998,
最も好きなお酒(単一回答),チューハイ・サワー,地域別,阪神圏,2000,
最も好きなお酒(単一回答),チューハイ・サワー,地域別,阪神圏,2002,
最も好きなお酒(単一回答),チューハイ・サワー,地域別,阪神圏,2004,
最も好きなお酒(単一回答),チューハイ・サワー,地域別,阪神圏,2006,
最も好きなお酒(単一回答),チューハイ・サワー,地域別,阪神圏,2008,
最も好きなお酒(単一回答),チューハイ・サワー,地域別,阪神圏,2010,
最も好きなお酒(単一回答),チューハイ・サワー,地域別,阪神圏,2012,
最も好きなお酒(単一回答),チューハイ・サワー,地域別,阪神圏,2014,
最も好きなお酒(単一回答),チューハイ・サワー,地域別,阪神圏,2016,11.6
最も好きなお酒(単一回答),チューハイ・サワー,地域別,阪神圏,2018,13.7
最も好きなお酒(単一回答),チューハイ・サワー,地域別,阪神圏,2020,14.4
最も好きなお酒(単一回答),チューハイ・サワー,地域別,阪神圏,2022,17.1
最も好きなお酒(単一回答),チューハイ・サワー,地域別,阪神圏,2024,19.1
最も好きなお酒(単一回答),カクテル,全体,全体,1992,
最も好きなお酒(単一回答),カクテル,全体,全体,1994,
最も好きなお酒(単一回答),カクテル,全体,全体,1996,
最も好きなお酒(単一回答),カクテル,全体,全体,1998,
最も好きなお酒(単一回答),カクテル,全体,全体,2000,
最も好きなお酒(単一回答),カクテル,全体,全体,2002,
最も好きなお酒(単一回答),カクテル,全体,全体,2004,
最も好きなお酒(単一回答),カクテル,全体,全体,2006,
最も好きなお酒(単一回答),カクテル,全体,全体,2008,
最も好きなお酒(単一回答),カクテル,全体,全体,2010,
最も好きなお酒(単一回答),カクテル,全体,全体,2012,
最も好きなお酒(単一回答),カクテル,全体,全体,2014,
最も好きなお酒(単一回答),カクテル,全体,全体,2016,6.1
最も好きなお酒(単一回答),カクテル,全体,全体,2018,5.5
最も好きなお酒(単一回答),カクテル,全体,全体,2020,5.2
最も好きなお酒(単一回答),カクテル,全体,全体,2022,4.7
最も好きなお酒(単一回答),カクテル,全体,全体,2024,4.5
最も好きなお酒(単一回答),カクテル,男女別,男性,1992,
最も好きなお酒(単一回答),カクテル,男女別,男性,1994,
最も好きなお酒(単一回答),カクテル,男女別,男性,1996,
最も好きなお酒(単一回答),カクテル,男女別,男性,1998,
最も好きなお酒(単一回答),カクテル,男女別,男性,2000,
最も好きなお酒(単一回答),カクテル,男女別,男性,2002,
最も好きなお酒(単一回答),カクテル,男女別,男性,2004,
最も好きなお酒(単一回答),カクテル,男女別,男性,2006,
最も好きなお酒(単一回答),カクテル,男女別,男性,2008,
最も好きなお酒(単一回答),カクテル,男女別,男性,2010,
最も好きなお酒(単一回答),カクテル,男女別,男性,2012,
最も好きなお酒(単一回答),カクテル,男女別,男性,2014,
最も好きなお酒(単一回答),カクテル,男女別,男性,2016,2.2
最も好きなお酒(単一回答),カクテル,男女別,男性,2018,2.9
最も好きなお酒(単一回答),カクテル,男女別,男性,2020,1.6
最も好きなお酒(単一回答),カクテル,男女別,男性,2022,2.6
最も好きなお酒(単一回答),カクテル,男女別,男性,2024,1.9
最も好きなお酒(単一回答),カクテル,男女別,女性,1992,
最も好きなお酒(単一回答),カクテル,男女別,女性,1994,
最も好きなお酒(単一回答),カクテル,男女別,女性,1996,
最も好きなお酒(単一回答),カクテル,男女別,女性,1998,
最も好きなお酒(単一回答),カクテル,男女別,女性,2000,
最も好きなお酒(単一回答),カクテル,男女別,女性,2002,
最も好きなお酒(単一回答),カクテル,男女別,女性,2004,
最も好きなお酒(単一回答),カクテル,男女別,女性,2006,
最も好きなお酒(単一回答),カクテル,男女別,女性,2008,
最も好きなお酒(単一回答),カクテル,男女別,女性,2010,
最も好きなお酒(単一回答),カクテル,男女別,女性,2012,
最も好きなお酒(単一回答),カクテル,男女別,女性,2014,
最も好きなお酒(単一回答),カクテル,男女別,女性,2016,11.4
最も好きなお酒(単一回答),カクテル,男女別,女性,2018,8.9
最も好きなお酒(単一回答),カクテル,男女別,女性,2020,9.7
最も好きなお酒(単一回答),カクテル,男女別,女性,2022,7.4
最も好きなお酒(単一回答),カクテル,男女別,女性,2024,7.7
最も好きなお酒(単一回答),カクテル,年代別,20代,1992,
最も好きなお酒(単一回答),カクテル,年代別,20代,1994,
最も好きなお酒(単一回答),カクテル,年代別,20代,1996,
最も好きなお酒(単一回答),カクテル,年代別,20代,1998,
最も好きなお酒(単一回答),カクテル,年代別,20代,2000,
最も好きなお酒(単一回答),カクテル,年代別,20代,2002,
最も好きなお酒(単一回答),カクテル,年代別,20代,2004,
最も好きなお酒(単一回答),カクテル,年代別,20代,2006,
最も好きなお酒(単一回答),カクテル,年代別,20代,2008,
最も好きなお酒(単一回答),カクテル,年代別,20代,2010,
最も好きなお酒(単一回答),カクテル,年代別,20代,2012,
最も好きなお酒(単一回答),カクテル,年代別,20代,2014,
最も好きなお酒(単一回答),カクテル,年代別,20代,2016,15.1
最も好きなお酒(単一回答),カクテル,年代別,20代,2018,14.0
最も好きなお酒(単一回答),カクテル,年代別,20代,2020,15.4
最も好きなお酒(単一回答),カクテル,年代別,20代,2022,10.1
最も好きなお酒(単一回答),カクテル,年代別,20代,2024,10.3
最も好きなお酒(単一回答),カクテル,年代別,30代,1992,
最も好きなお酒(単一回答),カクテル,年代別,30代,1994,
最も好きなお酒(単一回答),カクテル,年代別,30代,1996,
最も好きなお酒(単一回答),カクテル,年代別,30代,1998,
最も好きなお酒(単一回答),カクテル,年代別,30代,2000,
最も好きなお酒(単一回答),カクテル,年代別,30代,2002,
最も好きなお酒(単一回答),カクテル,年代別,30代,2004,
最も好きなお酒(単一回答),カクテル,年代別,30代,2006,
最も好きなお酒(単一回答),カクテル,年代別,30代,2008,
最も好きなお酒(単一回答),カクテル,年代別,30代,2010,
最も好きなお酒(単一回答),カクテル,年代別,30代,2012,
最も好きなお酒(単一回答),カクテル,年代別,30代,2014,
最も好きなお酒(単一回答),カクテル,年代別,30代,2016,6.1
最も好きなお酒(単一回答),カクテル,年代別,30代,2018,6.7
最も好きなお酒(単一回答),カクテル,年代別,30代,2020,5.8
最も好きなお酒(単一回答),カクテル,年代別,30代,2022,6.6
最も好きなお酒(単一回答),カクテル,年代別,30代,2024,5.0
最も好きなお酒(単一回答),カクテル,年代別,40代,1992,
最も好きなお酒(単一回答),カクテル,年代別,40代,1994,
最も好きなお酒(単一回答),カクテル,年代別,40代,1996,
最も好きなお酒(単一回答),カクテル,年代別,40代,1998,
最も好きなお酒(単一回答),カクテル,年代別,40代,2000,
最も好きなお酒(単一回答),カクテル,年代別,40代,2002,
最も好きなお酒(単一回答),カクテル,年代別,40代,2004,
最も好きなお酒(単一回答),カクテル,年代別,40代,2006,
最も好きなお酒(単一回答),カクテル,年代別,40代,2008,
最も好きなお酒(単一回答),カクテル,年代別,40代,2010,
最も好きなお酒(単一回答),カクテル,年代別,40代,2012,
最も好きなお酒(単一回答),カクテル,年代別,40代,2014,
最も好きなお酒(単一回答),カクテル,年代別,40代,2016,5.9
最も好きなお酒(単一回答),カクテル,年代別,40代,2018,4.2
最も好きなお酒(単一回答),カクテル,年代別,40代,2020,5.0
最も好きなお酒(単一回答),カクテル,年代別,40代,2022,4.1
最も好きなお酒(単一回答),カクテル,年代別,40代,2024,4.5
最も好きなお酒(単一回答),カクテル,年代別,50代,1992,
最も好きなお酒(単一回答),カクテル,年代別,50代,1994,
最も好きなお酒(単一回答),カクテル,年代別,50代,1996,
最も好きなお酒(単一回答),カクテル,年代別,50代,1998,
最も好きなお酒(単一回答),カクテル,年代別,50代,2000,
最も好きなお酒(単一回答),カクテル,年代別,50代,2002,
最も好きなお酒(単一回答),カクテル,年代別,50代,2004,
最も好きなお酒(単一回答),カクテル,年代別,50代,2006,
最も好きなお酒(単一回答),カクテル,年代別,50代,2008,
最も好きなお酒(単一回答),カクテル,年代別,50代,2010,
最も好きなお酒(単一回答),カクテル,年代別,50代,2012,
最も好きなお酒(単一回答),カクテル,年代別,50代,2014,
最も好きなお酒(単一回答),カクテル,年代別,50代,2016,4.1
最も好きなお酒(単一回答),カクテル,年代別,50代,2018,2.4
最も好きなお酒(単一回答),カクテル,年代別,50代,2020,1.0
最も好きなお酒(単一回答),カクテル,年代別,50代,2022,2.6
最も好きなお酒(単一回答),カクテル,年代別,50代,2024,2.4
最も好きなお酒(単一回答),カクテル,年代別,60代,1992,
最も好きなお酒(単一回答),カクテル,年代別,60代,1994,
最も好きなお酒(単一回答),カクテル,年代別,60代,1996,
最も好きなお酒(単一回答),カクテル,年代別,60代,1998,
最も好きなお酒(単一回答),カクテル,年代別,60代,2000,
最も好きなお酒(単一回答),カクテル,年代別,60代,2002,
最も好きなお酒(単一回答),カクテル,年代別,60代,2004,
最も好きなお酒(単一回答),カクテル,年代別,60代,2006,
最も好きなお酒(単一回答),カクテル,年代別,60代,2008,
最も好きなお酒(単一回答),カクテル,年代別,60代,2010,
最も好きなお酒(単一回答),カクテル,年代別,60代,2012,
最も好きなお酒(単一回答),カクテル,年代別,60代,2014,
最も好きなお酒(単一回答),カクテル,年代別,60代,2016,0.7
最も好きなお酒(単一回答),カクテル,年代別,60代,2018,1.7
最も好きなお酒(単一回答),カクテル,年代別,60代,2020,0.7
最も好きなお酒(単一回答),カクテル,年代別,60代,2022,1.1
最も好きなお酒(単一回答),カクテル,年代別,60代,2024,1.1
最も好きなお酒(単一回答),カクテル,年代別(男性),男性20代,1992,
最も好きなお酒(単一回答),カクテル,年代別(男性),男性20代,1994,
最も好きなお酒(単一回答),カクテル,年代別(男性),男性20代,1996,
最も好きなお酒(単一回答),カクテル,年代別(男性),男性20代,1998,
最も好きなお酒(単一回答),カクテル,年代別(男性),男性20代,2000,
最も好きなお酒(単一回答),カクテル,年代別(男性),男性20代,2002,
最も好きなお酒(単一回答),カクテル,年代別(男性),男性20代,2004,
最も好きなお酒(単一回答),カクテル,年代別(男性),男性20代,2006,
最も好きなお酒(単一回答),カクテル,年代別(男性),男性20代,2008,
最も好きなお酒(単一回答),カクテル,年代別(男性),男性20代,2010,
最も好きなお酒(単一回答),カクテル,年代別(男性),男性20代,2012,
最も好きなお酒(単一回答),カクテル,年代別(男性),男性20代,2014,
最も好きなお酒(単一回答),カクテル,年代別(男性),男性20代,2016,7.0
最も好きなお酒(単一回答),カクテル,年代別(男性),男性20代,2018,7.1
最も好きなお酒(単一回答),カクテル,年代別(男性),男性20代,2020,5.0
最も好きなお酒(単一回答),カクテル,年代別(男性),男性20代,2022,5.0
最も好きなお酒(単一回答),カクテル,年代別(男性),男性20代,2024,4.5
最も好きなお酒(単一回答),カクテル,年代別(男性),男性30代,1992,
最も好きなお酒(単一回答),カクテル,年代別(男性),男性30代,1994,
最も好きなお酒(単一回答),カクテル,年代別(男性),男性30代,1996,
最も好きなお酒(単一回答),カクテル,年代別(男性),男性30代,1998,
最も好きなお酒(単一回答),カクテル,年代別(男性),男性30代,2000,
最も好きなお酒(単一回答),カクテル,年代別(男性),男性30代,2002,
最も好きなお酒(単一回答),カクテル,年代別(男性),男性30代,2004,
最も好きなお酒(単一回答),カクテル,年代別(男性),男性30代,2006,
最も好きなお酒(単一回答),カクテル,年代別(男性),男性30代,2008,
最も好きなお酒(単一回答),カクテル,年代別(男性),男性30代,2010,
最も好きなお酒(単一回答),カクテル,年代別(男性),男性30代,2012,
最も好きなお酒(単一回答),カクテル,年代別(男性),男性30代,2014,
最も好きなお酒(単一回答),カクテル,年代別(男性),男性30代,2016,2.8
最も好きなお酒(単一回答),カクテル,年代別(男性),男性30代,2018,4.7
最も好きなお酒(単一回答),カクテル,年代別(男性),男性30代,2020,1.7
最も好きなお酒(単一回答),カクテル,年代別(男性),男性30代,2022,4.8
最も好きなお酒(単一回答),カクテル,年代別(男性),男性30代,2024,1.8
最も好きなお酒(単一回答),カクテル,年代別(男性),男性40代,1992,
最も好きなお酒(単一回答),カクテル,年代別(男性),男性40代,1994,
最も好きなお酒(単一回答),カクテル,年代別(男性),男性40代,1996,
最も好きなお酒(単一回答),カクテル,年代別(男性),男性40代,1998,
最も好きなお酒(単一回答),カクテル,年代別(男性),男性40代,2000,
最も好きなお酒(単一回答),カクテル,年代別(男性),男性40代,2002,
最も好きなお酒(単一回答),カクテル,年代別(男性),男性40代,2004,
最も好きなお酒(単一回答),カクテル,年代別(男性),男性40代,2006,
最も好きなお酒(単一回答),カクテル,年代別(男性),男性40代,2008,
最も好きなお酒(単一回答),カクテル,年代別(男性),男性40代,2010,
最も好きなお酒(単一回答),カクテル,年代別(男性),男性40代,2012,
最も好きなお酒(単一回答),カクテル,年代別(男性),男性40代,2014,
最も好きなお酒(単一回答),カクテル,年代別(男性),男性40代,2016,1.9
最も好きなお酒(単一回答),カクテル,年代別(男性),男性40代,2018,3.2
最も好きなお酒(単一回答),カクテル,年代別(男性),男性40代,2020,2.0
最も好きなお酒(単一回答),カクテル,年代別(男性),男性40代,2022,1.7
最も好きなお酒(単一回答),カクテル,年代別(男性),男性40代,2024,2.3
最も好きなお酒(単一回答),カクテル,年代別(男性),男性50代,1992,
最も好きなお酒(単一回答),カクテル,年代別(男性),男性50代,1994,
最も好きなお酒(単一回答),カクテル,年代別(男性),男性50代,1996,
最も好きなお酒(単一回答),カクテル,年代別(男性),男性50代,1998,
最も好きなお酒(単一回答),カクテル,年代別(男性),男性50代,2000,
最も好きなお酒(単一回答),カクテル,年代別(男性),男性50代,2002,
最も好きなお酒(単一回答),カクテル,年代別(男性),男性50代,2004,
最も好きなお酒(単一回答),カクテル,年代別(男性),男性50代,2006,
最も好きなお酒(単一回答),カクテル,年代別(男性),男性50代,2008,
最も好きなお酒(単一回答),カクテル,年代別(男性),男性50代,2010,
最も好きなお酒(単一回答),カクテル,年代別(男性),男性50代,2012,
最も好きなお酒(単一回答),カクテル,年代別(男性),男性50代,2014,
最も好きなお酒(単一回答),カクテル,年代別(男性),男性50代,2016,0.8
最も好きなお酒(単一回答),カクテル,年代別(男性),男性50代,2018,0.0
最も好きなお酒(単一回答),カクテル,年代別(男性),男性50代,2020,0.0
最も好きなお酒(単一回答),カクテル,年代別(男性),男性50代,2022,1.4
最も好きなお酒(単一回答),カクテル,年代別(男性),男性50代,2024,0.4
最も好きなお酒(単一回答),カクテル,年代別(男性),男性60代,1992,
最も好きなお酒(単一回答),カクテル,年代別(男性),男性60代,1994,
最も好きなお酒(単一回答),カクテル,年代別(男性),男性60代,1996,
最も好きなお酒(単一回答),カクテル,年代別(男性),男性60代,1998,
最も好きなお酒(単一回答),カクテル,年代別(男性),男性60代,2000,
最も好きなお酒(単一回答),カクテル,年代別(男性),男性60代,2002,
最も好きなお酒(単一回答),カクテル,年代別(男性),男性60代,2004,
最も好きなお酒(単一回答),カクテル,年代別(男性),男性60代,2006,
最も好きなお酒(単一回答),カクテル,年代別(男性),男性60代,2008,
最も好きなお酒(単一回答),カクテル,年代別(男性),男性60代,2010,
最も好きなお酒(単一回答),カクテル,年代別(男性),男性60代,2012,
最も好きなお酒(単一回答),カクテル,年代別(男性),男性60代,2014,
最も好きなお酒(単一回答),カクテル,年代別(男性),男性60代,2016,0.0
最も好きなお酒(単一回答),カクテル,年代別(男性),男性60代,2018,0.0
最も好きなお酒(単一回答),カクテル,年代別(男性),男性60代,2020,0.0
最も好きなお酒(単一回答),カクテル,年代別(男性),男性60代,2022,1.0
最も好きなお酒(単一回答),カクテル,年代別(男性),男性60代,2024,1.3
最も好きなお酒(単一回答),カクテル,年代別(女性),女性20代,1992,
最も好きなお酒(単一回答),カクテル,年代別(女性),女性20代,1994,
最も好きなお酒(単一回答),カクテル,年代別(女性),女性20代,1996,
最も好きなお酒(単一回答),カクテル,年代別(女性),女性20代,1998,
最も好きなお酒(単一回答),カクテル,年代別(女性),女性20代,2000,
最も好きなお酒(単一回答),カクテル,年代別(女性),女性20代,2002,
最も好きなお酒(単一回答),カクテル,年代別(女性),女性20代,2004,
最も好きなお酒(単一回答),カクテル,年代別(女性),女性20代,2006,
最も好きなお酒(単一回答),カクテル,年代別(女性),女性20代,2008,
最も好きなお酒(単一回答),カクテル,年代別(女性),女性20代,2010,
最も好きなお酒(単一回答),カクテル,年代別(女性),女性20代,2012,
最も好きなお酒(単一回答),カクテル,年代別(女性),女性20代,2014,
最も好きなお酒(単一回答),カクテル,年代別(女性),女性20代,2016,24.1
最も好きなお酒(単一回答),カクテル,年代別(女性),女性20代,2018,22.0
最も好きなお酒(単一回答),カクテル,年代別(女性),女性20代,2020,27.8
最も好きなお酒(単一回答),カクテル,年代別(女性),女性20代,2022,15.9
最も好きなお酒(単一回答),カクテル,年代別(女性),女性20代,2024,17.3
最も好きなお酒(単一回答),カクテル,年代別(女性),女性30代,1992,
最も好きなお酒(単一回答),カクテル,年代別(女性),女性30代,1994,
最も好きなお酒(単一回答),カクテル,年代別(女性),女性30代,1996,
最も好きなお酒(単一回答),カクテル,年代別(女性),女性30代,1998,
最も好きなお酒(単一回答),カクテル,年代別(女性),女性30代,2000,
最も好きなお酒(単一回答),カクテル,年代別(女性),女性30代,2002,
最も好きなお酒(単一回答),カクテル,年代別(女性),女性30代,2004,
最も好きなお酒(単一回答),カクテル,年代別(女性),女性30代,2006,
最も好きなお酒(単一回答),カクテル,年代別(女性),女性30代,2008,
最も好きなお酒(単一回答),カクテル,年代別(女性),女性30代,2010,
最も好きなお酒(単一回答),カクテル,年代別(女性),女性30代,2012,
最も好きなお酒(単一回答),カクテル,年代別(女性),女性30代,2014,
最も好きなお酒(単一回答),カクテル,年代別(女性),女性30代,2016,10.5
最も好きなお酒(単一回答),カクテル,年代別(女性),女性30代,2018,9.4
最も好きなお酒(単一回答),カクテル,年代別(女性),女性30代,2020,11.1
最も好きなお酒(単一回答),カクテル,年代別(女性),女性30代,2022,8.8
最も好きなお酒(単一回答),カクテル,年代別(女性),女性30代,2024,8.8
最も好きなお酒(単一回答),カクテル,年代別(女性),女性40代,1992,
最も好きなお酒(単一回答),カクテル,年代別(女性),女性40代,1994,
最も好きなお酒(単一回答),カクテル,年代別(女性),女性40代,1996,
最も好きなお酒(単一回答),カクテル,年代別(女性),女性40代,1998,
最も好きなお酒(単一回答),カクテル,年代別(女性),女性40代,2000,
最も好きなお酒(単一回答),カクテル,年代別(女性),女性40代,2002,
最も好きなお酒(単一回答),カクテル,年代別(女性),女性40代,2004,
最も好きなお酒(単一回答),カクテル,年代別(女性),女性40代,2006,
最も好きなお酒(単一回答),カクテル,年代別(女性),女性40代,2008,
最も好きなお酒(単一回答),カクテル,年代別(女性),女性40代,2010,
最も好きなお酒(単一回答),カクテル,年代別(女性),女性40代,2012,
最も好きなお酒(単一回答),カクテル,年代別(女性),女性40代,2014,
最も好きなお酒(単一回答),カクテル,年代別(女性),女性40代,2016,11.1
最も好きなお酒(単一回答),カクテル,年代別(女性),女性40代,2018,5.5
最も好きなお酒(単一回答),カクテル,年代別(女性),女性40代,2020,8.7
最も好きなお酒(単一回答),カクテル,年代別(女性),女性40代,2022,7.1
最も好きなお酒(単一回答),カクテル,年代別(女性),女性40代,2024,7.1
最も好きなお酒(単一回答),カクテル,年代別(女性),女性50代,1992,
最も好きなお酒(単一回答),カクテル,年代別(女性),女性50代,1994,
最も好きなお酒(単一回答),カクテル,年代別(女性),女性50代,1996,
最も好きなお酒(単一回答),カクテル,年代別(女性),女性50代,1998,
最も好きなお酒(単一回答),カクテル,年代別(女性),女性50代,2000,
最も好きなお酒(単一回答),カクテル,年代別(女性),女性50代,2002,
最も好きなお酒(単一回答),カクテル,年代別(女性),女性50代,2004,
最も好きなお酒(単一回答),カクテル,年代別(女性),女性50代,2006,
最も好きなお酒(単一回答),カクテル,年代別(女性),女性50代,2008,
最も好きなお酒(単一回答),カクテル,年代別(女性),女性50代,2010,
最も好きなお酒(単一回答),カクテル,年代別(女性),女性50代,2012,
最も好きなお酒(単一回答),カクテル,年代別(女性),女性50代,2014,
最も好きなお酒(単一回答),カクテル,年代別(女性),女性50代,2016,9.0
最も好きなお酒(単一回答),カクテル,年代別(女性),女性50代,2018,5.7
最も好きなお酒(単一回答),カクテル,年代別(女性),女性50代,2020,2.2
最も好きなお酒(単一回答),カクテル,年代別(女性),女性50代,2022,4.2
最も好きなお酒(単一回答),カクテル,年代別(女性),女性50代,2024,5.0
最も好きなお酒(単一回答),カクテル,年代別(女性),女性60代,1992,
最も好きなお酒(単一回答),カクテル,年代別(女性),女性60代,1994,
最も好きなお酒(単一回答),カクテル,年代別(女性),女性60代,1996,
最も好きなお酒(単一回答),カクテル,年代別(女性),女性60代,1998,
最も好きなお酒(単一回答),カクテル,年代別(女性),女性60代,2000,
最も好きなお酒(単一回答),カクテル,年代別(女性),女性60代,2002,
最も好きなお酒(単一回答),カクテル,年代別(女性),女性60代,2004,
最も好きなお酒(単一回答),カクテル,年代別(女性),女性60代,2006,
最も好きなお酒(単一回答),カクテル,年代別(女性),女性60代,2008,
最も好きなお酒(単一回答),カクテル,年代別(女性),女性60代,2010,
最も好きなお酒(単一回答),カクテル,年代別(女性),女性60代,2012,
最も好きなお酒(単一回答),カクテル,年代別(女性),女性60代,2014,
最も好きなお酒(単一回答),カクテル,年代別(女性),女性60代,2016,1.9
最も好きなお酒(単一回答),カクテル,年代別(女性),女性60代,2018,4.0
最も好きなお酒(単一回答),カクテル,年代別(女性),女性60代,2020,1.5
最も好きなお酒(単一回答),カクテル,年代別(女性),女性60代,2022,1.4
最も好きなお酒(単一回答),カクテル,年代別(女性),女性60代,2024,0.9
最も好きなお酒(単一回答),カクテル,地域別,首都圏,1992,
最も好きなお酒(単一回答),カクテル,地域別,首都圏,1994,
最も好きなお酒(単一回答),カクテル,地域別,首都圏,1996,
最も好きなお酒(単一回答),カクテル,地域別,首都圏,1998,
最も好きなお酒(単一回答),カクテル,地域別,首都圏,2000,
最も好きなお酒(単一回答),カクテル,地域別,首都圏,2002,
最も好きなお酒(単一回答),カクテル,地域別,首都圏,2004,
最も好きなお酒(単一回答),カクテル,地域別,首都圏,2006,
最も好きなお酒(単一回答),カクテル,地域別,首都圏,2008,
最も好きなお酒(単一回答),カクテル,地域別,首都圏,2010,
最も好きなお酒(単一回答),カクテル,地域別,首都圏,2012,
最も好きなお酒(単一回答),カクテル,地域別,首都圏,2014,
最も好きなお酒(単一回答),カクテル,地域別,首都圏,2016,5.8
最も好きなお酒(単一回答),カクテル,地域別,首都圏,2018,5.2
最も好きなお酒(単一回答),カクテル,地域別,首都圏,2020,4.9
最も好きなお酒(単一回答),カクテル,地域別,首都圏,2022,4.8
最も好きなお酒(単一回答),カクテル,地域別,首都圏,2024,4.9
最も好きなお酒(単一回答),カクテル,地域別,阪神圏,1992,
最も好きなお酒(単一回答),カクテル,地域別,阪神圏,1994,
最も好きなお酒(単一回答),カクテル,地域別,阪神圏,1996,
最も好きなお酒(単一回答),カクテル,地域別,阪神圏,1998,
最も好きなお酒(単一回答),カクテル,地域別,阪神圏,2000,
最も好きなお酒(単一回答),カクテル,地域別,阪神圏,2002,
最も好きなお酒(単一回答),カクテル,地域別,阪神圏,2004,
最も好きなお酒(単一回答),カクテル,地域別,阪神圏,2006,
最も好きなお酒(単一回答),カクテル,地域別,阪神圏,2008,
最も好きなお酒(単一回答),カクテル,地域別,阪神圏,2010,
最も好きなお酒(単一回答),カクテル,地域別,阪神圏,2012,
最も好きなお酒(単一回答),カクテル,地域別,阪神圏,2014,
最も好きなお酒(単一回答),カクテル,地域別,阪神圏,2016,7.1
最も好きなお酒(単一回答),カクテル,地域別,阪神圏,2018,6.3
最も好きなお酒(単一回答),カクテル,地域別,阪神圏,2020,6.1
最も好きなお酒(単一回答),カクテル,地域別,阪神圏,2022,4.3
最も好きなお酒(単一回答),カクテル,地域別,阪神圏,2024,3.4
最も好きなお酒(単一回答),梅酒,全体,全体,1992,
最も好きなお酒(単一回答),梅酒,全体,全体,1994,
最も好きなお酒(単一回答),梅酒,全体,全体,1996,
最も好きなお酒(単一回答),梅酒,全体,全体,1998,
最も好きなお酒(単一回答),梅酒,全体,全体,2000,
最も好きなお酒(単一回答),梅酒,全体,全体,2002,
最も好きなお酒(単一回答),梅酒,全体,全体,2004,
最も好きなお酒(単一回答),梅酒,全体,全体,2006,
最も好きなお酒(単一回答),梅酒,全体,全体,2008,
最も好きなお酒(単一回答),梅酒,全体,全体,2010,
最も好きなお酒(単一回答),梅酒,全体,全体,2012,
最も好きなお酒(単一回答),梅酒,全体,全体,2014,
最も好きなお酒(単一回答),梅酒,全体,全体,2016,6.7
最も好きなお酒(単一回答),梅酒,全体,全体,2018,6.1
最も好きなお酒(単一回答),梅酒,全体,全体,2020,6.0
最も好きなお酒(単一回答),梅酒,全体,全体,2022,5.5
最も好きなお酒(単一回答),梅酒,全体,全体,2024,5.6
最も好きなお酒(単一回答),梅酒,男女別,男性,1992,
最も好きなお酒(単一回答),梅酒,男女別,男性,1994,
最も好きなお酒(単一回答),梅酒,男女別,男性,1996,
最も好きなお酒(単一回答),梅酒,男女別,男性,1998,
最も好きなお酒(単一回答),梅酒,男女別,男性,2000,
最も好きなお酒(単一回答),梅酒,男女別,男性,2002,
最も好きなお酒(単一回答),梅酒,男女別,男性,2004,
最も好きなお酒(単一回答),梅酒,男女別,男性,2006,
最も好きなお酒(単一回答),梅酒,男女別,男性,2008,
最も好きなお酒(単一回答),梅酒,男女別,男性,2010,
最も好きなお酒(単一回答),梅酒,男女別,男性,2012,
最も好きなお酒(単一回答),梅酒,男女別,男性,2014,
最も好きなお酒(単一回答),梅酒,男女別,男性,2016,2.8
最も好きなお酒(単一回答),梅酒,男女別,男性,2018,3.6
最も好きなお酒(単一回答),梅酒,男女別,男性,2020,2.4
最も好きなお酒(単一回答),梅酒,男女別,男性,2022,2.2
最も好きなお酒(単一回答),梅酒,男女別,男性,2024,2.8
最も好きなお酒(単一回答),梅酒,男女別,女性,1992,
最も好きなお酒(単一回答),梅酒,男女別,女性,1994,
最も好きなお酒(単一回答),梅酒,男女別,女性,1996,
最も好きなお酒(単一回答),梅酒,男女別,女性,1998,
最も好きなお酒(単一回答),梅酒,男女別,女性,2000,
最も好きなお酒(単一回答),梅酒,男女別,女性,2002,
最も好きなお酒(単一回答),梅酒,男女別,女性,2004,
最も好きなお酒(単一回答),梅酒,男女別,女性,2006,
最も好きなお酒(単一回答),梅酒,男女別,女性,2008,
最も好きなお酒(単一回答),梅酒,男女別,女性,2010,
最も好きなお酒(単一回答),梅酒,男女別,女性,2012,
最も好きなお酒(単一回答),梅酒,男女別,女性,2014,
最も好きなお酒(単一回答),梅酒,男女別,女性,2016,11.9
最も好きなお酒(単一回答),梅酒,男女別,女性,2018,9.5
最も好きなお酒(単一回答),梅酒,男女別,女性,2020,10.4
最も好きなお酒(単一回答),梅酒,男女別,女性,2022,9.6
最も好きなお酒(単一回答),梅酒,男女別,女性,2024,9.2
最も好きなお酒(単一回答),梅酒,年代別,20代,1992,
最も好きなお酒(単一回答),梅酒,年代別,20代,1994,
最も好きなお酒(単一回答),梅酒,年代別,20代,1996,
最も好きなお酒(単一回答),梅酒,年代別,20代,1998,
最も好きなお酒(単一回答),梅酒,年代別,20代,2000,
最も好きなお酒(単一回答),梅酒,年代別,20代,2002,
最も好きなお酒(単一回答),梅酒,年代別,20代,2004,
最も好きなお酒(単一回答),梅酒,年代別,20代,2006,
最も好きなお酒(単一回答),梅酒,年代別,20代,2008,
最も好きなお酒(単一回答),梅酒,年代別,20代,2010,
最も好きなお酒(単一回答),梅酒,年代別,20代,2012,
最も好きなお酒(単一回答),梅酒,年代別,20代,2014,
最も好きなお酒(単一回答),梅酒,年代別,20代,2016,12.5
最も好きなお酒(単一回答),梅酒,年代別,20代,2018,7.6
最も好きなお酒(単一回答),梅酒,年代別,20代,2020,8.5
最も好きなお酒(単一回答),梅酒,年代別,20代,2022,9.9
最も好きなお酒(単一回答),梅酒,年代別,20代,2024,9.3
最も好きなお酒(単一回答),梅酒,年代別,30代,1992,
最も好きなお酒(単一回答),梅酒,年代別,30代,1994,
最も好きなお酒(単一回答),梅酒,年代別,30代,1996,
最も好きなお酒(単一回答),梅酒,年代別,30代,1998,
最も好きなお酒(単一回答),梅酒,年代別,30代,2000,
最も好きなお酒(単一回答),梅酒,年代別,30代,2002,
最も好きなお酒(単一回答),梅酒,年代別,30代,2004,
最も好きなお酒(単一回答),梅酒,年代別,30代,2006,
最も好きなお酒(単一回答),梅酒,年代別,30代,2008,
最も好きなお酒(単一回答),梅酒,年代別,30代,2010,
最も好きなお酒(単一回答),梅酒,年代別,30代,2012,
最も好きなお酒(単一回答),梅酒,年代別,30代,2014,
最も好きなお酒(単一回答),梅酒,年代別,30代,2016,6.3
最も好きなお酒(単一回答),梅酒,年代別,30代,2018,6.9
最も好きなお酒(単一回答),梅酒,年代別,30代,2020,5.8
最も好きなお酒(単一回答),梅酒,年代別,30代,2022,5.2
最も好きなお酒(単一回答),梅酒,年代別,30代,2024,7.3
最も好きなお酒(単一回答),梅酒,年代別,40代,1992,
最も好きなお酒(単一回答),梅酒,年代別,40代,1994,
最も好きなお酒(単一回答),梅酒,年代別,40代,1996,
最も好きなお酒(単一回答),梅酒,年代別,40代,1998,
最も好きなお酒(単一回答),梅酒,年代別,40代,2000,
最も好きなお酒(単一回答),梅酒,年代別,40代,2002,
最も好きなお酒(単一回答),梅酒,年代別,40代,2004,
最も好きなお酒(単一回答),梅酒,年代別,40代,2006,
最も好きなお酒(単一回答),梅酒,年代別,40代,2008,
最も好きなお酒(単一回答),梅酒,年代別,40代,2010,
最も好きなお酒(単一回答),梅酒,年代別,40代,2012,
最も好きなお酒(単一回答),梅酒,年代別,40代,2014,
最も好きなお酒(単一回答),梅酒,年代別,40代,2016,5.9
最も好きなお酒(単一回答),梅酒,年代別,40代,2018,6.8
最も好きなお酒(単一回答),梅酒,年代別,40代,2020,4.8
最も好きなお酒(単一回答),梅酒,年代別,40代,2022,5.8
最も好きなお酒(単一回答),梅酒,年代別,40代,2024,5.0
最も好きなお酒(単一回答),梅酒,年代別,50代,1992,
最も好きなお酒(単一回答),梅酒,年代別,50代,1994,
最も好きなお酒(単一回答),梅酒,年代別,50代,1996,
最も好きなお酒(単一回答),梅酒,年代別,50代,1998,
最も好きなお酒(単一回答),梅酒,年代別,50代,2000,
最も好きなお酒(単一回答),梅酒,年代別,50代,2002,
最も好きなお酒(単一回答),梅酒,年代別,50代,2004,
最も好きなお酒(単一回答),梅酒,年代別,50代,2006,
最も好きなお酒(単一回答),梅酒,年代別,50代,2008,
最も好きなお酒(単一回答),梅酒,年代別,50代,2010,
最も好きなお酒(単一回答),梅酒,年代別,50代,2012,
最も好きなお酒(単一回答),梅酒,年代別,50代,2014,
最も好きなお酒(単一回答),梅酒,年代別,50代,2016,6.1
最も好きなお酒(単一回答),梅酒,年代別,50代,2018,6.6
最も好きなお酒(単一回答),梅酒,年代別,50代,2020,6.7
最も好きなお酒(単一回答),梅酒,年代別,50代,2022,2.4
最も好きなお酒(単一回答),梅酒,年代別,50代,2024,5.3
最も好きなお酒(単一回答),梅酒,年代別,60代,1992,
最も好きなお酒(単一回答),梅酒,年代別,60代,1994,
最も好きなお酒(単一回答),梅酒,年代別,60代,1996,
最も好きなお酒(単一回答),梅酒,年代別,60代,1998,
最も好きなお酒(単一回答),梅酒,年代別,60代,2000,
最も好きなお酒(単一回答),梅酒,年代別,60代,2002,
最も好きなお酒(単一回答),梅酒,年代別,60代,2004,
最も好きなお酒(単一回答),梅酒,年代別,60代,2006,
最も好きなお酒(単一回答),梅酒,年代別,60代,2008,
最も好きなお酒(単一回答),梅酒,年代別,60代,2010,
最も好きなお酒(単一回答),梅酒,年代別,60代,2012,
最も好きなお酒(単一回答),梅酒,年代別,60代,2014,
最も好きなお酒(単一回答),梅酒,年代別,60代,2016,3.7
最も好きなお酒(単一回答),梅酒,年代別,60代,2018,2.2
最も好きなお酒(単一回答),梅酒,年代別,60代,2020,4.4
最も好きなお酒(単一回答),梅酒,年代別,60代,2022,5.1
最も好きなお酒(単一回答),梅酒,年代別,60代,2024,1.5
最も好きなお酒(単一回答),梅酒,年代別(男性),男性20代,1992,
最も好きなお酒(単一回答),梅酒,年代別(男性),男性20代,1994,
最も好きなお酒(単一回答),梅酒,年代別(男性),男性20代,1996,
最も好きなお酒(単一回答),梅酒,年代別(男性),男性20代,1998,
最も好きなお酒(単一回答),梅酒,年代別(男性),男性20代,2000,
最も好きなお酒(単一回答),梅酒,年代別(男性),男性20代,2002,
最も好きなお酒(単一回答),梅酒,年代別(男性),男性20代,2004,
最も好きなお酒(単一回答),梅酒,年代別(男性),男性20代,2006,
最も好きなお酒(単一回答),梅酒,年代別(男性),男性20代,2008,
最も好きなお酒(単一回答),梅酒,年代別(男性),男性20代,2010,
最も好きなお酒(単一回答),梅酒,年代別(男性),男性20代,2012,
最も好きなお酒(単一回答),梅酒,年代別(男性),男性20代,2014,
最も好きなお酒(単一回答),梅酒,年代別(男性),男性20代,2016,5.9
最も好きなお酒(単一回答),梅酒,年代別(男性),男性20代,2018,6.0
最も好きなお酒(単一回答),梅酒,年代別(男性),男性20代,2020,7.5
最も好きなお酒(単一回答),梅酒,年代別(男性),男性20代,2022,6.6
最も好きなお酒(単一回答),梅酒,年代別(男性),男性20代,2024,7.8
最も好きなお酒(単一回答),梅酒,年代別(男性),男性30代,1992,
最も好きなお酒(単一回答),梅酒,年代別(男性),男性30代,1994,
最も好きなお酒(単一回答),梅酒,年代別(男性),男性30代,1996,
最も好きなお酒(単一回答),梅酒,年代別(男性),男性30代,1998,
最も好きなお酒(単一回答),梅酒,年代別(男性),男性30代,2000,
最も好きなお酒(単一回答),梅酒,年代別(男性),男性30代,2002,
最も好きなお酒(単一回答),梅酒,年代別(男性),男性30代,2004,
最も好きなお酒(単一回答),梅酒,年代別(男性),男性30代,2006,
最も好きなお酒(単一回答),梅酒,年代別(男性),男性30代,2008,
最も好きなお酒(単一回答),梅酒,年代別(男性),男性30代,2010,
最も好きなお酒(単一回答),梅酒,年代別(男性),男性30代,2012,
最も好きなお酒(単一回答),梅酒,年代別(男性),男性30代,2014,
最も好きなお酒(単一回答),梅酒,年代別(男性),男性30代,2016,3.2
最も好きなお酒(単一回答),梅酒,年代別(男性),男性30代,2018,5.6
最も好きなお酒(単一回答),梅酒,年代別(男性),男性30代,2020,0.6
最も好きなお酒(単一回答),梅酒,年代別(男性),男性30代,2022,0.5
最も好きなお酒(単一回答),梅酒,年代別(男性),男性30代,2024,3.0
最も好きなお酒(単一回答),梅酒,年代別(男性),男性40代,1992,
最も好きなお酒(単一回答),梅酒,年代別(男性),男性40代,1994,
最も好きなお酒(単一回答),梅酒,年代別(男性),男性40代,1996,
最も好きなお酒(単一回答),梅酒,年代別(男性),男性40代,1998,
最も好きなお酒(単一回答),梅酒,年代別(男性),男性40代,2000,
最も好きなお酒(単一回答),梅酒,年代別(男性),男性40代,2002,
最も好きなお酒(単一回答),梅酒,年代別(男性),男性40代,2004,
最も好きなお酒(単一回答),梅酒,年代別(男性),男性40代,2006,
最も好きなお酒(単一回答),梅酒,年代別(男性),男性40代,2008,
最も好きなお酒(単一回答),梅酒,年代別(男性),男性40代,2010,
最も好きなお酒(単一回答),梅酒,年代別(男性),男性40代,2012,
最も好きなお酒(単一回答),梅酒,年代別(男性),男性40代,2014,
最も好きなお酒(単一回答),梅酒,年代別(男性),男性40代,2016,3.1
最も好きなお酒(単一回答),梅酒,年代別(男性),男性40代,2018,3.5
最も好きなお酒(単一回答),梅酒,年代別(男性),男性40代,2020,1.6
最も好きなお酒(単一回答),梅酒,年代別(男性),男性40代,2022,1.4
最も好きなお酒(単一回答),梅酒,年代別(男性),男性40代,2024,2.3
最も好きなお酒(単一回答),梅酒,年代別(男性),男性50代,1992,
最も好きなお酒(単一回答),梅酒,年代別(男性),男性50代,1994,
最も好きなお酒(単一回答),梅酒,年代別(男性),男性50代,1996,
最も好きなお酒(単一回答),梅酒,年代別(男性),男性50代,1998,
最も好きなお酒(単一回答),梅酒,年代別(男性),男性50代,2000,
最も好きなお酒(単一回答),梅酒,年代別(男性),男性50代,2002,
最も好きなお酒(単一回答),梅酒,年代別(男性),男性50代,2004,
最も好きなお酒(単一回答),梅酒,年代別(男性),男性50代,2006,
最も好きなお酒(単一回答),梅酒,年代別(男性),男性50代,2008,
最も好きなお酒(単一回答),梅酒,年代別(男性),男性50代,2010,
最も好きなお酒(単一回答),梅酒,年代別(男性),男性50代,2012,
最も好きなお酒(単一回答),梅酒,年代別(男性),男性50代,2014,
最も好きなお酒(単一回答),梅酒,年代別(男性),男性50代,2016,2.4
最も好きなお酒(単一回答),梅酒,年代別(男性),男性50代,2018,2.6
最も好きなお酒(単一回答),梅酒,年代別(男性),男性50代,2020,1.8
最も好きなお酒(単一回答),梅酒,年代別(男性),男性50代,2022,1.1
最も好きなお酒(単一回答),梅酒,年代別(男性),男性50代,2024,1.7
最も好きなお酒(単一回答),梅酒,年代別(男性),男性60代,1992,
最も好きなお酒(単一回答),梅酒,年代別(男性),男性60代,1994,
最も好きなお酒(単一回答),梅酒,年代別(男性),男性60代,1996,
最も好きなお酒(単一回答),梅酒,年代別(男性),男性60代,1998,
最も好きなお酒(単一回答),梅酒,年代別(男性),男性60代,2000,
最も好きなお酒(単一回答),梅酒,年代別(男性),男性60代,2002,
最も好きなお酒(単一回答),梅酒,年代別(男性),男性60代,2004,
最も好きなお酒(単一回答),梅酒,年代別(男性),男性60代,2006,
最も好きなお酒(単一回答),梅酒,年代別(男性),男性60代,2008,
最も好きなお酒(単一回答),梅酒,年代別(男性),男性60代,2010,
最も好きなお酒(単一回答),梅酒,年代別(男性),男性60代,2012,
最も好きなお酒(単一回答),梅酒,年代別(男性),男性60代,2014,
最も好きなお酒(単一回答),梅酒,年代別(男性),男性60代,2016,0.0
最も好きなお酒(単一回答),梅酒,年代別(男性),男性60代,2018,0.5
最も好きなお酒(単一回答),梅酒,年代別(男性),男性60代,2020,1.2
最も好きなお酒(単一回答),梅酒,年代別(男性),男性60代,2022,2.9
最も好きなお酒(単一回答),梅酒,年代別(男性),男性60代,2024,0.0
最も好きなお酒(単一回答),梅酒,年代別(女性),女性20代,1992,
最も好きなお酒(単一回答),梅酒,年代別(女性),女性20代,1994,
最も好きなお酒(単一回答),梅酒,年代別(女性),女性20代,1996,
最も好きなお酒(単一回答),梅酒,年代別(女性),女性20代,1998,
最も好きなお酒(単一回答),梅酒,年代別(女性),女性20代,2000,
最も好きなお酒(単一回答),梅酒,年代別(女性),女性20代,2002,
最も好きなお酒(単一回答),梅酒,年代別(女性),女性20代,2004,
最も好きなお酒(単一回答),梅酒,年代別(女性),女性20代,2006,
最も好きなお酒(単一回答),梅酒,年代別(女性),女性20代,2008,
最も好きなお酒(単一回答),梅酒,年代別(女性),女性20代,2010,
最も好きなお酒(単一回答),梅酒,年代別(女性),女性20代,2012,
最も好きなお酒(単一回答),梅酒,年代別(女性),女性20代,2014,
最も好きなお酒(単一回答),梅酒,年代別(女性),女性20代,2016,19.9
最も好きなお酒(単一回答),梅酒,年代別(女性),女性20代,2018,9.4
最も好きなお酒(単一回答),梅酒,年代別(女性),女性20代,2020,9.8
最も好きなお酒(単一回答),梅酒,年代別(女性),女性20代,2022,13.4
最も好きなお酒(単一回答),梅酒,年代別(女性),女性20代,2024,11.0
最も好きなお酒(単一回答),梅酒,年代別(女性),女性30代,1992,
最も好きなお酒(単一回答),梅酒,年代別(女性),女性30代,1994,
最も好きなお酒(単一回答),梅酒,年代別(女性),女性30代,1996,
最も好きなお酒(単一回答),梅酒,年代別(女性),女性30代,1998,
最も好きなお酒(単一回答),梅酒,年代別(女性),女性30代,2000,
最も好きなお酒(単一回答),梅酒,年代別(女性),女性30代,2002,
最も好きなお酒(単一回答),梅酒,年代別(女性),女性30代,2004,
最も好きなお酒(単一回答),梅酒,年代別(女性),女性30代,2006,
最も好きなお酒(単一回答),梅酒,年代別(女性),女性30代,2008,
最も好きなお酒(単一回答),梅酒,年代別(女性),女性30代,2010,
最も好きなお酒(単一回答),梅酒,年代別(女性),女性30代,2012,
最も好きなお酒(単一回答),梅酒,年代別(女性),女性30代,2014,
最も好きなお酒(単一回答),梅酒,年代別(女性),女性30代,2016,10.5
最も好きなお酒(単一回答),梅酒,年代別(女性),女性30代,2018,8.8
最も好きなお酒(単一回答),梅酒,年代別(女性),女性30代,2020,12.6
最も好きなお酒(単一回答),梅酒,年代別(女性),女性30代,2022,11.1
最も好きなお酒(単一回答),梅酒,年代別(女性),女性30代,2024,12.4
最も好きなお酒(単一回答),梅酒,年代別(女性),女性40代,1992,
最も好きなお酒(単一回答),梅酒,年代別(女性),女性40代,1994,
最も好きなお酒(単一回答),梅酒,年代別(女性),女性40代,1996,
最も好きなお酒(単一回答),梅酒,年代別(女性),女性40代,1998,
最も好きなお酒(単一回答),梅酒,年代別(女性),女性40代,2000,
最も好きなお酒(単一回答),梅酒,年代別(女性),女性40代,2002,
最も好きなお酒(単一回答),梅酒,年代別(女性),女性40代,2004,
最も好きなお酒(単一回答),梅酒,年代別(女性),女性40代,2006,
最も好きなお酒(単一回答),梅酒,年代別(女性),女性40代,2008,
最も好きなお酒(単一回答),梅酒,年代別(女性),女性40代,2010,
最も好きなお酒(単一回答),梅酒,年代別(女性),女性40代,2012,
最も好きなお酒(単一回答),梅酒,年代別(女性),女性40代,2014,
最も好きなお酒(単一回答),梅酒,年代別(女性),女性40代,2016,9.5
最も好きなお酒(単一回答),梅酒,年代別(女性),女性40代,2018,11.0
最も好きなお酒(単一回答),梅酒,年代別(女性),女性40代,2020,8.7
最も好きなお酒(単一回答),梅酒,年代別(女性),女性40代,2022,11.5
最も好きなお酒(単一回答),梅酒,年代別(女性),女性40代,2024,8.3
最も好きなお酒(単一回答),梅酒,年代別(女性),女性50代,1992,
最も好きなお酒(単一回答),梅酒,年代別(女性),女性50代,1994,
最も好きなお酒(単一回答),梅酒,年代別(女性),女性50代,1996,
最も好きなお酒(単一回答),梅酒,年代別(女性),女性50代,1998,
最も好きなお酒(単一回答),梅酒,年代別(女性),女性50代,2000,
最も好きなお酒(単一回答),梅酒,年代別(女性),女性50代,2002,
最も好きなお酒(単一回答),梅酒,年代別(女性),女性50代,2004,
最も好きなお酒(単一回答),梅酒,年代別(女性),女性50代,2006,
最も好きなお酒(単一回答),梅酒,年代別(女性),女性50代,2008,
最も好きなお酒(単一回答),梅酒,年代別(女性),女性50代,2010,
最も好きなお酒(単一回答),梅酒,年代別(女性),女性50代,2012,
最も好きなお酒(単一回答),梅酒,年代別(女性),女性50代,2014,
最も好きなお酒(単一回答),梅酒,年代別(女性),女性50代,2016,11.4
最も好きなお酒(単一回答),梅酒,年代別(女性),女性50代,2018,12.0
最も好きなお酒(単一回答),梅酒,年代別(女性),女性50代,2020,12.8
最も好きなお酒(単一回答),梅酒,年代別(女性),女性50代,2022,4.2
最も好きなお酒(単一回答),梅酒,年代別(女性),女性50代,2024,9.9
最も好きなお酒(単一回答),梅酒,年代別(女性),女性60代,1992,
最も好きなお酒(単一回答),梅酒,年代別(女性),女性60代,1994,
最も好きなお酒(単一回答),梅酒,年代別(女性),女性60代,1996,
最も好きなお酒(単一回答),梅酒,年代別(女性),女性60代,1998,
最も好きなお酒(単一回答),梅酒,年代別(女性),女性60代,2000,
最も好きなお酒(単一回答),梅酒,年代別(女性),女性60代,2002,
最も好きなお酒(単一回答),梅酒,年代別(女性),女性60代,2004,
最も好きなお酒(単一回答),梅酒,年代別(女性),女性60代,2006,
最も好きなお酒(単一回答),梅酒,年代別(女性),女性60代,2008,
最も好きなお酒(単一回答),梅酒,年代別(女性),女性60代,2010,
最も好きなお酒(単一回答),梅酒,年代別(女性),女性60代,2012,
最も好きなお酒(単一回答),梅酒,年代別(女性),女性60代,2014,
最も好きなお酒(単一回答),梅酒,年代別(女性),女性60代,2016,9.7
最も好きなお酒(単一回答),梅酒,年代別(女性),女性60代,2018,4.6
最も好きなお酒(単一回答),梅酒,年代別(女性),女性60代,2020,8.4
最も好きなお酒(単一回答),梅酒,年代別(女性),女性60代,2022,8.2
最も好きなお酒(単一回答),梅酒,年代別(女性),女性60代,2024,3.5
最も好きなお酒(単一回答),梅酒,地域別,首都圏,1992,
最も好きなお酒(単一回答),梅酒,地域別,首都圏,1994,
最も好きなお酒(単一回答),梅酒,地域別,首都圏,1996,
最も好きなお酒(単一回答),梅酒,地域別,首都圏,1998,
最も好きなお酒(単一回答),梅酒,地域別,首都圏,2000,
最も好きなお酒(単一回答),梅酒,地域別,首都圏,2002,
最も好きなお酒(単一回答),梅酒,地域別,首都圏,2004,
最も好きなお酒(単一回答),梅酒,地域別,首都圏,2006,
最も好きなお酒(単一回答),梅酒,地域別,首都圏,2008,
最も好きなお酒(単一回答),梅酒,地域別,首都圏,2010,
最も好きなお酒(単一回答),梅酒,地域別,首都圏,2012,
最も好きなお酒(単一回答),梅酒,地域別,首都圏,2014,
最も好きなお酒(単一回答),梅酒,地域別,首都圏,2016,6.9
最も好きなお酒(単一回答),梅酒,地域別,首都圏,2018,6.2
最も好きなお酒(単一回答),梅酒,地域別,首都圏,2020,5.5
最も好きなお酒(単一回答),梅酒,地域別,首都圏,2022,4.6
最も好きなお酒(単一回答),梅酒,地域別,首都圏,2024,5.4
最も好きなお酒(単一回答),梅酒,地域別,阪神圏,1992,
最も好きなお酒(単一回答),梅酒,地域別,阪神圏,1994,
最も好きなお酒(単一回答),梅酒,地域別,阪神圏,1996,
最も好きなお酒(単一回答),梅酒,地域別,阪神圏,1998,
最も好きなお酒(単一回答),梅酒,地域別,阪神圏,2000,
最も好きなお酒(単一回答),梅酒,地域別,阪神圏,2002,
最も好きなお酒(単一回答),梅酒,地域別,阪神圏,2004,
最も好きなお酒(単一回答),梅酒,地域別,阪神圏,2006,
最も好きなお酒(単一回答),梅酒,地域別,阪神圏,2008,
最も好きなお酒(単一回答),梅酒,地域別,阪神圏,2010,
最も好きなお酒(単一回答),梅酒,地域別,阪神圏,2012,
最も好きなお酒(単一回答),梅酒,地域別,阪神圏,2014,
最も好きなお酒(単一回答),梅酒,地域別,阪神圏,2016,6.0
最も好きなお酒(単一回答),梅酒,地域別,阪神圏,2018,6.0
最も好きなお酒(単一回答),梅酒,地域別,阪神圏,2020,7.3
最も好きなお酒(単一回答),梅酒,地域別,阪神圏,2022,7.9
最も好きなお酒(単一回答),梅酒,地域別,阪神圏,2024,6.3
最も好きなお酒(単一回答),ハイボール,全体,全体,1992,
最も好きなお酒(単一回答),ハイボール,全体,全体,1994,
最も好きなお酒(単一回答),ハイボール,全体,全体,1996,
最も好きなお酒(単一回答),ハイボール,全体,全体,1998,
最も好きなお酒(単一回答),ハイボール,全体,全体,2000,
最も好きなお酒(単一回答),ハイボール,全体,全体,2002,
最も好きなお酒(単一回答),ハイボール,全体,全体,2004,
最も好きなお酒(単一回答),ハイボール,全体,全体,2006,
最も好きなお酒(単一回答),ハイボール,全体,全体,2008,
最も好きなお酒(単一回答),ハイボール,全体,全体,2010,
最も好きなお酒(単一回答),ハイボール,全体,全体,2012,
最も好きなお酒(単一回答),ハイボール,全体,全体,2014,
最も好きなお酒(単一回答),ハイボール,全体,全体,2016,3.1
最も好きなお酒(単一回答),ハイボール,全体,全体,2018,4.5
最も好きなお酒(単一回答),ハイボール,全体,全体,2020,5.0
最も好きなお酒(単一回答),ハイボール,全体,全体,2022,6.4
最も好きなお酒(単一回答),ハイボール,全体,全体,2024,8.3
最も好きなお酒(単一回答),ハイボール,男女別,男性,1992,
最も好きなお酒(単一回答),ハイボール,男女別,男性,1994,
最も好きなお酒(単一回答),ハイボール,男女別,男性,1996,
最も好きなお酒(単一回答),ハイボール,男女別,男性,1998,
最も好きなお酒(単一回答),ハイボール,男女別,男性,2000,
最も好きなお酒(単一回答),ハイボール,男女別,男性,2002,
最も好きなお酒(単一回答),ハイボール,男女別,男性,2004,
最も好きなお酒(単一回答),ハイボール,男女別,男性,2006,
最も好きなお酒(単一回答),ハイボール,男女別,男性,2008,
最も好きなお酒(単一回答),ハイボール,男女別,男性,2010,
最も好きなお酒(単一回答),ハイボール,男女別,男性,2012,
最も好きなお酒(単一回答),ハイボール,男女別,男性,2014,
最も好きなお酒(単一回答),ハイボール,男女別,男性,2016,3.7
最も好きなお酒(単一回答),ハイボール,男女別,男性,2018,4.3
最も好きなお酒(単一回答),ハイボール,男女別,男性,2020,6.2
最も好きなお酒(単一回答),ハイボール,男女別,男性,2022,7.7
最も好きなお酒(単一回答),ハイボール,男女別,男性,2024,9.2
最も好きなお酒(単一回答),ハイボール,男女別,女性,1992,
最も好きなお酒(単一回答),ハイボール,男女別,女性,1994,
最も好きなお酒(単一回答),ハイボール,男女別,女性,1996,
最も好きなお酒(単一回答),ハイボール,男女別,女性,1998,
最も好きなお酒(単一回答),ハイボール,男女別,女性,2000,
最も好きなお酒(単一回答),ハイボール,男女別,女性,2002,
最も好きなお酒(単一回答),ハイボール,男女別,女性,2004,
最も好きなお酒(単一回答),ハイボール,男女別,女性,2006,
最も好きなお酒(単一回答),ハイボール,男女別,女性,2008,
最も好きなお酒(単一回答),ハイボール,男女別,女性,2010,
最も好きなお酒(単一回答),ハイボール,男女別,女性,2012,
最も好きなお酒(単一回答),ハイボール,男女別,女性,2014,
最も好きなお酒(単一回答),ハイボール,男女別,女性,2016,2.4
最も好きなお酒(単一回答),ハイボール,男女別,女性,2018,4.6
最も好きなお酒(単一回答),ハイボール,男女別,女性,2020,3.6
最も好きなお酒(単一回答),ハイボール,男女別,女性,2022,4.8
最も好きなお酒(単一回答),ハイボール,男女別,女性,2024,7.1
最も好きなお酒(単一回答),ハイボール,年代別,20代,1992,
最も好きなお酒(単一回答),ハイボール,年代別,20代,1994,
最も好きなお酒(単一回答),ハイボール,年代別,20代,1996,
最も好きなお酒(単一回答),ハイボール,年代別,20代,1998,
最も好きなお酒(単一回答),ハイボール,年代別,20代,2000,
最も好きなお酒(単一回答),ハイボール,年代別,20代,2002,
最も好きなお酒(単一回答),ハイボール,年代別,20代,2004,
最も好きなお酒(単一回答),ハイボール,年代別,20代,2006,
最も好きなお酒(単一回答),ハイボール,年代別,20代,2008,
最も好きなお酒(単一回答),ハイボール,年代別,20代,2010,
最も好きなお酒(単一回答),ハイボール,年代別,20代,2012,
最も好きなお酒(単一回答),ハイボール,年代別,20代,2014,
最も好きなお酒(単一回答),ハイボール,年代別,20代,2016,5.7
最も好きなお酒(単一回答),ハイボール,年代別,20代,2018,8.7
最も好きなお酒(単一回答),ハイボール,年代別,20代,2020,9.6
最も好きなお酒(単一回答),ハイボール,年代別,20代,2022,11.6
最も好きなお酒(単一回答),ハイボール,年代別,20代,2024,12.1
最も好きなお酒(単一回答),ハイボール,年代別,30代,1992,
最も好きなお酒(単一回答),ハイボール,年代別,30代,1994,
最も好きなお酒(単一回答),ハイボール,年代別,30代,1996,
最も好きなお酒(単一回答),ハイボール,年代別,30代,1998,
最も好きなお酒(単一回答),ハイボール,年代別,30代,2000,
最も好きなお酒(単一回答),ハイボール,年代別,30代,2002,
最も好きなお酒(単一回答),ハイボール,年代別,30代,2004,
最も好きなお酒(単一回答),ハイボール,年代別,30代,2006,
最も好きなお酒(単一回答),ハイボール,年代別,30代,2008,
最も好きなお酒(単一回答),ハイボール,年代別,30代,2010,
最も好きなお酒(単一回答),ハイボール,年代別,30代,2012,
最も好きなお酒(単一回答),ハイボール,年代別,30代,2014,
最も好きなお酒(単一回答),ハイボール,年代別,30代,2016,3.4
最も好きなお酒(単一回答),ハイボール,年代別,30代,2018,4.7
最も好きなお酒(単一回答),ハイボール,年代別,30代,2020,5.2
最も好きなお酒(単一回答),ハイボール,年代別,30代,2022,7.6
最も好きなお酒(単一回答),ハイボール,年代別,30代,2024,10.3
最も好きなお酒(単一回答),ハイボール,年代別,40代,1992,
最も好きなお酒(単一回答),ハイボール,年代別,40代,1994,
最も好きなお酒(単一回答),ハイボール,年代別,40代,1996,
最も好きなお酒(単一回答),ハイボール,年代別,40代,1998,
最も好きなお酒(単一回答),ハイボール,年代別,40代,2000,
最も好きなお酒(単一回答),ハイボール,年代別,40代,2002,
最も好きなお酒(単一回答),ハイボール,年代別,40代,2004,
最も好きなお酒(単一回答),ハイボール,年代別,40代,2006,
最も好きなお酒(単一回答),ハイボール,年代別,40代,2008,
最も好きなお酒(単一回答),ハイボール,年代別,40代,2010,
最も好きなお酒(単一回答),ハイボール,年代別,40代,2012,
最も好きなお酒(単一回答),ハイボール,年代別,40代,2014,
最も好きなお酒(単一回答),ハイボール,年代別,40代,2016,3.5
最も好きなお酒(単一回答),ハイボール,年代別,40代,2018,3.9
最も好きなお酒(単一回答),ハイボール,年代別,40代,2020,4.1
最も好きなお酒(単一回答),ハイボール,年代別,40代,2022,5.2
最も好きなお酒(単一回答),ハイボール,年代別,40代,2024,10.2
最も好きなお酒(単一回答),ハイボール,年代別,50代,1992,
最も好きなお酒(単一回答),ハイボール,年代別,50代,1994,
最も好きなお酒(単一回答),ハイボール,年代別,50代,1996,
最も好きなお酒(単一回答),ハイボール,年代別,50代,1998,
最も好きなお酒(単一回答),ハイボール,年代別,50代,2000,
最も好きなお酒(単一回答),ハイボール,年代別,50代,2002,
最も好きなお酒(単一回答),ハイボール,年代別,50代,2004,
最も好きなお酒(単一回答),ハイボール,年代別,50代,2006,
最も好きなお酒(単一回答),ハイボール,年代別,50代,2008,
最も好きなお酒(単一回答),ハイボール,年代別,50代,2010,
最も好きなお酒(単一回答),ハイボール,年代別,50代,2012,
最も好きなお酒(単一回答),ハイボール,年代別,50代,2014,
最も好きなお酒(単一回答),ハイボール,年代別,50代,2016,2.2
最も好きなお酒(単一回答),ハイボール,年代別,50代,2018,3.4
最も好きなお酒(単一回答),ハイボール,年代別,50代,2020,4.2
最も好きなお酒(単一回答),ハイボール,年代別,50代,2022,4.4
最も好きなお酒(単一回答),ハイボール,年代別,50代,2024,5.8
最も好きなお酒(単一回答),ハイボール,年代別,60代,1992,
最も好きなお酒(単一回答),ハイボール,年代別,60代,1994,
最も好きなお酒(単一回答),ハイボール,年代別,60代,1996,
最も好きなお酒(単一回答),ハイボール,年代別,60代,1998,
最も好きなお酒(単一回答),ハイボール,年代別,60代,2000,
最も好きなお酒(単一回答),ハイボール,年代別,60代,2002,
最も好きなお酒(単一回答),ハイボール,年代別,60代,2004,
最も好きなお酒(単一回答),ハイボール,年代別,60代,2006,
最も好きなお酒(単一回答),ハイボール,年代別,60代,2008,
最も好きなお酒(単一回答),ハイボール,年代別,60代,2010,
最も好きなお酒(単一回答),ハイボール,年代別,60代,2012,
最も好きなお酒(単一回答),ハイボール,年代別,60代,2014,
最も好きなお酒(単一回答),ハイボール,年代別,60代,2016,1.0
最も好きなお酒(単一回答),ハイボール,年代別,60代,2018,2.2
最も好きなお酒(単一回答),ハイボール,年代別,60代,2020,2.7
最も好きなお酒(単一回答),ハイボール,年代別,60代,2022,4.6
最も好きなお酒(単一回答),ハイボール,年代別,60代,2024,3.3
最も好きなお酒(単一回答),ハイボール,年代別(男性),男性20代,1992,
最も好きなお酒(単一回答),ハイボール,年代別(男性),男性20代,1994,
最も好きなお酒(単一回答),ハイボール,年代別(男性),男性20代,1996,
最も好きなお酒(単一回答),ハイボール,年代別(男性),男性20代,1998,
最も好きなお酒(単一回答),ハイボール,年代別(男性),男性20代,2000,
最も好きなお酒(単一回答),ハイボール,年代別(男性),男性20代,2002,
最も好きなお酒(単一回答),ハイボール,年代別(男性),男性20代,2004,
最も好きなお酒(単一回答),ハイボール,年代別(男性),男性20代,2006,
最も好きなお酒(単一回答),ハイボール,年代別(男性),男性20代,2008,
最も好きなお酒(単一回答),ハイボール,年代別(男性),男性20代,2010,
最も好きなお酒(単一回答),ハイボール,年代別(男性),男性20代,2012,
最も好きなお酒(単一回答),ハイボール,年代別(男性),男性20代,2014,
最も好きなお酒(単一回答),ハイボール,年代別(男性),男性20代,2016,6.5
最も好きなお酒(単一回答),ハイボール,年代別(男性),男性20代,2018,7.6
最も好きなお酒(単一回答),ハイボール,年代別(男性),男性20代,2020,10.6
最も好きなお酒(単一回答),ハイボール,年代別(男性),男性20代,2022,12.2
最も好きなお酒(単一回答),ハイボール,年代別(男性),男性20代,2024,13.0
最も好きなお酒(単一回答),ハイボール,年代別(男性),男性30代,1992,
最も好きなお酒(単一回答),ハイボール,年代別(男性),男性30代,1994,
最も好きなお酒(単一回答),ハイボール,年代別(男性),男性30代,1996,
最も好きなお酒(単一回答),ハイボール,年代別(男性),男性30代,1998,
最も好きなお酒(単一回答),ハイボール,年代別(男性),男性30代,2000,
最も好きなお酒(単一回答),ハイボール,年代別(男性),男性30代,2002,
最も好きなお酒(単一回答),ハイボール,年代別(男性),男性30代,2004,
最も好きなお酒(単一回答),ハイボール,年代別(男性),男性30代,2006,
最も好きなお酒(単一回答),ハイボール,年代別(男性),男性30代,2008,
最も好きなお酒(単一回答),ハイボール,年代別(男性),男性30代,2010,
最も好きなお酒(単一回答),ハイボール,年代別(男性),男性30代,2012,
最も好きなお酒(単一回答),ハイボール,年代別(男性),男性30代,2014,
最も好きなお酒(単一回答),ハイボール,年代別(男性),男性30代,2016,3.2
最も好きなお酒(単一回答),ハイボール,年代別(男性),男性30代,2018,4.3
最も好きなお酒(単一回答),ハイボール,年代別(男性),男性30代,2020,7.4
最も好きなお酒(単一回答),ハイボール,年代別(男性),男性30代,2022,10.0
最も好きなお酒(単一回答),ハイボール,年代別(男性),男性30代,2024,13.9
最も好きなお酒(単一回答),ハイボール,年代別(男性),男性40代,1992,
最も好きなお酒(単一回答),ハイボール,年代別(男性),男性40代,1994,
最も好きなお酒(単一回答),ハイボール,年代別(男性),男性40代,1996,
最も好きなお酒(単一回答),ハイボール,年代別(男性),男性40代,1998,
最も好きなお酒(単一回答),ハイボール,年代別(男性),男性40代,2000,
最も好きなお酒(単一回答),ハイボール,年代別(男性),男性40代,2002,
最も好きなお酒(単一回答),ハイボール,年代別(男性),男性40代,2004,
最も好きなお酒(単一回答),ハイボール,年代別(男性),男性40代,2006,
最も好きなお酒(単一回答),ハイボール,年代別(男性),男性40代,2008,
最も好きなお酒(単一回答),ハイボール,年代別(男性),男性40代,2010,
最も好きなお酒(単一回答),ハイボール,年代別(男性),男性40代,2012,
最も好きなお酒(単一回答),ハイボール,年代別(男性),男性40代,2014,
最も好きなお酒(単一回答),ハイボール,年代別(男性),男性40代,2016,5.0
最も好きなお酒(単一回答),ハイボール,年代別(男性),男性40代,2018,3.8
最も好きなお酒(単一回答),ハイボール,年代別(男性),男性40代,2020,4.7
最も好きなお酒(単一回答),ハイボール,年代別(男性),男性40代,2022,8.0
最も好きなお酒(単一回答),ハイボール,年代別(男性),男性40代,2024,11.7
最も好きなお酒(単一回答),ハイボール,年代別(男性),男性50代,1992,
最も好きなお酒(単一回答),ハイボール,年代別(男性),男性50代,1994,
最も好きなお酒(単一回答),ハイボール,年代別(男性),男性50代,1996,
最も好きなお酒(単一回答),ハイボール,年代別(男性),男性50代,1998,
最も好きなお酒(単一回答),ハイボール,年代別(男性),男性50代,2000,
最も好きなお酒(単一回答),ハイボール,年代別(男性),男性50代,2002,
最も好きなお酒(単一回答),ハイボール,年代別(男性),男性50代,2004,
最も好きなお酒(単一回答),ハイボール,年代別(男性),男性50代,2006,
最も好きなお酒(単一回答),ハイボール,年代別(男性),男性50代,2008,
最も好きなお酒(単一回答),ハイボール,年代別(男性),男性50代,2010,
最も好きなお酒(単一回答),ハイボール,年代別(男性),男性50代,2012,
最も好きなお酒(単一回答),ハイボール,年代別(男性),男性50代,2014,
最も好きなお酒(単一回答),ハイボール,年代別(男性),男性50代,2016,3.3
最も好きなお酒(単一回答),ハイボール,年代別(男性),男性50代,2018,3.8
最も好きなお酒(単一回答),ハイボール,年代別(男性),男性50代,2020,5.0
最も好きなお酒(単一回答),ハイボール,年代別(男性),男性50代,2022,5.3
最も好きなお酒(単一回答),ハイボール,年代別(男性),男性50代,2024,5.5
最も好きなお酒(単一回答),ハイボール,年代別(男性),男性60代,1992,
最も好きなお酒(単一回答),ハイボール,年代別(男性),男性60代,1994,
最も好きなお酒(単一回答),ハイボール,年代別(男性),男性60代,1996,
最も好きなお酒(単一回答),ハイボール,年代別(男性),男性60代,1998,
最も好きなお酒(単一回答),ハイボール,年代別(男性),男性60代,2000,
最も好きなお酒(単一回答),ハイボール,年代別(男性),男性60代,2002,
最も好きなお酒(単一回答),ハイボール,年代別(男性),男性60代,2004,
最も好きなお酒(単一回答),ハイボール,年代別(男性),男性60代,2006,
最も好きなお酒(単一回答),ハイボール,年代別(男性),男性60代,2008,
最も好きなお酒(単一回答),ハイボール,年代別(男性),男性60代,2010,
最も好きなお酒(単一回答),ハイボール,年代別(男性),男性60代,2012,
最も好きなお酒(単一回答),ハイボール,年代別(男性),男性60代,2014,
最も好きなお酒(単一回答),ハイボール,年代別(男性),男性60代,2016,0.8
最も好きなお酒(単一回答),ハイボール,年代別(男性),男性60代,2018,2.9
最も好きなお酒(単一回答),ハイボール,年代別(男性),男性60代,2020,4.3
最も好きなお酒(単一回答),ハイボール,年代別(男性),男性60代,2022,4.4
最も好きなお酒(単一回答),ハイボール,年代別(男性),男性60代,2024,2.5
最も好きなお酒(単一回答),ハイボール,年代別(女性),女性20代,1992,
最も好きなお酒(単一回答),ハイボール,年代別(女性),女性20代,1994,
最も好きなお酒(単一回答),ハイボール,年代別(女性),女性20代,1996,
最も好きなお酒(単一回答),ハイボール,年代別(女性),女性20代,1998,
最も好きなお酒(単一回答),ハイボール,年代別(女性),女性20代,2000,
最も好きなお酒(単一回答),ハイボール,年代別(女性),女性20代,2002,
最も好きなお酒(単一回答),ハイボール,年代別(女性),女性20代,2004,
最も好きなお酒(単一回答),ハイボール,年代別(女性),女性20代,2006,
最も好きなお酒(単一回答),ハイボール,年代別(女性),女性20代,2008,
最も好きなお酒(単一回答),ハイボール,年代別(女性),女性20代,2010,
最も好きなお酒(単一回答),ハイボール,年代別(女性),女性20代,2012,
最も好きなお酒(単一回答),ハイボール,年代別(女性),女性20代,2014,
最も好きなお酒(単一回答),ハイボール,年代別(女性),女性20代,2016,4.8
最も好きなお酒(単一回答),ハイボール,年代別(女性),女性20代,2018,10.1
最も好きなお酒(単一回答),ハイボール,年代別(女性),女性20代,2020,8.3
最も好きなお酒(単一回答),ハイボール,年代別(女性),女性20代,2022,11.0
最も好きなお酒(単一回答),ハイボール,年代別(女性),女性20代,2024,11.0
最も好きなお酒(単一回答),ハイボール,年代別(女性),女性30代,1992,
最も好きなお酒(単一回答),ハイボール,年代別(女性),女性30代,1994,
最も好きなお酒(単一回答),ハイボール,年代別(女性),女性30代,1996,
最も好きなお酒(単一回答),ハイボール,年代別(女性),女性30代,1998,
最も好きなお酒(単一回答),ハイボール,年代別(女性),女性30代,2000,
最も好きなお酒(単一回答),ハイボール,年代別(女性),女性30代,2002,
最も好きなお酒(単一回答),ハイボール,年代別(女性),女性30代,2004,
最も好きなお酒(単一回答),ハイボール,年代別(女性),女性30代,2006,
最も好きなお酒(単一回答),ハイボール,年代別(女性),女性30代,2008,
最も好きなお酒(単一回答),ハイボール,年代別(女性),女性30代,2010,
最も好きなお酒(単一回答),ハイボール,年代別(女性),女性30代,2012,
最も好きなお酒(単一回答),ハイボール,年代別(女性),女性30代,2014,
最も好きなお酒(単一回答),ハイボール,年代別(女性),女性30代,2016,3.7
最も好きなお酒(単一回答),ハイボール,年代別(女性),女性30代,2018,5.3
最も好きなお酒(単一回答),ハイボール,年代別(女性),女性30代,2020,2.2
最も好きなお酒(単一回答),ハイボール,年代別(女性),女性30代,2022,4.7
最も好きなお酒(単一回答),ハイボール,年代別(女性),女性30代,2024,5.8
最も好きなお酒(単一回答),ハイボール,年代別(女性),女性40代,1992,
最も好きなお酒(単一回答),ハイボール,年代別(女性),女性40代,1994,
最も好きなお酒(単一回答),ハイボール,年代別(女性),女性40代,1996,
最も好きなお酒(単一回答),ハイボール,年代別(女性),女性40代,1998,
最も好きなお酒(単一回答),ハイボール,年代別(女性),女性40代,2000,
最も好きなお酒(単一回答),ハイボール,年代別(女性),女性40代,2002,
最も好きなお酒(単一回答),ハイボール,年代別(女性),女性40代,2004,
最も好きなお酒(単一回答),ハイボール,年代別(女性),女性40代,2006,
最も好きなお酒(単一回答),ハイボール,年代別(女性),女性40代,2008,
最も好きなお酒(単一回答),ハイボール,年代別(女性),女性40代,2010,
最も好きなお酒(単一回答),ハイボール,年代別(女性),女性40代,2012,
最も好きなお酒(単一回答),ハイボール,年代別(女性),女性40代,2014,
最も好きなお酒(単一回答),ハイボール,年代別(女性),女性40代,2016,1.6
最も好きなお酒(単一回答),ハイボール,年代別(女性),女性40代,2018,3.9
最も好きなお酒(単一回答),ハイボール,年代別(女性),女性40代,2020,3.4
最も好きなお酒(単一回答),ハイボール,年代別(女性),女性40代,2022,1.8
最も好きなお酒(単一回答),ハイボール,年代別(女性),女性40代,2024,8.3
最も好きなお酒(単一回答),ハイボール,年代別(女性),女性50代,1992,
最も好きなお酒(単一回答),ハイボール,年代別(女性),女性50代,1994,
最も好きなお酒(単一回答),ハイボール,年代別(女性),女性50代,1996,
最も好きなお酒(単一回答),ハイボール,年代別(女性),女性50代,1998,
最も好きなお酒(単一回答),ハイボール,年代別(女性),女性50代,2000,
最も好きなお酒(単一回答),ハイボール,年代別(女性),女性50代,2002,
最も好きなお酒(単一回答),ハイボール,年代別(女性),女性50代,2004,
最も好きなお酒(単一回答),ハイボール,年代別(女性),女性50代,2006,
最も好きなお酒(単一回答),ハイボール,年代別(女性),女性50代,2008,
最も好きなお酒(単一回答),ハイボール,年代別(女性),女性50代,2010,
最も好きなお酒(単一回答),ハイボール,年代別(女性),女性50代,2012,
最も好きなお酒(単一回答),ハイボール,年代別(女性),女性50代,2014,
最も好きなお酒(単一回答),ハイボール,年代別(女性),女性50代,2016,0.6
最も好きなお酒(単一回答),ハイボール,年代別(女性),女性50代,2018,2.9
最も好きなお酒(単一回答),ハイボール,年代別(女性),女性50代,2020,3.3
最も好きなお酒(単一回答),ハイボール,年代別(女性),女性50代,2022,3.3
最も好きなお酒(単一回答),ハイボール,年代別(女性),女性50代,2024,6.1
最も好きなお酒(単一回答),ハイボール,年代別(女性),女性60代,1992,
最も好きなお酒(単一回答),ハイボール,年代別(女性),女性60代,1994,
最も好きなお酒(単一回答),ハイボール,年代別(女性),女性60代,1996,
最も好きなお酒(単一回答),ハイボール,年代別(女性),女性60代,1998,
最も好きなお酒(単一回答),ハイボール,年代別(女性),女性60代,2000,
最も好きなお酒(単一回答),ハイボール,年代別(女性),女性60代,2002,
最も好きなお酒(単一回答),ハイボール,年代別(女性),女性60代,2004,
最も好きなお酒(単一回答),ハイボール,年代別(女性),女性60代,2006,
最も好きなお酒(単一回答),ハイボール,年代別(女性),女性60代,2008,
最も好きなお酒(単一回答),ハイボール,年代別(女性),女性60代,2010,
最も好きなお酒(単一回答),ハイボール,年代別(女性),女性60代,2012,
最も好きなお酒(単一回答),ハイボール,年代別(女性),女性60代,2014,
最も好きなお酒(単一回答),ハイボール,年代別(女性),女性60代,2016,1.3
最も好きなお酒(単一回答),ハイボール,年代別(女性),女性60代,2018,1.3
最も好きなお酒(単一回答),ハイボール,年代別(女性),女性60代,2020,0.8
最も好きなお酒(単一回答),ハイボール,年代別(女性),女性60代,2022,4.8
最も好きなお酒(単一回答),ハイボール,年代別(女性),女性60代,2024,4.4
最も好きなお酒(単一回答),ハイボール,地域別,首都圏,1992,
最も好きなお酒(単一回答),ハイボール,地域別,首都圏,1994,
最も好きなお酒(単一回答),ハイボール,地域別,首都圏,1996,
最も好きなお酒(単一回答),ハイボール,地域別,首都圏,1998,
最も好きなお酒(単一回答),ハイボール,地域別,首都圏,2000,
最も好きなお酒(単一回答),ハイボール,地域別,首都圏,2002,
最も好きなお酒(単一回答),ハイボール,地域別,首都圏,2004,
最も好きなお酒(単一回答),ハイボール,地域別,首都圏,2006,
最も好きなお酒(単一回答),ハイボール,地域別,首都圏,2008,
最も好きなお酒(単一回答),ハイボール,地域別,首都圏,2010,
最も好きなお酒(単一回答),ハイボール,地域別,首都圏,2012,
最も好きなお酒(単一回答),ハイボール,地域別,首都圏,2014,
最も好きなお酒(単一回答),ハイボール,地域別,首都圏,2016,3.5
最も好きなお酒(単一回答),ハイボール,地域別,首都圏,2018,4.0
最も好きなお酒(単一回答),ハイボール,地域別,首都圏,2020,4.8
最も好きなお酒(単一回答),ハイボール,地域別,首都圏,2022,6.5
最も好きなお酒(単一回答),ハイボール,地域別,首都圏,2024,7.9
最も好きなお酒(単一回答),ハイボール,地域別,阪神圏,1992,
最も好きなお酒(単一回答),ハイボール,地域別,阪神圏,1994,
最も好きなお酒(単一回答),ハイボール,地域別,阪神圏,1996,
最も好きなお酒(単一回答),ハイボール,地域別,阪神圏,1998,
最も好きなお酒(単一回答),ハイボール,地域別,阪神圏,2000,
最も好きなお酒(単一回答),ハイボール,地域別,阪神圏,2002,
最も好きなお酒(単一回答),ハイボール,地域別,阪神圏,2004,
最も好きなお酒(単一回答),ハイボール,地域別,阪神圏,2006,
最も好きなお酒(単一回答),ハイボール,地域別,阪神圏,2008,
最も好きなお酒(単一回答),ハイボール,地域別,阪神圏,2010,
最も好きなお酒(単一回答),ハイボール,地域別,阪神圏,2012,
最も好きなお酒(単一回答),ハイボール,地域別,阪神圏,2014,
最も好きなお酒(単一回答),ハイボール,地域別,阪神圏,2016,2.1
最も好きなお酒(単一回答),ハイボール,地域別,阪神圏,2018,5.7
最も好きなお酒(単一回答),ハイボール,地域別,阪神圏,2020,5.4
最も好きなお酒(単一回答),ハイボール,地域別,阪神圏,2022,6.3
最も好きなお酒(単一回答),ハイボール,地域別,阪神圏,2024,9.4
最も好きなお酒(単一回答),その他,全体,全体,1992,
最も好きなお酒(単一回答),その他,全体,全体,1994,
最も好きなお酒(単一回答),その他,全体,全体,1996,
最も好きなお酒(単一回答),その他,全体,全体,1998,
最も好きなお酒(単一回答),その他,全体,全体,2000,
最も好きなお酒(単一回答),その他,全体,全体,2002,
最も好きなお酒(単一回答),その他,全体,全体,2004,
最も好きなお酒(単一回答),その他,全体,全体,2006,
最も好きなお酒(単一回答),その他,全体,全体,2008,
最も好きなお酒(単一回答),その他,全体,全体,2010,
最も好きなお酒(単一回答),その他,全体,全体,2012,
最も好きなお酒(単一回答),その他,全体,全体,2014,
最も好きなお酒(単一回答),その他,全体,全体,2016,1.0
最も好きなお酒(単一回答),その他,全体,全体,2018,0.3
最も好きなお酒(単一回答),その他,全体,全体,2020,0.9
最も好きなお酒(単一回答),その他,全体,全体,2022,0.9
最も好きなお酒(単一回答),その他,全体,全体,2024,0.6
最も好きなお酒(単一回答),その他,男女別,男性,1992,
最も好きなお酒(単一回答),その他,男女別,男性,1994,
最も好きなお酒(単一回答),その他,男女別,男性,1996,
最も好きなお酒(単一回答),その他,男女別,男性,1998,
最も好きなお酒(単一回答),その他,男女別,男性,2000,
最も好きなお酒(単一回答),その他,男女別,男性,2002,
最も好きなお酒(単一回答),その他,男女別,男性,2004,
最も好きなお酒(単一回答),その他,男女別,男性,2006,
最も好きなお酒(単一回答),その他,男女別,男性,2008,
最も好きなお酒(単一回答),その他,男女別,男性,2010,
最も好きなお酒(単一回答),その他,男女別,男性,2012,
最も好きなお酒(単一回答),その他,男女別,男性,2014,
最も好きなお酒(単一回答),その他,男女別,男性,2016,0.8
最も好きなお酒(単一回答),その他,男女別,男性,2018,0.2
最も好きなお酒(単一回答),その他,男女別,男性,2020,0.8
最も好きなお酒(単一回答),その他,男女別,男性,2022,0.2
最も好きなお酒(単一回答),その他,男女別,男性,2024,0.8
最も好きなお酒(単一回答),その他,男女別,女性,1992,
最も好きなお酒(単一回答),その他,男女別,女性,1994,
最も好きなお酒(単一回答),その他,男女別,女性,1996,
最も好きなお酒(単一回答),その他,男女別,女性,1998,
最も好きなお酒(単一回答),その他,男女別,女性,2000,
最も好きなお酒(単一回答),その他,男女別,女性,2002,
最も好きなお酒(単一回答),その他,男女別,女性,2004,
最も好きなお酒(単一回答),その他,男女別,女性,2006,
最も好きなお酒(単一回答),その他,男女別,女性,2008,
最も好きなお酒(単一回答),その他,男女別,女性,2010,
最も好きなお酒(単一回答),その他,男女別,女性,2012,
最も好きなお酒(単一回答),その他,男女別,女性,2014,
最も好きなお酒(単一回答),その他,男女別,女性,2016,1.3
最も好きなお酒(単一回答),その他,男女別,女性,2018,0.6
最も好きなお酒(単一回答),その他,男女別,女性,2020,1.0
最も好きなお酒(単一回答),その他,男女別,女性,2022,1.7
最も好きなお酒(単一回答),その他,男女別,女性,2024,0.4
最も好きなお酒(単一回答),その他,年代別,20代,1992,
最も好きなお酒(単一回答),その他,年代別,20代,1994,
最も好きなお酒(単一回答),その他,年代別,20代,1996,
最も好きなお酒(単一回答),その他,年代別,20代,1998,
最も好きなお酒(単一回答),その他,年代別,20代,2000,
最も好きなお酒(単一回答),その他,年代別,20代,2002,
最も好きなお酒(単一回答),その他,年代別,20代,2004,
最も好きなお酒(単一回答),その他,年代別,20代,2006,
最も好きなお酒(単一回答),その他,年代別,20代,2008,
最も好きなお酒(単一回答),その他,年代別,20代,2010,
最も好きなお酒(単一回答),その他,年代別,20代,2012,
最も好きなお酒(単一回答),その他,年代別,20代,2014,
最も好きなお酒(単一回答),その他,年代別,20代,2016,1.4
最も好きなお酒(単一回答),その他,年代別,20代,2018,0.3
最も好きなお酒(単一回答),その他,年代別,20代,2020,1.0
最も好きなお酒(単一回答),その他,年代別,20代,2022,0.6
最も好きなお酒(単一回答),その他,年代別,20代,2024,0.4
最も好きなお酒(単一回答),その他,年代別,30代,1992,
最も好きなお酒(単一回答),その他,年代別,30代,1994,
最も好きなお酒(単一回答),その他,年代別,30代,1996,
最も好きなお酒(単一回答),その他,年代別,30代,1998,
最も好きなお酒(単一回答),その他,年代別,30代,2000,
最も好きなお酒(単一回答),その他,年代別,30代,2002,
最も好きなお酒(単一回答),その他,年代別,30代,2004,
最も好きなお酒(単一回答),その他,年代別,30代,2006,
最も好きなお酒(単一回答),その他,年代別,30代,2008,
最も好きなお酒(単一回答),その他,年代別,30代,2010,
最も好きなお酒(単一回答),その他,年代別,30代,2012,
最も好きなお酒(単一回答),その他,年代別,30代,2014,
最も好きなお酒(単一回答),その他,年代別,30代,2016,1.4
最も好きなお酒(単一回答),その他,年代別,30代,2018,0.0
最も好きなお酒(単一回答),その他,年代別,30代,2020,0.6
最も好きなお酒(単一回答),その他,年代別,30代,2022,0.8
最も好きなお酒(単一回答),その他,年代別,30代,2024,0.7
最も好きなお酒(単一回答),その他,年代別,40代,1992,
最も好きなお酒(単一回答),その他,年代別,40代,1994,
最も好きなお酒(単一回答),その他,年代別,40代,1996,
最も好きなお酒(単一回答),その他,年代別,40代,1998,
最も好きなお酒(単一回答),その他,年代別,40代,2000,
最も好きなお酒(単一回答),その他,年代別,40代,2002,
最も好きなお酒(単一回答),その他,年代別,40代,2004,
最も好きなお酒(単一回答),その他,年代別,40代,2006,
最も好きなお酒(単一回答),その他,年代別,40代,2008,
最も好きなお酒(単一回答),その他,年代別,40代,2010,
最も好きなお酒(単一回答),その他,年代別,40代,2012,
最も好きなお酒(単一回答),その他,年代別,40代,2014,
最も好きなお酒(単一回答),その他,年代別,40代,2016,0.7
最も好きなお酒(単一回答),その他,年代別,40代,2018,0.2
最も好きなお酒(単一回答),その他,年代別,40代,2020,1.5
最も好きなお酒(単一回答),その他,年代別,40代,2022,1.0
最も好きなお酒(単一回答),その他,年代別,40代,2024,0.5
最も好きなお酒(単一回答),その他,年代別,50代,1992,
最も好きなお酒(単一回答),その他,年代別,50代,1994,
最も好きなお酒(単一回答),その他,年代別,50代,1996,
最も好きなお酒(単一回答),その他,年代別,50代,1998,
最も好きなお酒(単一回答),その他,年代別,50代,2000,
最も好きなお酒(単一回答),その他,年代別,50代,2002,
最も好きなお酒(単一回答),その他,年代別,50代,2004,
最も好きなお酒(単一回答),その他,年代別,50代,2006,
最も好きなお酒(単一回答),その他,年代別,50代,2008,
最も好きなお酒(単一回答),その他,年代別,50代,2010,
最も好きなお酒(単一回答),その他,年代別,50代,2012,
最も好きなお酒(単一回答),その他,年代別,50代,2014,
最も好きなお酒(単一回答),その他,年代別,50代,2016,1.5
最も好きなお酒(単一回答),その他,年代別,50代,2018,1.0
最も好きなお酒(単一回答),その他,年代別,50代,2020,0.7
最も好きなお酒(単一回答),その他,年代別,50代,2022,1.0
最も好きなお酒(単一回答),その他,年代別,50代,2024,1.0
最も好きなお酒(単一回答),その他,年代別,60代,1992,
最も好きなお酒(単一回答),その他,年代別,60代,1994,
最も好きなお酒(単一回答),その他,年代別,60代,1996,
最も好きなお酒(単一回答),その他,年代別,60代,1998,
最も好きなお酒(単一回答),その他,年代別,60代,2000,
最も好きなお酒(単一回答),その他,年代別,60代,2002,
最も好きなお酒(単一回答),その他,年代別,60代,2004,
最も好きなお酒(単一回答),その他,年代別,60代,2006,
最も好きなお酒(単一回答),その他,年代別,60代,2008,
最も好きなお酒(単一回答),その他,年代別,60代,2010,
最も好きなお酒(単一回答),その他,年代別,60代,2012,
最も好きなお酒(単一回答),その他,年代別,60代,2014,
最も好きなお酒(単一回答),その他,年代別,60代,2016,0.2
最も好きなお酒(単一回答),その他,年代別,60代,2018,0.3
最も好きなお酒(単一回答),その他,年代別,60代,2020,0.3
最も好きなお酒(単一回答),その他,年代別,60代,2022,0.9
最も好きなお酒(単一回答),その他,年代別,60代,2024,0.4
最も好きなお酒(単一回答),その他,年代別(男性),男性20代,1992,
最も好きなお酒(単一回答),その他,年代別(男性),男性20代,1994,
最も好きなお酒(単一回答),その他,年代別(男性),男性20代,1996,
最も好きなお酒(単一回答),その他,年代別(男性),男性20代,1998,
最も好きなお酒(単一回答),その他,年代別(男性),男性20代,2000,
最も好きなお酒(単一回答),その他,年代別(男性),男性20代,2002,
最も好きなお酒(単一回答),その他,年代別(男性),男性20代,2004,
最も好きなお酒(単一回答),その他,年代別(男性),男性20代,2006,
最も好きなお酒(単一回答),その他,年代別(男性),男性20代,2008,
最も好きなお酒(単一回答),その他,年代別(男性),男性20代,2010,
最も好きなお酒(単一回答),その他,年代別(男性),男性20代,2012,
最も好きなお酒(単一回答),その他,年代別(男性),男性20代,2014,
最も好きなお酒(単一回答),その他,年代別(男性),男性20代,2016,1.6
最も好きなお酒(単一回答),その他,年代別(男性),男性20代,2018,0.0
最も好きなお酒(単一回答),その他,年代別(男性),男性20代,2020,1.3
最も好きなお酒(単一回答),その他,年代別(男性),男性20代,2022,0.6
最も好きなお酒(単一回答),その他,年代別(男性),男性20代,2024,0.6
最も好きなお酒(単一回答),その他,年代別(男性),男性30代,1992,
最も好きなお酒(単一回答),その他,年代別(男性),男性30代,1994,
最も好きなお酒(単一回答),その他,年代別(男性),男性30代,1996,
最も好きなお酒(単一回答),その他,年代別(男性),男性30代,1998,
最も好きなお酒(単一回答),その他,年代別(男性),男性30代,2000,
最も好きなお酒(単一回答),その他,年代別(男性),男性30代,2002,
最も好きなお酒(単一回答),その他,年代別(男性),男性30代,2004,
最も好きなお酒(単一回答),その他,年代別(男性),男性30代,2006,
最も好きなお酒(単一回答),その他,年代別(男性),男性30代,2008,
最も好きなお酒(単一回答),その他,年代別(男性),男性30代,2010,
最も好きなお酒(単一回答),その他,年代別(男性),男性30代,2012,
最も好きなお酒(単一回答),その他,年代別(男性),男性30代,2014,
最も好きなお酒(単一回答),その他,年代別(男性),男性30代,2016,1.2
最も好きなお酒(単一回答),その他,年代別(男性),男性30代,2018,0.0
最も好きなお酒(単一回答),その他,年代別(男性),男性30代,2020,1.1
最も好きなお酒(単一回答),その他,年代別(男性),男性30代,2022,0.0
最も好きなお酒(単一回答),その他,年代別(男性),男性30代,2024,1.2
最も好きなお酒(単一回答),その他,年代別(男性),男性40代,1992,
最も好きなお酒(単一回答),その他,年代別(男性),男性40代,1994,
最も好きなお酒(単一回答),その他,年代別(男性),男性40代,1996,
最も好きなお酒(単一回答),その他,年代別(男性),男性40代,1998,
最も好きなお酒(単一回答),その他,年代別(男性),男性40代,2000,
最も好きなお酒(単一回答),その他,年代別(男性),男性40代,2002,
最も好きなお酒(単一回答),その他,年代別(男性),男性40代,2004,
最も好きなお酒(単一回答),その他,年代別(男性),男性40代,2006,
最も好きなお酒(単一回答),その他,年代別(男性),男性40代,2008,
最も好きなお酒(単一回答),その他,年代別(男性),男性40代,2010,
最も好きなお酒(単一回答),その他,年代別(男性),男性40代,2012,
最も好きなお酒(単一回答),その他,年代別(男性),男性40代,2014,
最も好きなお酒(単一回答),その他,年代別(男性),男性40代,2016,0.0
最も好きなお酒(単一回答),その他,年代別(男性),男性40代,2018,0.3
最も好きなお酒(単一回答),その他,年代別(男性),男性40代,2020,1.2
最も好きなお酒(単一回答),その他,年代別(男性),男性40代,2022,0.0
最も好きなお酒(単一回答),その他,年代別(男性),男性40代,2024,0.5
最も好きなお酒(単一回答),その他,年代別(男性),男性50代,1992,
最も好きなお酒(単一回答),その他,年代別(男性),男性50代,1994,
最も好きなお酒(単一回答),その他,年代別(男性),男性50代,1996,
最も好きなお酒(単一回答),その他,年代別(男性),男性50代,1998,
最も好きなお酒(単一回答),その他,年代別(男性),男性50代,2000,
最も好きなお酒(単一回答),その他,年代別(男性),男性50代,2002,
最も好きなお酒(単一回答),その他,年代別(男性),男性50代,2004,
最も好きなお酒(単一回答),その他,年代別(男性),男性50代,2006,
最も好きなお酒(単一回答),その他,年代別(男性),男性50代,2008,
最も好きなお酒(単一回答),その他,年代別(男性),男性50代,2010,
最も好きなお酒(単一回答),その他,年代別(男性),男性50代,2012,
最も好きなお酒(単一回答),その他,年代別(男性),男性50代,2014,
最も好きなお酒(単一回答),その他,年代別(男性),男性50代,2016,1.2
最も好きなお酒(単一回答),その他,年代別(男性),男性50代,2018,0.4
最も好きなお酒(単一回答),その他,年代別(男性),男性50代,2020,0.5
最も好きなお酒(単一回答),その他,年代別(男性),男性50代,2022,0.0
最も好きなお酒(単一回答),その他,年代別(男性),男性50代,2024,0.8
最も好きなお酒(単一回答),その他,年代別(男性),男性60代,1992,
最も好きなお酒(単一回答),その他,年代別(男性),男性60代,1994,
最も好きなお酒(単一回答),その他,年代別(男性),男性60代,1996,
最も好きなお酒(単一回答),その他,年代別(男性),男性60代,1998,
最も好きなお酒(単一回答),その他,年代別(男性),男性60代,2000,
最も好きなお酒(単一回答),その他,年代別(男性),男性60代,2002,
最も好きなお酒(単一回答),その他,年代別(男性),男性60代,2004,
最も好きなお酒(単一回答),その他,年代別(男性),男性60代,2006,
最も好きなお酒(単一回答),その他,年代別(男性),男性60代,2008,
最も好きなお酒(単一回答),その他,年代別(男性),男性60代,2010,
最も好きなお酒(単一回答),その他,年代別(男性),男性60代,2012,
最も好きなお酒(単一回答),その他,年代別(男性),男性60代,2014,
最も好きなお酒(単一回答),その他,年代別(男性),男性60代,2016,0.4
最も好きなお酒(単一回答),その他,年代別(男性),男性60代,2018,0.0
最も好きなお酒(単一回答),その他,年代別(男性),男性60代,2020,0.0
最も好きなお酒(単一回答),その他,年代別(男性),男性60代,2022,0.5
最も好きなお酒(単一回答),その他,年代別(男性),男性60代,2024,0.6
最も好きなお酒(単一回答),その他,年代別(女性),女性20代,1992,
最も好きなお酒(単一回答),その他,年代別(女性),女性20代,1994,
最も好きなお酒(単一回答),その他,年代別(女性),女性20代,1996,
最も好きなお酒(単一回答),その他,年代別(女性),女性20代,1998,
最も好きなお酒(単一回答),その他,年代別(女性),女性20代,2000,
最も好きなお酒(単一回答),その他,年代別(女性),女性20代,2002,
最も好きなお酒(単一回答),その他,年代別(女性),女性20代,2004,
最も好きなお酒(単一回答),その他,年代別(女性),女性20代,2006,
最も好きなお酒(単一回答),その他,年代別(女性),女性20代,2008,
最も好きなお酒(単一回答),その他,年代別(女性),女性20代,2010,
最も好きなお酒(単一回答),その他,年代別(女性),女性20代,2012,
最も好きなお酒(単一回答),その他,年代別(女性),女性20代,2014,
最も好きなお酒(単一回答),その他,年代別(女性),女性20代,2016,1.2
最も好きなお酒(単一回答),その他,年代別(女性),女性20代,2018,0.6
最も好きなお酒(単一回答),その他,年代別(女性),女性20代,2020,0.8
最も好きなお酒(単一回答),その他,年代別(女性),女性20代,2022,0.6
最も好きなお酒(単一回答),その他,年代別(女性),女性20代,2024,0.0
最も好きなお酒(単一回答),その他,年代別(女性),女性30代,1992,
最も好きなお酒(単一回答),その他,年代別(女性),女性30代,1994,
最も好きなお酒(単一回答),その他,年代別(女性),女性30代,1996,
最も好きなお酒(単一回答),その他,年代別(女性),女性30代,1998,
最も好きなお酒(単一回答),その他,年代別(女性),女性30代,2000,
最も好きなお酒(単一回答),その他,年代別(女性),女性30代,2002,
最も好きなお酒(単一回答),その他,年代別(女性),女性30代,2004,
最も好きなお酒(単一回答),その他,年代別(女性),女性30代,2006,
最も好きなお酒(単一回答),その他,年代別(女性),女性30代,2008,
最も好きなお酒(単一回答),その他,年代別(女性),女性30代,2010,
最も好きなお酒(単一回答),その他,年代別(女性),女性30代,2012,
最も好きなお酒(単一回答),その他,年代別(女性),女性30代,2014,
最も好きなお酒(単一回答),その他,年代別(女性),女性30代,2016,1.6
最も好きなお酒(単一回答),その他,年代別(女性),女性30代,2018,0.0
最も好きなお酒(単一回答),その他,年代別(女性),女性30代,2020,0.0
最も好きなお酒(単一回答),その他,年代別(女性),女性30代,2022,1.8
最も好きなお酒(単一回答),その他,年代別(女性),女性30代,2024,0.0
最も好きなお酒(単一回答),その他,年代別(女性),女性40代,1992,
最も好きなお酒(単一回答),その他,年代別(女性),女性40代,1994,
最も好きなお酒(単一回答),その他,年代別(女性),女性40代,1996,
最も好きなお酒(単一回答),その他,年代別(女性),女性40代,1998,
最も好きなお酒(単一回答),その他,年代別(女性),女性40代,2000,
最も好きなお酒(単一回答),その他,年代別(女性),女性40代,2002,
最も好きなお酒(単一回答),その他,年代別(女性),女性40代,2004,
最も好きなお酒(単一回答),その他,年代別(女性),女性40代,2006,
最も好きなお酒(単一回答),その他,年代別(女性),女性40代,2008,
最も好きなお酒(単一回答),その他,年代別(女性),女性40代,2010,
最も好きなお酒(単一回答),その他,年代別(女性),女性40代,2012,
最も好きなお酒(単一回答),その他,年代別(女性),女性40代,2014,
最も好きなお酒(単一回答),その他,年代別(女性),女性40代,2016,1.6
最も好きなお酒(単一回答),その他,年代別(女性),女性40代,2018,0.0
最も好きなお酒(単一回答),その他,年代別(女性),女性40代,2020,1.9
最も好きなお酒(単一回答),その他,年代別(女性),女性40代,2022,2.2
最も好きなお酒(単一回答),その他,年代別(女性),女性40代,2024,0.6
最も好きなお酒(単一回答),その他,年代別(女性),女性50代,1992,
最も好きなお酒(単一回答),その他,年代別(女性),女性50代,1994,
最も好きなお酒(単一回答),その他,年代別(女性),女性50代,1996,
最も好きなお酒(単一回答),その他,年代別(女性),女性50代,1998,
最も好きなお酒(単一回答),その他,年代別(女性),女性50代,2000,
最も好きなお酒(単一回答),その他,年代別(女性),女性50代,2002,
最も好きなお酒(単一回答),その他,年代別(女性),女性50代,2004,
最も好きなお酒(単一回答),その他,年代別(女性),女性50代,2006,
最も好きなお酒(単一回答),その他,年代別(女性),女性50代,2008,
最も好きなお酒(単一回答),その他,年代別(女性),女性50代,2010,
最も好きなお酒(単一回答),その他,年代別(女性),女性50代,2012,
最も好きなお酒(単一回答),その他,年代別(女性),女性50代,2014,
最も好きなお酒(単一回答),その他,年代別(女性),女性50代,2016,1.8
最も好きなお酒(単一回答),その他,年代別(女性),女性50代,2018,1.7
最も好きなお酒(単一回答),その他,年代別(女性),女性50代,2020,1.1
最も好きなお酒(単一回答),その他,年代別(女性),女性50代,2022,2.3
最も好きなお酒(単一回答),その他,年代別(女性),女性50代,2024,1.1
最も好きなお酒(単一回答),その他,年代別(女性),女性60代,1992,
最も好きなお酒(単一回答),その他,年代別(女性),女性60代,1994,
最も好きなお酒(単一回答),その他,年代別(女性),女性60代,1996,
最も好きなお酒(単一回答),その他,年代別(女性),女性60代,1998,
最も好きなお酒(単一回答),その他,年代別(女性),女性60代,2000,
最も好きなお酒(単一回答),その他,年代別(女性),女性60代,2002,
最も好きなお酒(単一回答),その他,年代別(女性),女性60代,2004,
最も好きなお酒(単一回答),その他,年代別(女性),女性60代,2006,
最も好きなお酒(単一回答),その他,年代別(女性),女性60代,2008,
最も好きなお酒(単一回答),その他,年代別(女性),女性60代,2010,
最も好きなお酒(単一回答),その他,年代別(女性),女性60代,2012,
最も好きなお酒(単一回答),その他,年代別(女性),女性60代,2014,
最も好きなお酒(単一回答),その他,年代別(女性),女性60代,2016,0.0
最も好きなお酒(単一回答),その他,年代別(女性),女性60代,2018,0.7
最も好きなお酒(単一回答),その他,年代別(女性),女性60代,2020,0.8
最も好きなお酒(単一回答),その他,年代別(女性),女性60代,2022,1.4
最も好きなお酒(単一回答),その他,年代別(女性),女性60代,2024,0.0
最も好きなお酒(単一回答),その他,地域別,首都圏,1992,
最も好きなお酒(単一回答),その他,地域別,首都圏,1994,
最も好きなお酒(単一回答),その他,地域別,首都圏,1996,
最も好きなお酒(単一回答),その他,地域別,首都圏,1998,
最も好きなお酒(単一回答),その他,地域別,首都圏,2000,
最も好きなお酒(単一回答),その他,地域別,首都圏,2002,
最も好きなお酒(単一回答),その他,地域別,首都圏,2004,
最も好きなお酒(単一回答),その他,地域別,首都圏,2006,
最も好きなお酒(単一回答),その他,地域別,首都圏,2008,
最も好きなお酒(単一回答),その他,地域別,首都圏,2010,
最も好きなお酒(単一回答),その他,地域別,首都圏,2012,
最も好きなお酒(単一回答),その他,地域別,首都圏,2014,
最も好きなお酒(単一回答),その他,地域別,首都圏,2016,1.1
最も好きなお酒(単一回答),その他,地域別,首都圏,2018,0.4
最も好きなお酒(単一回答),その他,地域別,首都圏,2020,0.9
最も好きなお酒(単一回答),その他,地域別,首都圏,2022,0.8
最も好きなお酒(単一回答),その他,地域別,首都圏,2024,0.7
最も好きなお酒(単一回答),その他,地域別,阪神圏,1992,
最も好きなお酒(単一回答),その他,地域別,阪神圏,1994,
最も好きなお酒(単一回答),その他,地域別,阪神圏,1996,
最も好きなお酒(単一回答),その他,地域別,阪神圏,1998,
最も好きなお酒(単一回答),その他,地域別,阪神圏,2000,
最も好きなお酒(単一回答),その他,地域別,阪神圏,2002,
最も好きなお酒(単一回答),その他,地域別,阪神圏,2004,
最も好きなお酒(単一回答),その他,地域別,阪神圏,2006,
最も好きなお酒(単一回答),その他,地域別,阪神圏,2008,
最も好きなお酒(単一回答),その他,地域別,阪神圏,2010,
最も好きなお酒(単一回答),その他,地域別,阪神圏,2012,
最も好きなお酒(単一回答),その他,地域別,阪神圏,2014,
最も好きなお酒(単一回答),その他,地域別,阪神圏,2016,0.7
最も好きなお酒(単一回答),その他,地域別,阪神圏,2018,0.2
最も好きなお酒(単一回答),その他,地域別,阪神圏,2020,1.0
最も好きなお酒(単一回答),その他,地域別,阪神圏,2022,0.9
最も好きなお酒(単一回答),その他,地域別,阪神圏,2024,0.4
